record_id,source_id,timestamp_ms,original_index
2489483010,19853934,1420092547000,0
2489491470,19853934,1420094183000,1
2489492778,19853934,1420094467000,2
2489659077,25719782,1420125435000,3
2489659667,25719782,1420125517000,4
2489744047,25719782,1420136334000,5
2489749948,25719782,1420137075000,6
2489651051,28671719,1420124401000,7
2489741608,28671719,1420135996000,8
2489826759,28671719,1420146674000,9
2489481715,28647146,1420092306000,10
2489482602,28647146,1420092484000,11
2489483193,28647146,1420092573000,12
2489484897,28647146,1420092837000,13
2489485747,28647146,1420092966000,14
2489529716,28647146,1420102829000,15
2489530164,28647146,1420102920000,16
2489535091,28647146,1420104001000,17
2489535686,28647146,1420104132000,18
2489836801,28647146,1420147928000,19
2489754982,23865948,1420137720000,20
2489756727,23865948,1420137928000,21
2489842812,23865948,1420148635000,22
2489376806,28666633,1420071391000,23
2489735093,28323209,1420135218000,24
2489736636,28323209,1420135416000,25
2489738867,28323209,1420135667000,26
2489660009,28688955,1420125564000,27
2489382342,3435671,1420072108000,28
2489391112,3435671,1420073309000,29
2489533891,26078641,1420103728000,30
2489539685,26078641,1420104968000,31
2489600215,28686472,1420116685000,32
2489600955,28686472,1420116805000,33
2489601879,28686472,1420116949000,34
2489594690,27335510,1420115689000,35
2489533592,11784156,1420103668000,36
2489756714,28692864,1420137927000,37
2489741304,28269953,1420135953000,38
2489744711,28269953,1420136413000,39
2489744768,28269953,1420136420000,40
2489531228,28529682,1420103136000,41
2489439933,28679637,1420081894000,42
2489742503,28679637,1420136126000,43
2489825158,28679637,1420146468000,44
2489825190,28679637,1420146475000,45
2489838000,28679637,1420148069000,46
2489671032,8684153,1420126989000,47
2489678111,8684153,1420127900000,48
2489678112,8684153,1420127900000,49
2489660774,28672272,1420125677000,50
2489661393,28672272,1420125765000,51
2489665121,28672272,1420126248000,52
2489665659,28672272,1420126317000,53
2489666357,28672272,1420126407000,54
2489670651,28672272,1420126943000,55
2489671678,28672272,1420127072000,56
2489592635,27874078,1420115307000,57
2489592751,27874078,1420115326000,58
2489600156,27874078,1420116675000,59
2489840052,28696326,1420148314000,60
2489840505,28696326,1420148365000,61
2489739738,8519889,1420135779000,62
2489744353,8519889,1420136369000,63
2489744502,8519889,1420136387000,64
2489744503,8519889,1420136387000,65
2489746479,8519889,1420136635000,66
2489762983,8519889,1420138692000,67
2489485428,26736276,1420092917000,68
2489484651,28505607,1420092803000,69
2489485858,28505607,1420092978000,70
2489490536,28505607,1420093983000,71
2489493708,28505607,1420094671000,72
2489842956,22770368,1420148654000,73
2489843017,22770368,1420148661000,74
2489843344,22770368,1420148701000,75
2489844549,22770368,1420148835000,76
2489844554,22770368,1420148836000,77
2489844560,22770368,1420148837000,78
2489599299,1890581,1420116517000,79
2489602631,1890581,1420117080000,80
2489656489,1890581,1420125105000,81
2489757422,1890581,1420138014000,82
2489444038,5397681,1420082893000,83
2489669683,5397681,1420126824000,84
2489369251,28677573,1420070516000,85
2489373073,28677573,1420070947000,86
2489373432,28677573,1420070997000,87
2489374317,28677573,1420071103000,88
2489376976,28677573,1420071407000,89
2489376979,28677573,1420071407000,90
2489530535,27088364,1420102989000,91
2489530823,27088364,1420103050000,92
2489531976,27088364,1420103302000,93
2489533171,27088364,1420103563000,94
2489595848,28686309,1420115891000,95
2489601105,28686309,1420116830000,96
2489370997,28677357,1420070710000,97
2489391614,28677357,1420073384000,98
2489598248,28686396,1420116340000,99
2489598250,28686396,1420116340000,100
2489529664,28658036,1420102821000,101
2489529837,28658036,1420102850000,102
2489529841,28658036,1420102850000,103
2489587512,28658036,1420114473000,104
2489587770,28658036,1420114522000,105
2489589488,28658036,1420114838000,106
2489589490,28658036,1420114839000,107
2489677697,7308204,1420127850000,108
2489677698,7308204,1420127850000,109
2489369523,28495174,1420070539000,110
2489376506,28495174,1420071356000,111
2489437828,28133109,1420081425000,112
2489545419,28133109,1420106239000,113
2489591013,28133109,1420114994000,114
2489486876,164330,1420093231000,115
2489486880,164330,1420093232000,116
2489825583,28695716,1420146531000,117
2489829932,28695716,1420147069000,118
2489830790,28695716,1420147185000,119
2489596582,9996255,1420116028000,120
2489741857,9996255,1420136031000,121
2489751533,9996255,1420137298000,122
2489443006,28678541,1420082633000,123
2489443375,28678541,1420082730000,124
2489536031,28179077,1420104205000,125
2489545283,28179077,1420106204000,126
2489545926,28179077,1420106355000,127
2489482403,6379330,1420092449000,128
2489592834,28644098,1420115342000,129
2489665006,28644098,1420126232000,130
2489659389,27195144,1420125474000,131
2489659537,27195144,1420125496000,132
2489755469,28692814,1420137772000,133
2489759619,28692814,1420138285000,134
2489763074,28692814,1420138704000,135
2489542043,21850736,1420105477000,136
2489542733,21850736,1420105625000,137
2489545380,21850736,1420106233000,138
2489655899,10972396,1420125032000,139
2489658145,10972396,1420125324000,140
2489481020,28681358,1420092153000,141
2489482523,28681358,1420092472000,142
2489483068,28681358,1420092557000,143
2489483787,28681358,1420092662000,144
2489484262,28681358,1420092747000,145
2489484710,28681358,1420092813000,146
2489485626,28681358,1420092949000,147
2489485932,28681358,1420093001000,148
2489530696,28437998,1420103021000,149
2489531093,28437998,1420103107000,150
2489535595,28437998,1420104114000,151
2489535647,28437998,1420104126000,152
2489584302,28685866,1420113889000,153
2489584380,28685866,1420113901000,154
2489598963,28685866,1420116454000,155
2489444153,28625325,1420082925000,156
2489446449,28625325,1420083479000,157
2489822568,28695527,1420146160000,158
2489543711,28284521,1420105848000,159
2489544297,28284521,1420105970000,160
2489392900,28678122,1420073563000,161
2489394975,28678122,1420073879000,162
2489825268,28543041,1420146488000,163
2489827217,28543041,1420146731000,164
2489392066,28660389,1420073450000,165
2489531388,28660389,1420103174000,166
2489589106,28660389,1420114768000,167
2489543637,28684227,1420105833000,168
2489543737,28684227,1420105855000,169
2489373994,28677419,1420071070000,170
2489443149,28677419,1420082676000,171
2489737680,28677419,1420135539000,172
2489482514,28665320,1420092470000,173
2489482945,28665320,1420092537000,174
2489533690,28499683,1420103688000,175
2489536494,28499683,1420104305000,176
2489537999,28499683,1420104630000,177
2489450326,10136075,1420084435000,178
2489450850,10136075,1420084583000,179
2489451339,10136075,1420084711000,180
2489599568,28622975,1420116565000,181
2489603141,24749319,1420117181000,182
2489821657,24749319,1420146063000,183
2489822586,24749319,1420146162000,184
2489823317,24749319,1420146254000,185
2489823319,24749319,1420146254000,186
2489493485,28681962,1420094625000,187
2489496096,28681962,1420095182000,188
2489496890,28681962,1420095379000,189
2489665063,16821343,1420126241000,190
2489674160,16821343,1420127376000,191
2489736345,16821343,1420135371000,192
2489753232,16821343,1420137513000,193
2489848593,16821343,1420149309000,194
2489540033,12542921,1420105031000,195
2489540041,12542921,1420105032000,196
2489379143,1616665,1420071694000,197
2489368875,28609954,1420070475000,198
2489656373,8165636,1420125091000,199
2489657086,8165636,1420125180000,200
2489659670,8165636,1420125517000,201
2489660271,8165636,1420125607000,202
2489660540,8165636,1420125647000,203
2489665057,8165636,1420126240000,204
2489666862,8165636,1420126474000,205
2489667953,8165636,1420126607000,206
2489845035,8165636,1420148892000,207
2489532066,25458927,1420103317000,208
2489658072,25458927,1420125314000,209
2489662218,25458927,1420125871000,210
2489664390,25458927,1420126151000,211
2489665250,25458927,1420126266000,212
2489368187,18126008,1420070409000,213
2489370943,18126008,1420070705000,214
2489373525,18126008,1420071008000,215
2489376079,18126008,1420071305000,216
2489378459,18126008,1420071607000,217
2489380733,18126008,1420071906000,218
2489743621,27866168,1420136274000,219
2489756327,27866168,1420137881000,220
2489824565,1530481,1420146398000,221
2489826648,1530481,1420146660000,222
2489826866,1530481,1420146688000,223
2489827562,1530481,1420146770000,224
2489827644,1530481,1420146781000,225
2489827646,1530481,1420146781000,226
2489602141,21350025,1420116996000,227
2489602408,21350025,1420117043000,228
2489602413,21350025,1420117043000,229
2489442691,28679750,1420082551000,230
2489443612,28679750,1420082782000,231
2489445803,28679750,1420083326000,232
2489594575,28679750,1420115664000,233
2489595273,28679750,1420115788000,234
2489665303,28679750,1420126273000,235
2489830557,28695379,1420147155000,236
2489832730,28695379,1420147422000,237
2489834006,28695379,1420147580000,238
2489834375,28695379,1420147635000,239
2489834969,28695379,1420147709000,240
2489836706,28695379,1420147918000,241
2489837488,28695379,1420148011000,242
2489839390,28695379,1420148235000,243
2489839510,28695379,1420148249000,244
2489757898,28692921,1420138071000,245
2489758825,28692921,1420138188000,246
2489761645,28692921,1420138540000,247
2489483822,28614556,1420092672000,248
2489532981,28614556,1420103523000,249
2489668226,28674298,1420126642000,250
2489676656,28674298,1420127714000,251
2489587963,18417507,1420114556000,252
2489490506,27266162,1420093973000,253
2489492813,27266162,1420094473000,254
2489445995,27852036,1420083372000,255
2489677231,27852036,1420127787000,256
2489666466,22880779,1420126422000,257
2489667957,22880779,1420126607000,258
2489387248,18080448,1420072770000,259
2489536719,18080448,1420104360000,260
2489836502,18080448,1420147893000,261
2489736619,6319157,1420135411000,262
2489825924,6319157,1420146576000,263
2489661243,28689010,1420125744000,264
2489662487,28689010,1420125906000,265
2489826390,28689010,1420146628000,266
2489659356,11704998,1420125469000,267
2489668572,11704998,1420126686000,268
2489821029,11475498,1420146001000,269
2489821037,11475498,1420146001000,270
2489821043,11475498,1420146002000,271
2489828053,11475498,1420146834000,272
2489828055,11475498,1420146834000,273
2489440168,20549456,1420081947000,274
2489444232,20549456,1420082942000,275
2489387790,5438867,1420072831000,276
2489387813,5438867,1420072832000,277
2489387818,5438867,1420072832000,278
2489388217,5438867,1420072888000,279
2489532303,28593062,1420103377000,280
2489538001,28593062,1420104630000,281
2489538200,28593062,1420104670000,282
2489538202,28593062,1420104670000,283
2489487901,28681709,1420093471000,284
2489490582,28681709,1420093994000,285
2489491980,28681709,1420094281000,286
2489493453,28681709,1420094614000,287
2489495052,28681709,1420094925000,288
2489737716,28692083,1420135541000,289
2489739189,28692083,1420135707000,290
2489842657,24483422,1420148615000,291
2489381382,28379263,1420071987000,292
2489381944,28379263,1420072058000,293
2489824129,28695640,1420146351000,294
2489831134,28695640,1420147227000,295
2489585887,1449991,1420114175000,296
2489595809,1449991,1420115885000,297
2489583128,19268673,1420113675000,298
2489588720,19268673,1420114691000,299
2489596969,19268673,1420116092000,300
2489597043,19268673,1420116105000,301
2489597245,19268673,1420116136000,302
2489830561,13649860,1420147155000,303
2489833698,13649860,1420147547000,304
2489833699,13649860,1420147547000,305
2489833922,13649860,1420147570000,306
2489833923,13649860,1420147570000,307
2489489128,15400220,1420093713000,308
2489490199,15400220,1420093925000,309
2489532220,15400220,1420103356000,310
2489595755,2724167,1420115872000,311
2489599712,2724167,1420116593000,312
2489441581,7530570,1420082265000,313
2489741872,7530570,1420136033000,314
2489746595,7530570,1420136653000,315
2489841750,7530570,1420148510000,316
2489838249,28516166,1420148094000,317
2489840869,28516166,1420148405000,318
2489843628,28516166,1420148736000,319
2489846831,28516166,1420149093000,320
2489384715,1963492,1420072422000,321
2489534791,28683828,1420103925000,322
2489535398,28683828,1420104068000,323
2489652242,28687073,1420124556000,324
2489656848,28687073,1420125157000,325
2489660139,28687073,1420125585000,326
2489594112,28684762,1420115566000,327
2489601971,28684762,1420116967000,328
2489536017,22005301,1420104200000,329
2489536076,22005301,1420104216000,330
2489661292,28260472,1420125753000,331
2489661384,28260472,1420125763000,332
2489661742,28260472,1420125809000,333
2489822255,27920169,1420146129000,334
2489824142,27920169,1420146352000,335
2489828951,23732507,1420146953000,336
2489837708,23732507,1420148035000,337
2489653172,28687507,1420124678000,338
2489657567,28687507,1420125246000,339
2489667952,28687507,1420126607000,340
2489668216,28687507,1420126641000,341
2489671051,28687507,1420126991000,342
2489377946,28671681,1420071536000,343
2489743270,28671681,1420136224000,344
2489743448,28671681,1420136252000,345
2489743564,28671681,1420136268000,346
2489831701,28695964,1420147296000,347
2489835143,28695964,1420147730000,348
2489837352,28695964,1420147993000,349
2489839126,28695964,1420148202000,350
2489845824,28695964,1420148982000,351
2489847688,28695964,1420149204000,352
2489379297,26950307,1420071716000,353
2489379992,26950307,1420071806000,354
2489386782,26950307,1420072697000,355
2489599315,26950307,1420116520000,356
2489486752,11414760,1420093209000,357
2489487712,11414760,1420093424000,358
2489488340,11414760,1420093569000,359
2489534306,11414760,1420103822000,360
2489537845,11414760,1420104608000,361
2489539601,11414760,1420104952000,362
2489540942,11414760,1420105231000,363
2489544683,11414760,1420106063000,364
2489744591,11414760,1420136399000,365
2489669433,28689350,1420126796000,366
2489669787,28689350,1420126837000,367
2489673771,28689350,1420127329000,368
2489583755,26553595,1420113789000,369
2489450841,21205749,1420084580000,370
2489825541,21205749,1420146525000,371
2489825542,21205749,1420146525000,372
2489835257,21205749,1420147742000,373
2489659971,27609372,1420125558000,374
2489663617,27609372,1420126047000,375
2489752641,27609372,1420137432000,376
2489450022,27793122,1420084349000,377
2489450444,27793122,1420084475000,378
2489594467,24067606,1420115642000,379
2489594759,24067606,1420115704000,380
2489594760,24067606,1420115705000,381
2489842193,28696414,1420148560000,382
2489848300,28696414,1420149272000,383
2489601428,28271406,1420116881000,384
2489602084,28271406,1420116985000,385
2489655734,322185,1420125012000,386
2489661657,322185,1420125798000,387
2489380652,9436196,1420071894000,388
2489385616,9436196,1420072543000,389
2489386377,9436196,1420072647000,390
2489392774,9436196,1420073547000,391
2489392777,9436196,1420073547000,392
2489444139,15058586,1420082920000,393
2489444516,15058586,1420083005000,394
2489588779,16320580,1420114703000,395
2489589024,16320580,1420114751000,396
2489540402,21945658,1420105106000,397
2489540403,21945658,1420105107000,398
2489481202,28681434,1420092184000,399
2489481618,28681434,1420092280000,400
2489497319,28681434,1420095482000,401
2489652437,26164184,1420124578000,402
2489654393,26164184,1420124834000,403
2489656114,26164184,1420125060000,404
2489678205,26164184,1420127916000,405
2489657228,28688847,1420125200000,406
2489657589,28688847,1420125249000,407
2489674128,28688847,1420127371000,408
2489759844,28688847,1420138314000,409
2489672960,28167446,1420127228000,410
2489678612,28167446,1420127966000,411
2489822069,27822539,1420146104000,412
2489822269,27822539,1420146129000,413
2489822507,27822539,1420146151000,414
2489848414,26834913,1420149285000,415
2489849082,26834913,1420149364000,416
2489661816,28689028,1420125819000,417
2489665064,28689028,1420126241000,418
2489665098,28689028,1420126245000,419
2489543035,19951534,1420105686000,420
2489544289,19951534,1420105968000,421
2489386034,27456612,1420072596000,422
2489847974,27456612,1420149238000,423
2489545199,28469945,1420106182000,424
2489545482,28469945,1420106256000,425
2489837623,28469945,1420148024000,426
2489735342,28277956,1420135248000,427
2489736052,28277956,1420135335000,428
2489736543,28277956,1420135401000,429
2489736544,28277956,1420135401000,430
2489736715,28277956,1420135426000,431
2489490079,19236908,1420093896000,432
2489539090,19236908,1420104847000,433
2489750576,18486794,1420137162000,434
2489752370,18486794,1420137396000,435
2489753671,18486794,1420137566000,436
2489372216,15718405,1420070843000,437
2489377192,15718405,1420071437000,438
2489385760,15718405,1420072558000,439
2489390262,15718405,1420073186000,440
2489393679,15718405,1420073678000,441
2489542339,28684166,1420105537000,442
2489542341,28684166,1420105538000,443
2489532749,26144596,1420103475000,444
2489533768,26144596,1420103703000,445
2489439379,26961022,1420081780000,446
2489677565,26961022,1420127834000,447
2489670437,28629399,1420126918000,448
2489671114,28629399,1420126999000,449
2489671115,28629399,1420126999000,450
2489835542,28629399,1420147776000,451
2489837602,28629399,1420148022000,452
2489837747,28629399,1420148040000,453
2489380592,18033470,1420071886000,454
2489594390,18033470,1420115624000,455
2489833311,26973029,1420147498000,456
2489673576,28689516,1420127304000,457
2489663562,16888985,1420126040000,458
2489673555,16888985,1420127300000,459
2489674608,18511024,1420127437000,460
2489674609,18511024,1420127437000,461
2489373600,22923251,1420071018000,462
2489446655,22923251,1420083520000,463
2489598995,22923251,1420116459000,464
2489600599,22923251,1420116752000,465
2489601445,22923251,1420116883000,466
2489740324,22923251,1420135839000,467
2489741971,22923251,1420136047000,468
2489741973,22923251,1420136047000,469
2489601508,28686522,1420116894000,470
2489674650,28686522,1420127443000,471
2489662150,21529494,1420125859000,472
2489842003,21529494,1420148537000,473
2489753606,28610799,1420137555000,474
2489757877,28610799,1420138070000,475
2489487283,2965621,1420093309000,476
2489535942,2965621,1420104184000,477
2489749278,2965621,1420136990000,478
2489752101,2965621,1420137363000,479
2489668094,21368198,1420126626000,480
2489846659,21368198,1420149072000,481
2489825741,28569667,1420146550000,482
2489835480,28569667,1420147771000,483
2489488328,28681728,1420093567000,484
2489488623,28681728,1420093620000,485
2489491086,28681728,1420094115000,486
2489491581,28681728,1420094208000,487
2489497500,28682147,1420095532000,488
2489497684,28682147,1420095583000,489
2489661270,5137220,1420125748000,490
2489753076,5137220,1420137488000,491
2489754817,5137220,1420137702000,492
2489669669,27329455,1420126822000,493
2489672022,27329455,1420127118000,494
2489661663,23836872,1420125799000,495
2489751829,23836872,1420137332000,496
2489441262,13066637,1420082188000,497
2489543033,10844319,1420105686000,498
2489544974,10844319,1420106130000,499
2489738582,6331139,1420135637000,500
2489738625,6331139,1420135640000,501
2489651315,28609540,1420124428000,502
2489651967,28609540,1420124517000,503
2489653181,27308146,1420124678000,504
2489658827,27308146,1420125406000,505
2489535510,14877272,1420104095000,506
2489676100,14877272,1420127638000,507
2489677045,27400263,1420127765000,508
2489750911,27400263,1420137212000,509
2489450675,18317669,1420084538000,510
2489530103,18317669,1420102907000,511
2489530789,18317669,1420103042000,512
2489530684,24189210,1420103018000,513
2489663941,24189210,1420126087000,514
2489752712,24189210,1420137442000,515
2489830213,28695904,1420147104000,516
2489831469,28695904,1420147270000,517
2489591196,25928859,1420115035000,518
2489591355,25928859,1420115064000,519
2489487402,28681689,1420093339000,520
2489487457,28681689,1420093354000,521
2489652950,27212560,1420124648000,522
2489653362,27212560,1420124702000,523
2489482833,25417990,1420092512000,524
2489485101,25417990,1420092868000,525
2489487180,25417990,1420093289000,526
2489586623,25417990,1420114311000,527
2489668640,25417990,1420126695000,528
2489740762,25417990,1420135882000,529
2489750883,25417990,1420137207000,530
2489759876,25417990,1420138320000,531
2489830485,25417990,1420147145000,532
2489831980,25417990,1420147335000,533
2489589878,16066615,1420114899000,534
2489651618,16066615,1420124469000,535
2489663943,16066615,1420126087000,536
2489758578,16066615,1420138158000,537
2489763611,16066615,1420138775000,538
2489652447,16694023,1420124579000,539
2489653513,16694023,1420124717000,540
2489654265,16694023,1420124819000,541
2489652208,1679183,1420124551000,542
2489652932,1679183,1420124646000,543
2489759504,24735049,1420138273000,544
2489761203,24735049,1420138485000,545
2489670856,27211107,1420126967000,546
2489671223,27211107,1420127013000,547
2489494112,27634931,1420094746000,548
2489495879,27634931,1420095142000,549
2489495954,27634931,1420095154000,550
2489495957,27634931,1420095154000,551
2489742989,27398776,1420136186000,552
2489746704,27398776,1420136670000,553
2489443994,25408399,1420082885000,554
2489676635,25408399,1420127711000,555
2489677051,25408399,1420127765000,556
2489677053,25408399,1420127765000,557
2489368206,1755571,1420070410000,558
2489368261,1755571,1420070412000,559
2489369315,25392255,1420070521000,560
2489373171,25392255,1420070959000,561
2489374497,25392255,1420071124000,562
2489376170,25392255,1420071315000,563
2489379357,25392255,1420071722000,564
2489383883,25392255,1420072322000,565
2489386135,25392255,1420072610000,566
2489387173,25392255,1420072760000,567
2489736131,11688671,1420135345000,568
2489738287,11688671,1420135597000,569
2489738644,11688671,1420135642000,570
2489739487,11688671,1420135749000,571
2489747461,11688671,1420136766000,572
2489752557,28449821,1420137417000,573
2489753437,28449821,1420137535000,574
2489753557,28449821,1420137551000,575
2489664465,26206274,1420126161000,576
2489742382,26206274,1420136111000,577
2489660156,6683486,1420125587000,578
2489661092,6683486,1420125723000,579
2489597309,1175581,1420116148000,580
2489540653,26860983,1420105162000,581
2489601440,26860983,1420116882000,582
2489394610,28674787,1420073826000,583
2489394825,28674787,1420073857000,584
2489394842,28674787,1420073860000,585
2489394852,28674787,1420073861000,586
2489445152,28674787,1420083141000,587
2489445273,28674787,1420083176000,588
2489445306,28674787,1420083185000,589
2489445426,28674787,1420083215000,590
2489445429,28674787,1420083216000,591
2489445432,28674787,1420083216000,592
2489663007,21062381,1420125970000,593
2489668539,21062381,1420126681000,594
2489676498,21062381,1420127694000,595
2489677445,21062381,1420127819000,596
2489368586,28677555,1420070442000,597
2489369823,28677555,1420070569000,598
2489375137,28677555,1420071186000,599
2489375394,28677555,1420071220000,600
2489383764,28677555,1420072301000,601
2489368883,15790644,1420070476000,602
2489372748,15790644,1420070907000,603
2489374713,15790644,1420071149000,604
2489375378,15790644,1420071219000,605
2489380838,15790644,1420071919000,606
2489381662,15790644,1420072023000,607
2489827976,22532206,1420146823000,608
2489828022,22532206,1420146829000,609
2489828034,22532206,1420146831000,610
2489830691,22532206,1420147171000,611
2489830782,22532206,1420147185000,612
2489376162,20319753,1420071314000,613
2489377019,20319753,1420071413000,614
2489759566,20319753,1420138279000,615
2489441232,27199774,1420082179000,616
2489830793,27199774,1420147185000,617
2489483592,5102117,1420092632000,618
2489530906,5102117,1420103066000,619
2489592697,5102117,1420115319000,620
2489676060,5102117,1420127635000,621
2489668075,19387981,1420126625000,622
2489677684,19387981,1420127848000,623
2489677838,19387981,1420127865000,624
2489660345,20338831,1420125618000,625
2489660347,20338831,1420125618000,626
2489533553,27394167,1420103658000,627
2489534191,27394167,1420103795000,628
2489740827,27394167,1420135888000,629
2489751438,27394167,1420137286000,630
2489395562,22456318,1420073962000,631
2489445727,22456318,1420083302000,632
2489446223,22456318,1420083433000,633
2489655510,28568521,1420124980000,634
2489655980,28568521,1420125045000,635
2489660032,13746848,1420125568000,636
2489660700,13746848,1420125668000,637
2489738100,13746848,1420135577000,638
2489751959,13746848,1420137347000,639
2489757787,13746848,1420138059000,640
2489762766,13746848,1420138667000,641
2489763489,13746848,1420138757000,642
2489494703,25737839,1420094857000,643
2489494704,25737839,1420094857000,644
2489495163,25737839,1420094953000,645
2489542850,3172896,1420105650000,646
2489542861,3172896,1420105653000,647
2489598234,28562971,1420116337000,648
2489601044,28562971,1420116816000,649
2489488915,28681749,1420093669000,650
2489489306,28681749,1420093750000,651
2489485722,28681595,1420092963000,652
2489486225,28681595,1420093073000,653
2489486410,28681595,1420093126000,654
2489487083,28681595,1420093273000,655
2489488012,28681595,1420093497000,656
2489489342,28681595,1420093758000,657
2489489491,28681595,1420093794000,658
2489489492,28681595,1420093794000,659
2489489632,28681595,1420093817000,660
2489823433,10887143,1420146265000,661
2489824358,10887143,1420146375000,662
2489824633,10887143,1420146406000,663
2489824980,10887143,1420146450000,664
2489825240,10887143,1420146485000,665
2489586001,27838682,1420114198000,666
2489599664,27838682,1420116583000,667
2489676002,27838682,1420127627000,668
2489652460,25916085,1420124582000,669
2489653284,25916085,1420124693000,670
2489654349,25916085,1420124829000,671
2489656499,25916085,1420125107000,672
2489673600,25916085,1420127306000,673
2489661212,12004006,1420125740000,674
2489661213,12004006,1420125740000,675
2489583141,28685811,1420113677000,676
2489674156,14849992,1420127375000,677
2489763642,14849992,1420138778000,678
2489595816,28686307,1420115888000,679
2489598325,28686307,1420116353000,680
2489654441,28688727,1420124841000,681
2489654705,28688727,1420124871000,682
2489655060,28688727,1420124919000,683
2489655613,28688727,1420124995000,684
2489656230,28688727,1420125075000,685
2489488614,20152667,1420093619000,686
2489488979,20152667,1420093684000,687
2489601989,26477643,1420116971000,688
2489602445,26477643,1420117048000,689
2489544332,28684260,1420105978000,690
2489544387,28684260,1420105991000,691
2489545411,28684260,1420106239000,692
2489546110,28684260,1420106398000,693
2489836051,22115297,1420147835000,694
2489836053,22115297,1420147835000,695
2489439730,24974235,1420081850000,696
2489440908,24974235,1420082107000,697
2489441107,24974235,1420082154000,698
2489369966,1059291,1420070585000,699
2489390668,1059291,1420073248000,700
2489450547,28680077,1420084504000,701
2489450569,28680077,1420084510000,702
2489450597,28680077,1420084517000,703
2489369339,28677576,1420070523000,704
2489376722,28677576,1420071380000,705
2489833011,3481901,1420147454000,706
2489833013,3481901,1420147454000,707
2489833965,3481901,1420147576000,708
2489377895,25143857,1420071527000,709
2489379971,25143857,1420071803000,710
2489669371,28676265,1420126784000,711
2489676792,28676265,1420127734000,712
2489677031,28676265,1420127765000,713
2489677035,28676265,1420127765000,714
2489391563,24678257,1420073374000,715
2489669455,24678257,1420126798000,716
2489669765,24678257,1420126833000,717
2489670975,24678257,1420126983000,718
2489659503,27820457,1420125492000,719
2489741547,27820457,1420135986000,720
2489830359,28694333,1420147125000,721
2489831606,28694333,1420147287000,722
2489834522,28694333,1420147654000,723
2489752944,137241,1420137471000,724
2489755753,137241,1420137804000,725
2489755754,137241,1420137804000,726
2489596365,9489675,1420115991000,727
2489596379,9489675,1420115994000,728
2489596579,9489675,1420116025000,729
2489602643,9489675,1420117083000,730
2489602644,9489675,1420117083000,731
2489602707,9489675,1420117098000,732
2489602708,9489675,1420117098000,733
2489395005,21469993,1420073882000,734
2489481557,21469993,1420092265000,735
2489821136,21469993,1420146008000,736
2489824335,21469993,1420146372000,737
2489829768,21469993,1420147050000,738
2489444041,27319048,1420082893000,739
2489444966,27319048,1420083101000,740
2489446583,27319048,1420083503000,741
2489447813,27319048,1420083789000,742
2489487678,27319048,1420093416000,743
2489492462,27319048,1420094394000,744
2489542985,27319048,1420105676000,745
2489763584,27319048,1420138771000,746
2489443002,3946572,1420082632000,747
2489656818,3946572,1420125151000,748
2489746016,3946572,1420136570000,749
2489829188,3946572,1420146981000,750
2489531153,28683666,1420103121000,751
2489531184,28683666,1420103126000,752
2489835802,21802082,1420147810000,753
2489838886,21802082,1420148172000,754
2489656783,28688818,1420125146000,755
2489735261,28688818,1420135239000,756
2489735311,28688818,1420135243000,757
2489492021,19148223,1420094288000,758
2489493343,19148223,1420094585000,759
2489594521,19148223,1420115653000,760
2489543265,22394276,1420105743000,761
2489675262,22394276,1420127525000,762
2489441072,25697926,1420082146000,763
2489445639,25697926,1420083277000,764
2489446698,25697926,1420083533000,765
2489745546,24337880,1420136512000,766
2489746074,24337880,1420136578000,767
2489379419,28676548,1420071732000,768
2489384772,28676548,1420072429000,769
2489384877,28676548,1420072442000,770
2489439094,5923215,1420081717000,771
2489655735,5923215,1420125012000,772
2489438245,28325336,1420081513000,773
2489438763,28325336,1420081642000,774
2489666589,28325336,1420126438000,775
2489667307,28325336,1420126531000,776
2489667904,28325336,1420126600000,777
2489668207,28325336,1420126640000,778
2489494257,28681986,1420094766000,779
2489494551,28681986,1420094826000,780
2489445894,28679897,1420083348000,781
2489447589,28679897,1420083743000,782
2489832814,25845637,1420147431000,783
2489833094,25845637,1420147466000,784
2489368700,26233669,1420070454000,785
2489370650,26233669,1420070667000,786
2489371989,26233669,1420070817000,787
2489655861,20198659,1420125026000,788
2489822332,20198659,1420146134000,789
2489822333,20198659,1420146134000,790
2489386606,28606142,1420072673000,791
2489386646,28606142,1420072678000,792
2489386654,28606142,1420072680000,793
2489670213,28317956,1420126889000,794
2489674261,28317956,1420127389000,795
2489677786,28317956,1420127860000,796
2489485504,28428341,1420092933000,797
2489485726,28428341,1420092963000,798
2489485761,28428341,1420092967000,799
2489485763,28428341,1420092967000,800
2489488583,28428341,1420093615000,801
2489488653,28428341,1420093627000,802
2489654105,27638530,1420124791000,803
2489667060,27638530,1420126501000,804
2489667257,27638530,1420126526000,805
2489668688,27638530,1420126700000,806
2489670208,27638530,1420126888000,807
2489671168,27638530,1420127005000,808
2489677888,27638530,1420127870000,809
2489489045,19412285,1420093696000,810
2489491013,19412285,1420094094000,811
2489390881,24117662,1420073275000,812
2489584409,24117662,1420113907000,813
2489742767,28569287,1420136160000,814
2489750041,28569287,1420137085000,815
2489758660,28569287,1420138166000,816
2489589049,18838063,1420114757000,817
2489589357,18838063,1420114817000,818
2489653166,26546687,1420124676000,819
2489653575,26546687,1420124726000,820
2489653582,26546687,1420124727000,821
2489741134,26546687,1420135927000,822
2489741135,26546687,1420135927000,823
2489437330,28291403,1420081323000,824
2489392423,23059575,1420073495000,825
2489596022,23059575,1420115931000,826
2489601609,23059575,1420116907000,827
2489654805,23059575,1420124884000,828
2489597689,28686379,1420116228000,829
2489444707,12472656,1420083044000,830
2489444954,12472656,1420083096000,831
2489445221,12472656,1420083161000,832
2489445305,12472656,1420083185000,833
2489445365,12472656,1420083200000,834
2489840727,26059080,1420148385000,835
2489844653,26059080,1420148850000,836
2489832361,22230927,1420147381000,837
2489834362,22230927,1420147633000,838
2489380004,20770460,1420071807000,839
2489380800,20770460,1420071915000,840
2489388069,20770460,1420072864000,841
2489602850,20770460,1420117124000,842
2489735835,26405261,1420135309000,843
2489735836,26405261,1420135309000,844
2489736849,26405261,1420135445000,845
2489737356,26405261,1420135507000,846
2489737365,26405261,1420135507000,847
2489653759,28688007,1420124751000,848
2489654592,28688007,1420124859000,849
2489587240,3408589,1420114420000,850
2489655724,3408589,1420125010000,851
2489589659,21957161,1420114869000,852
2489591031,21957161,1420114996000,853
2489760493,21957161,1420138401000,854
2489740168,28675075,1420135823000,855
2489747373,28675075,1420136758000,856
2489756071,28675075,1420137847000,857
2489756564,28675075,1420137909000,858
2489368179,19073780,1420070409000,859
2489436622,19073780,1420081209000,860
2489480144,19073780,1420092010000,861
2489651134,19073780,1420124410000,862
2489586564,28685957,1420114297000,863
2489595979,28685957,1420115920000,864
2489735860,28685957,1420135314000,865
2489824202,28685957,1420146360000,866
2489530112,23780738,1420102908000,867
2489536573,23780738,1420104326000,868
2489540746,23780738,1420105185000,869
2489672307,18132868,1420127157000,870
2489758874,18841578,1420138196000,871
2489530893,28682333,1420103063000,872
2489540066,28682333,1420105038000,873
2489541242,28682333,1420105286000,874
2489544640,28682333,1420106053000,875
2489545406,28682333,1420106238000,876
2489653532,2909429,1420124720000,877
2489744381,2909429,1420136373000,878
2489758895,2909429,1420138197000,879
2489759609,2909429,1420138284000,880
2489759613,2909429,1420138284000,881
2489480801,15664450,1420092114000,882
2489480802,15664450,1420092114000,883
2489589537,28686078,1420114848000,884
2489589587,28686078,1420114858000,885
2489589950,28686078,1420114914000,886
2489591507,28686078,1420115096000,887
2489591565,28686078,1420115110000,888
2489591747,28686078,1420115145000,889
2489531190,28586285,1420103128000,890
2489532203,28586285,1420103352000,891
2489535577,28586285,1420104110000,892
2489536007,28586285,1420104198000,893
2489586268,9349217,1420114245000,894
2489747040,9349217,1420136717000,895
2489438254,10057936,1420081515000,896
2489529881,10057936,1420102859000,897
2489530186,10057936,1420102923000,898
2489749664,10057936,1420137041000,899
2489375837,28603059,1420071275000,900
2489602946,28603059,1420117144000,901
2489584009,28009846,1420113834000,902
2489586692,28009846,1420114320000,903
2489589283,28009846,1420114803000,904
2489490161,28681812,1420093916000,905
2489490732,28681812,1420094028000,906
2489490836,28681812,1420094050000,907
2489589761,27883472,1420114881000,908
2489591253,27883472,1420115045000,909
2489591632,27883472,1420115120000,910
2489759088,27883472,1420138221000,911
2489490813,184460,1420094046000,912
2489491477,184460,1420094185000,913
2489824481,184460,1420146388000,914
2489385600,28325104,1420072541000,915
2489849793,28325104,1420149444000,916
2489540249,28684001,1420105070000,917
2489736182,26564533,1420135350000,918
2489736211,26564533,1420135355000,919
2489736226,26564533,1420135355000,920
2489736294,26564533,1420135365000,921
2489583246,28644839,1420113695000,922
2489596192,28644839,1420115961000,923
2489599333,28644839,1420116524000,924
2489755268,28644839,1420137749000,925
2489661637,8285747,1420125796000,926
2489741516,8285747,1420135981000,927
2489839529,8285747,1420148252000,928
2489374361,4967600,1420071108000,929
2489374365,4967600,1420071108000,930
2489387188,4967600,1420072762000,931
2489387190,4967600,1420072762000,932
2489393751,4967600,1420073687000,933
2489444360,4967600,1420082969000,934
2489373197,28620211,1420070962000,935
2489373728,28620211,1420071035000,936
2489375757,28620211,1420071265000,937
2489375758,28620211,1420071266000,938
2489375836,28620211,1420071275000,939
2489380435,28620211,1420071866000,940
2489383034,28620211,1420072199000,941
2489658921,28123883,1420125417000,942
2489652387,3199586,1420124569000,943
2489661716,3199586,1420125805000,944
2489662135,3199586,1420125858000,945
2489662639,3199586,1420125924000,946
2489663543,3199586,1420126037000,947
2489668220,3199586,1420126641000,948
2489670683,3199586,1420126947000,949
2489672849,3199586,1420127217000,950
2489673446,3199586,1420127287000,951
2489599859,28686457,1420116620000,952
2489599992,28686457,1420116645000,953
2489600008,28686457,1420116648000,954
2489442124,28488874,1420082408000,955
2489484564,28488874,1420092791000,956
2489487825,28488874,1420093454000,957
2489737653,28692080,1420135536000,958
2489740345,28692080,1420135841000,959
2489750161,28676320,1420137105000,960
2489761832,28676320,1420138562000,961
2489849882,28676320,1420149454000,962
2489850561,28676320,1420149536000,963
2489761662,28693083,1420138542000,964
2489761727,28693083,1420138548000,965
2489748330,28692500,1420136865000,966
2489395728,28498113,1420073991000,967
2489597450,28498113,1420116174000,968
2489656972,28498113,1420125171000,969
2489664477,28498113,1420126164000,970
2489670402,28498113,1420126913000,971
2489752819,28692703,1420137456000,972
2489762712,28692703,1420138659000,973
2489762934,28692703,1420138687000,974
2489821529,28692703,1420146048000,975
2489594227,26357711,1420115589000,976
2489595253,26357711,1420115785000,977
2489596025,26357711,1420115931000,978
2489394115,15573192,1420073739000,979
2489738882,28005674,1420135669000,980
2489739230,28005674,1420135712000,981
2489739347,28005674,1420135729000,982
2489824742,539469,1420146417000,983
2489836447,539469,1420147885000,984
2489844557,539469,1420148836000,985
2489536420,3627640,1420104290000,986
2489536599,3627640,1420104334000,987
2489739194,21004654,1420135707000,988
2489740420,21004654,1420135848000,989
2489749758,21004654,1420137053000,990
2489761502,21004654,1420138523000,991
2489530466,26047959,1420102973000,992
2489531142,26047959,1420103117000,993
2489829216,26047959,1420146983000,994
2489394154,22027821,1420073747000,995
2489440542,22027821,1420082026000,996
2489489453,22027821,1420093786000,997
2489492443,22027821,1420094385000,998
2489540753,22027821,1420105187000,999
2489541840,22027821,1420105425000,1000
2489596335,22027821,1420115986000,1001
2489601098,22027821,1420116827000,1002
2489659324,22027821,1420125465000,1003
2489665572,22027821,1420126306000,1004
2489671325,22027821,1420127026000,1005
2489672213,22027821,1420127145000,1006
2489673281,22027821,1420127265000,1007
2489675990,22027821,1420127626000,1008
2489676891,22027821,1420127746000,1009
2489394391,28678163,1420073782000,1010
2489447360,28678163,1420083695000,1011
2489738872,26367848,1420135668000,1012
2489848456,26367848,1420149292000,1013
2489543472,8363682,1420105792000,1014
2489587958,8363682,1420114554000,1015
2489667415,15390579,1420126544000,1016
2489675941,15390579,1420127620000,1017
2489758752,15390579,1420138177000,1018
2489762028,15390579,1420138582000,1019
2489389785,15193430,1420073115000,1020
2489392401,15193430,1420073492000,1021
2489394035,15193430,1420073728000,1022
2489394037,15193430,1420073728000,1023
2489394038,15193430,1420073728000,1024
2489394793,15193430,1420073852000,1025
2489394798,15193430,1420073852000,1026
2489438054,15193430,1420081474000,1027
2489493015,15193430,1420094515000,1028
2489676834,15193430,1420127740000,1029
2489821579,15193430,1420146052000,1030
2489821763,15193430,1420146074000,1031
2489822216,15193430,1420146124000,1032
2489823568,15193430,1420146284000,1033
2489824203,15193430,1420146360000,1034
2489822140,11630327,1420146115000,1035
2489822142,11630327,1420146115000,1036
2489822148,11630327,1420146116000,1037
2489825538,11630327,1420146524000,1038
2489825539,11630327,1420146524000,1039
2489387746,28677991,1420072825000,1040
2489656736,28677991,1420125140000,1041
2489663809,28677991,1420126069000,1042
2489600751,4109559,1420116773000,1043
2489601627,4109559,1420116911000,1044
2489482902,2847387,1420092527000,1045
2489660826,2847387,1420125683000,1046
2489671682,28689445,1420127073000,1047
2489677402,28689445,1420127811000,1048
2489368239,24030380,1420070411000,1049
2489436664,24030380,1420081212000,1050
2489480160,24030380,1420092011000,1051
2489529590,24030380,1420102810000,1052
2489582678,24030380,1420113612000,1053
2489651169,24030380,1420124412000,1054
2489735091,24030380,1420135218000,1055
2489673477,25147464,1420127291000,1056
2489673691,25147464,1420127318000,1057
2489652505,26335465,1420124586000,1058
2489663869,26335465,1420126077000,1059
2489668559,26335465,1420126686000,1060
2489484768,15662573,1420092820000,1061
2489484772,15662573,1420092820000,1062
2489484779,15662573,1420092823000,1063
2489487228,28654544,1420093299000,1064
2489490312,28654544,1420093944000,1065
2489659056,21997662,1420125432000,1066
2489760968,21997662,1420138454000,1067
2489827970,28695815,1420146823000,1068
2489830419,28695815,1420147135000,1069
2489545395,28086544,1420106236000,1070
2489545423,28086544,1420106241000,1071
2489378412,28412516,1420071598000,1072
2489393836,28412516,1420073699000,1073
2489763009,28412516,1420138696000,1074
2489482796,22243322,1420092505000,1075
2489488111,22243322,1420093520000,1076
2489532191,2606211,1420103347000,1077
2489532835,2606211,1420103492000,1078
2489591348,2606211,1420115064000,1079
2489487189,611921,1420093291000,1080
2489588502,611921,1420114652000,1081
2489591003,611921,1420114991000,1082
2489655750,611921,1420125014000,1083
2489738277,611921,1420135596000,1084
2489821038,611921,1420146001000,1085
2489843550,611921,1420148728000,1086
2489831121,26040990,1420147225000,1087
2489833218,26040990,1420147483000,1088
2489838024,28696240,1420148072000,1089
2489740469,28692176,1420135854000,1090
2489740644,28692176,1420135871000,1091
2489656115,27492294,1420125060000,1092
2489658703,27492294,1420125389000,1093
2489677949,27492294,1420127878000,1094
2489371945,981363,1420070812000,1095
2489671020,981363,1420126988000,1096
2489480890,26349076,1420092127000,1097
2489750853,26349076,1420137202000,1098
2489831777,26349076,1420147305000,1099
2489848449,15529327,1420149291000,1100
2489848452,15529327,1420149291000,1101
2489601810,28686541,1420116939000,1102
2489602276,28686541,1420117017000,1103
2489671494,28687384,1420127048000,1104
2489676259,28687384,1420127665000,1105
2489676867,28687384,1420127744000,1106
2489677871,28687384,1420127870000,1107
2489674735,28689560,1420127454000,1108
2489674984,28689560,1420127484000,1109
2489846411,28643685,1420149044000,1110
2489847402,28643685,1420149164000,1111
2489370483,20207362,1420070646000,1112
2489492908,20207362,1420094490000,1113
2489825764,613723,1420146554000,1114
2489828855,613723,1420146941000,1115
2489389893,28156794,1420073129000,1116
2489394634,28156794,1420073829000,1117
2489395275,28156794,1420073923000,1118
2489831531,9042962,1420147277000,1119
2489832409,9042962,1420147387000,1120
2489584002,25292973,1420113833000,1121
2489584964,25292973,1420114008000,1122
2489585928,25292973,1420114183000,1123
2489751229,25292973,1420137256000,1124
2489377687,6405172,1420071497000,1125
2489378325,6405172,1420071586000,1126
2489546007,6405172,1420106375000,1127
2489654308,6405172,1420124824000,1128
2489369801,6439865,1420070566000,1129
2489378095,6439865,1420071556000,1130
2489386317,6439865,1420072640000,1131
2489394974,6439865,1420073878000,1132
2489484636,6439865,1420092802000,1133
2489489462,6439865,1420093788000,1134
2489494290,6439865,1420094773000,1135
2489532471,6439865,1420103414000,1136
2489536888,6439865,1420104388000,1137
2489545635,6439865,1420106284000,1138
2489599373,15283709,1420116530000,1139
2489735087,15283709,1420135218000,1140
2489601961,24818482,1420116966000,1141
2489675863,24818482,1420127610000,1142
2489538864,27602356,1420104802000,1143
2489539645,27602356,1420104961000,1144
2489545826,27602356,1420106329000,1145
2489600612,27602356,1420116755000,1146
2489591571,17553516,1420115110000,1147
2489599852,17553516,1420116619000,1148
2489443788,13533527,1420082833000,1149
2489678620,13533527,1420127967000,1150
2489663239,28689112,1420125996000,1151
2489437835,9140818,1420081426000,1152
2489440760,9140818,1420082078000,1153
2489496101,3649922,1420095183000,1154
2489544452,3649922,1420106006000,1155
2489370853,28677428,1420070696000,1156
2489371197,28677428,1420070734000,1157
2489495930,28677428,1420095149000,1158
2489540868,27954898,1420105214000,1159
2489543937,27954898,1420105898000,1160
2489651807,27954898,1420124497000,1161
2489652839,27954898,1420124634000,1162
2489654416,1888972,1420124838000,1163
2489672747,1888972,1420127203000,1164
2489592348,1725199,1420115255000,1165
2489653212,1725199,1420124683000,1166
2489657640,1725199,1420125255000,1167
2489658691,1725199,1420125387000,1168
2489658708,1725199,1420125389000,1169
2489658719,1725199,1420125392000,1170
2489659416,1725199,1420125479000,1171
2489659878,1725199,1420125548000,1172
2489837787,28468158,1420148045000,1173
2489839482,28468158,1420148244000,1174
2489389358,28677520,1420073050000,1175
2489671141,28677520,1420127003000,1176
2489674863,28677520,1420127469000,1177
2489676796,28677520,1420127734000,1178
2489747528,28677520,1420136773000,1179
2489748890,28677520,1420136935000,1180
2489749442,28677520,1420137011000,1181
2489750266,28677520,1420137120000,1182
2489750788,28677520,1420137190000,1183
2489753385,28677520,1420137530000,1184
2489757847,28677520,1420138067000,1185
2489838914,28677520,1420148175000,1186
2489738922,28305823,1420135673000,1187
2489742993,28305823,1420136187000,1188
2489743730,28305823,1420136292000,1189
2489382664,24989901,1420072150000,1190
2489383534,24989901,1420072269000,1191
2489496042,24989901,1420095169000,1192
2489821756,26754177,1420146074000,1193
2489835697,26754177,1420147796000,1194
2489530863,28683653,1420103055000,1195
2489532976,28683653,1420103523000,1196
2489538083,28683653,1420104647000,1197
2489538269,28683653,1420104682000,1198
2489651345,24176031,1420124431000,1199
2489656046,24176031,1420125051000,1200
2489656388,24176031,1420125093000,1201
2489677701,24176031,1420127850000,1202
2489539842,6159714,1420104994000,1203
2489539844,6159714,1420104994000,1204
2489384282,27744948,1420072366000,1205
2489495399,27744948,1420095016000,1206
2489661224,28689009,1420125743000,1207
2489665499,28689009,1420126298000,1208
2489669250,28689009,1420126772000,1209
2489678351,28689009,1420127936000,1210
2489486466,24260258,1420093145000,1211
2489486731,24260258,1420093204000,1212
2489495756,24260258,1420095107000,1213
2489663091,13622189,1420125979000,1214
2489538146,10433693,1420104661000,1215
2489538150,10433693,1420104661000,1216
2489491012,27569187,1420094094000,1217
2489494417,27569187,1420094796000,1218
2489593517,27569187,1420115459000,1219
2489600440,27569187,1420116730000,1220
2489601761,27569187,1420116931000,1221
2489655953,27569187,1420125041000,1222
2489743372,27569187,1420136240000,1223
2489747162,27569187,1420136732000,1224
2489749692,27569187,1420137045000,1225
2489751330,27569187,1420137269000,1226
2489753422,27569187,1420137534000,1227
2489755527,27569187,1420137780000,1228
2489755980,27569187,1420137835000,1229
2489664750,28687462,1420126198000,1230
2489668377,28687462,1420126660000,1231
2489657524,233954,1420125240000,1232
2489659634,233954,1420125510000,1233
2489660321,233954,1420125614000,1234
2489486013,21551149,1420093021000,1235
2489585704,21551149,1420114136000,1236
2489588787,21551149,1420114706000,1237
2489592514,21551149,1420115285000,1238
2489666431,21551149,1420126419000,1239
2489735813,12467877,1420135304000,1240
2489593432,28387261,1420115446000,1241
2489597609,28387261,1420116206000,1242
2489598849,28387261,1420116439000,1243
2489844259,28696512,1420148805000,1244
2489845005,28696512,1420148887000,1245
2489583771,28685842,1420113791000,1246
2489584144,28685842,1420113853000,1247
2489592126,28685842,1420115210000,1248
2489371078,25878096,1420070721000,1249
2489371935,25878096,1420070812000,1250
2489372364,25878096,1420070862000,1251
2489379700,25878096,1420071770000,1252
2489495148,16031513,1420094951000,1253
2489495926,16031513,1420095148000,1254
2489830098,28695896,1420147090000,1255
2489830652,28695896,1420147166000,1256
2489742868,11182110,1420136173000,1257
2489750070,11182110,1420137089000,1258
2489491360,28681856,1420094169000,1259
2489491482,28681856,1420094185000,1260
2489490804,28680776,1420094044000,1261
2489490805,28680776,1420094044000,1262
2489743962,13392416,1420136322000,1263
2489824459,13392416,1420146386000,1264
2489825714,13392416,1420146549000,1265
2489827798,13392416,1420146799000,1266
2489827932,13392416,1420146816000,1267
2489828487,13392416,1420146892000,1268
2489833113,13392416,1420147469000,1269
2489541511,18852726,1420105347000,1270
2489542213,18852726,1420105516000,1271
2489603115,16961107,1420117175000,1272
2489758754,16961107,1420138177000,1273
2489658323,12269661,1420125348000,1274
2489667833,12269661,1420126591000,1275
2489763205,28693177,1420138720000,1276
2489763392,28693177,1420138744000,1277
2489541198,8679959,1420105277000,1278
2489541282,8679959,1420105292000,1279
2489653705,8679959,1420124744000,1280
2489440392,4106792,1420081990000,1281
2489441093,4106792,1420082150000,1282
2489442771,4106792,1420082565000,1283
2489445917,4106792,1420083355000,1284
2489737242,4106792,1420135496000,1285
2489754848,4106792,1420137705000,1286
2489758397,4106792,1420138133000,1287
2489843193,28696459,1420148686000,1288
2489843227,28696459,1420148688000,1289
2489843232,28696459,1420148688000,1290
2489674037,28406937,1420127360000,1291
2489674724,28406937,1420127453000,1292
2489675378,28406937,1420127540000,1293
2489754170,28692756,1420137629000,1294
2489754316,28692756,1420137649000,1295
2489739036,26095581,1420135688000,1296
2489741806,26095581,1420136022000,1297
2489438356,25568460,1420081537000,1298
2489543470,25568460,1420105790000,1299
2489656692,28688813,1420125133000,1300
2489656831,28688813,1420125154000,1301
2489583046,28038090,1420113662000,1302
2489750420,28038090,1420137142000,1303
2489751054,28038090,1420137232000,1304
2489751268,28038090,1420137262000,1305
2489751813,28038090,1420137329000,1306
2489752325,28038090,1420137390000,1307
2489752671,28038090,1420137435000,1308
2489752966,28038090,1420137472000,1309
2489753652,28038090,1420137563000,1310
2489754019,28038090,1420137608000,1311
2489677028,28689661,1420127765000,1312
2489677638,28689661,1420127842000,1313
2489383079,28077075,1420072205000,1314
2489595847,28077075,1420115891000,1315
2489493460,28681960,1420094617000,1316
2489536168,28681960,1420104235000,1317
2489536654,28681960,1420104344000,1318
2489536874,28681960,1420104385000,1319
2489537191,28681960,1420104455000,1320
2489542603,28681960,1420105593000,1321
2489543245,28681960,1420105739000,1322
2489383379,6058123,1420072246000,1323
2489383380,6058123,1420072246000,1324
2489387233,6058123,1420072768000,1325
2489387234,6058123,1420072768000,1326
2489444810,6058123,1420083065000,1327
2489444811,6058123,1420083065000,1328
2489446905,6058123,1420083586000,1329
2489446907,6058123,1420083586000,1330
2489489775,6058123,1420093846000,1331
2489489776,6058123,1420093846000,1332
2489492385,6058123,1420094376000,1333
2489492386,6058123,1420094376000,1334
2489538050,6058123,1420104641000,1335
2489538051,6058123,1420104641000,1336
2489843000,28696453,1420148659000,1337
2489844035,28696453,1420148779000,1338
2489602650,6241108,1420117086000,1339
2489838069,6241108,1420148077000,1340
2489598515,8608480,1420116383000,1341
2489847467,8608480,1420149173000,1342
2489537709,25809361,1420104578000,1343
2489537726,25809361,1420104581000,1344
2489539006,25809361,1420104832000,1345
2489586020,25809361,1420114201000,1346
2489850024,17325575,1420149469000,1347
2489850027,17325575,1420149469000,1348
2489755425,14576836,1420137767000,1349
2489756647,14576836,1420137920000,1350
2489757190,14576836,1420137983000,1351
2489757223,14576836,1420137986000,1352
2489757815,14576836,1420138062000,1353
2489757817,14576836,1420138062000,1354
2489376579,28571384,1420071365000,1355
2489386029,28571384,1420072595000,1356
2489821903,1415827,1420146087000,1357
2489821904,1415827,1420146087000,1358
2489822942,1415827,1420146205000,1359
2489437590,28679559,1420081370000,1360
2489437715,28679559,1420081400000,1361
2489382283,28677851,1420072099000,1362
2489386157,28677851,1420072615000,1363
2489587352,17544464,1420114441000,1364
2489589575,17544464,1420114855000,1365
2489589989,17544464,1420114923000,1366
2489372297,13174854,1420070853000,1367
2489482418,13174854,1420092451000,1368
2489584998,13174854,1420114013000,1369
2489738422,13174854,1420135614000,1370
2489486355,28681632,1420093112000,1371
2489486467,28681632,1420093145000,1372
2489651192,28613552,1420124414000,1373
2489662509,28613552,1420125908000,1374
2489848713,28448820,1420149324000,1375
2489848729,28448820,1420149324000,1376
2489531067,12038459,1420103103000,1377
2489531087,12038459,1420103105000,1378
2489531636,12038459,1420103232000,1379
2489531637,12038459,1420103232000,1380
2489532006,12038459,1420103306000,1381
2489545779,12038459,1420106319000,1382
2489545788,12038459,1420106319000,1383
2489541835,16930617,1420105425000,1384
2489588508,16930617,1420114653000,1385
2489669851,16930617,1420126847000,1386
2489824965,16930617,1420146448000,1387
2489822749,27682913,1420146179000,1388
2489823115,27682913,1420146227000,1389
2489742733,27219003,1420136157000,1390
2489823225,27219003,1420146242000,1391
2489378758,28369696,1420071646000,1392
2489538645,28369696,1420104761000,1393
2489837434,7922349,1420148005000,1394
2489837436,7922349,1420148005000,1395
2489666802,27448273,1420126466000,1396
2489670289,27448273,1420126898000,1397
2489602442,26125686,1420117048000,1398
2489602454,26125686,1420117050000,1399
2489758352,18871691,1420138126000,1400
2489759370,18871691,1420138257000,1401
2489760293,18871691,1420138372000,1402
2489490433,1723155,1420093963000,1403
2489676507,1723155,1420127695000,1404
2489600141,25592594,1420116675000,1405
2489745797,25592594,1420136542000,1406
2489675157,27775944,1420127511000,1407
2489757904,27775944,1420138072000,1408
2489485478,28679337,1420092930000,1409
2489489946,28679337,1420093876000,1410
2489492350,28679337,1420094368000,1411
2489653539,28688696,1420124723000,1412
2489660466,28688696,1420125636000,1413
2489660928,28688696,1420125700000,1414
2489661772,28688696,1420125812000,1415
2489665206,28688696,1420126260000,1416
2489670659,28688696,1420126944000,1417
2489671656,28688696,1420127070000,1418
2489672386,28688696,1420127167000,1419
2489675285,28688696,1420127528000,1420
2489830925,28688696,1420147200000,1421
2489369065,17971324,1420070495000,1422
2489383739,17971324,1420072297000,1423
2489437191,17971324,1420081299000,1424
2489445138,17971324,1420083139000,1425
2489481243,17971324,1420092195000,1426
2489833219,28696027,1420147484000,1427
2489833889,28696027,1420147567000,1428
2489834552,28696027,1420147657000,1429
2489835201,28696027,1420147736000,1430
2489480499,28681039,1420092065000,1431
2489390555,27017012,1420073231000,1432
2489445648,27017012,1420083282000,1433
2489445826,27017012,1420083332000,1434
2489446311,27017012,1420083452000,1435
2489446315,27017012,1420083453000,1436
2489451040,27017012,1420084635000,1437
2489587654,23657791,1420114501000,1438
2489589858,23657791,1420114898000,1439
2489591182,23657791,1420115030000,1440
2489584946,28411159,1420114002000,1441
2489595153,28411159,1420115767000,1442
2489601981,28411159,1420116968000,1443
2489668167,28411159,1420126635000,1444
2489669729,28411159,1420126828000,1445
2489745691,28411159,1420136529000,1446
2489750577,28411159,1420137162000,1447
2489758535,28411159,1420138151000,1448
2489759547,28411159,1420138277000,1449
2489531128,17395836,1420103115000,1450
2489531129,17395836,1420103115000,1451
2489668735,17395836,1420126707000,1452
2489743571,27999108,1420136268000,1453
2489745704,27999108,1420136531000,1454
2489746787,27999108,1420136683000,1455
2489752469,27999108,1420137408000,1456
2489758930,27999108,1420138203000,1457
2489601036,28686502,1420116816000,1458
2489602440,28686502,1420117048000,1459
2489653715,13473645,1420124745000,1460
2489660805,13473645,1420125680000,1461
2489752714,13473645,1420137442000,1462
2489831461,28695956,1420147268000,1463
2489831561,28695956,1420147280000,1464
2489599849,28551129,1420116619000,1465
2489601299,28551129,1420116862000,1466
2489745655,27587397,1420136525000,1467
2489745697,27587397,1420136530000,1468
2489444585,26500560,1420083014000,1469
2489448429,26500560,1420083955000,1470
2489497132,26500560,1420095442000,1471
2489677264,9251720,1420127793000,1472
2489480330,28681408,1420092037000,1473
2489484586,28681408,1420092793000,1474
2489841764,20895915,1420148512000,1475
2489844538,20895915,1420148835000,1476
2489751521,7549096,1420137297000,1477
2489751526,7549096,1420137297000,1478
2489823841,27735344,1420146315000,1479
2489824503,27735344,1420146392000,1480
2489835229,27735344,1420147738000,1481
2489744489,28636935,1420136385000,1482
2489753411,28636935,1420137533000,1483
2489829601,28636935,1420147031000,1484
2489486567,28670900,1420093169000,1485
2489488007,28670900,1420093497000,1486
2489489516,28670900,1420093801000,1487
2489745091,28223885,1420136457000,1488
2489745898,28223885,1420136556000,1489
2489838902,15969751,1420148173000,1490
2489838973,15969751,1420148179000,1491
2489826962,20041580,1420146699000,1492
2489835642,20041580,1420147790000,1493
2489482938,28681238,1420092536000,1494
2489484073,28681238,1420092712000,1495
2489484603,28681238,1420092798000,1496
2489485056,28681238,1420092862000,1497
2489485212,28681238,1420092884000,1498
2489485947,28681238,1420093005000,1499
2489486248,28681238,1420093081000,1500
2489486399,28681238,1420093123000,1501
2489662856,28686798,1420125951000,1502
2489676198,28686798,1420127655000,1503
2489440770,2560988,1420082081000,1504
2489541111,2560988,1420105262000,1505
2489373645,28203701,1420071026000,1506
2489373708,28203701,1420071033000,1507
2489379048,28203701,1420071682000,1508
2489584669,28203701,1420113949000,1509
2489591897,28203701,1420115168000,1510
2489493295,28500556,1420094570000,1511
2489497273,28500556,1420095472000,1512
2489593265,28656450,1420115414000,1513
2489821328,28656450,1420146024000,1514
2489489232,28681762,1420093733000,1515
2489492145,28681762,1420094319000,1516
2489437759,12382577,1420081410000,1517
2489439092,12382577,1420081717000,1518
2489439790,12382577,1420081863000,1519
2489441888,12382577,1420082341000,1520
2489824242,25790841,1420146365000,1521
2489824243,25790841,1420146365000,1522
2489585809,28685930,1420114157000,1523
2489592016,28685930,1420115191000,1524
2489439683,18522872,1420081842000,1525
2489447908,18522872,1420083813000,1526
2489602902,28537156,1420117136000,1527
2489603213,28537156,1420117193000,1528
2489674701,17575535,1420127449000,1529
2489676799,17575535,1420127734000,1530
2489824100,17575535,1420146349000,1531
2489828629,17575535,1420146910000,1532
2489833920,17575535,1420147570000,1533
2489677747,6621573,1420127856000,1534
2489677840,6621573,1420127865000,1535
2489483945,23904227,1420092694000,1536
2489487275,23904227,1420093306000,1537
2489487632,23904227,1420093399000,1538
2489489418,23904227,1420093779000,1539
2489491467,23904227,1420094183000,1540
2489379305,15231212,1420071716000,1541
2489656383,15231212,1420125092000,1542
2489658582,15589856,1420125373000,1543
2489658584,15589856,1420125373000,1544
2489658848,15589856,1420125408000,1545
2489824379,28695651,1420146380000,1546
2489825921,28695651,1420146575000,1547
2489828665,28695651,1420146917000,1548
2489834500,28695651,1420147651000,1549
2489440458,28679657,1420082010000,1550
2489487400,28679657,1420093339000,1551
2489493944,28679657,1420094711000,1552
2489375961,11801062,1420071289000,1553
2489376027,11801062,1420071299000,1554
2489450275,28676231,1420084420000,1555
2489450598,28676231,1420084517000,1556
2489450742,28676231,1420084558000,1557
2489451573,28676231,1420084782000,1558
2489373678,24633682,1420071029000,1559
2489737101,24633682,1420135481000,1560
2489737592,24633682,1420135530000,1561
2489671615,28689442,1420127063000,1562
2489672749,28689442,1420127203000,1563
2489752799,25173795,1420137452000,1564
2489754387,25173795,1420137656000,1565
2489376022,28639483,1420071298000,1566
2489829461,28639483,1420147015000,1567
2489533081,28683750,1420103542000,1568
2489540948,28683750,1420105231000,1569
2489385164,28673837,1420072484000,1570
2489389024,28673837,1420072997000,1571
2489390959,28673837,1420073288000,1572
2489440258,26059948,1420081962000,1573
2489735682,26059948,1420135285000,1574
2489739156,26059948,1420135703000,1575
2489739419,26059948,1420135739000,1576
2489741291,26059948,1420135952000,1577
2489763547,26059948,1420138765000,1578
2489824919,26059948,1420146441000,1579
2489824991,26059948,1420146452000,1580
2489826897,23757074,1420146691000,1581
2489737211,926098,1420135492000,1582
2489754647,926098,1420137683000,1583
2489444703,28679849,1420083044000,1584
2489445184,28679849,1420083152000,1585
2489660241,15849295,1420125603000,1586
2489662075,15849295,1420125852000,1587
2489662076,15849295,1420125852000,1588
2489740769,28692185,1420135883000,1589
2489745970,28692185,1420136566000,1590
2489746118,28692185,1420136583000,1591
2489849753,13190801,1420149439000,1592
2489849993,13190801,1420149465000,1593
2489850231,13190801,1420149491000,1594
2489850688,13190801,1420149554000,1595
2489827238,28648617,1420146735000,1596
2489369531,23215539,1420070540000,1597
2489370199,23215539,1420070611000,1598
2489370454,23215539,1420070644000,1599
2489370783,23215539,1420070686000,1600
2489371524,23215539,1420070772000,1601
2489374527,23215539,1420071127000,1602
2489375936,23215539,1420071286000,1603
2489380757,23215539,1420071908000,1604
2489383898,23215539,1420072325000,1605
2489388238,23215539,1420072892000,1606
2489374152,517990,1420071083000,1607
2489530110,28683587,1420102907000,1608
2489590093,28683587,1420114945000,1609
2489744419,27266958,1420136376000,1610
2489824031,27266958,1420146344000,1611
2489531973,28683696,1420103302000,1612
2489532124,28683696,1420103332000,1613
2489532125,28683696,1420103332000,1614
2489532129,28683696,1420103332000,1615
2489532130,28683696,1420103332000,1616
2489532131,28683696,1420103333000,1617
2489532132,28683696,1420103333000,1618
2489532134,28683696,1420103333000,1619
2489532135,28683696,1420103333000,1620
2489532138,28683696,1420103333000,1621
2489483343,28681510,1420092597000,1622
2489487051,28681510,1420093264000,1623
2489530810,28683651,1420103046000,1624
2489530868,28683651,1420103056000,1625
2489531350,28683651,1420103166000,1626
2489534063,28683651,1420103765000,1627
2489535349,28683651,1420104056000,1628
2489747565,28690098,1420136777000,1629
2489748414,28690098,1420136875000,1630
2489749259,28690098,1420136985000,1631
2489594024,28640708,1420115551000,1632
2489594069,28640708,1420115560000,1633
2489595911,28640708,1420115904000,1634
2489598309,28640708,1420116350000,1635
2489593993,19907569,1420115544000,1636
2489755348,19907569,1420137760000,1637
2489755349,19907569,1420137760000,1638
2489755351,19907569,1420137760000,1639
2489755352,19907569,1420137760000,1640
2489755355,19907569,1420137760000,1641
2489755356,19907569,1420137760000,1642
2489755357,19907569,1420137760000,1643
2489755358,19907569,1420137760000,1644
2489755877,19907569,1420137821000,1645
2489755878,19907569,1420137821000,1646
2489760832,19907569,1420138437000,1647
2489659347,28688927,1420125469000,1648
2489659411,28688927,1420125478000,1649
2489659630,28688927,1420125510000,1650
2489539955,28684044,1420105017000,1651
2489544048,28684044,1420105922000,1652
2489667064,25915627,1420126501000,1653
2489843142,28569273,1420148680000,1654
2489843925,28569273,1420148768000,1655
2489543648,28269346,1420105833000,1656
2489546087,28269346,1420106392000,1657
2489437120,28504781,1420081284000,1658
2489438109,28504781,1420081486000,1659
2489439050,28504781,1420081702000,1660
2489440773,28504781,1420082082000,1661
2489441971,28504781,1420082367000,1662
2489442682,28504781,1420082546000,1663
2489443131,28504781,1420082671000,1664
2489443657,28504781,1420082794000,1665
2489444028,28504781,1420082890000,1666
2489446070,28504781,1420083388000,1667
2489844788,28696534,1420148865000,1668
2489825762,16977232,1420146554000,1669
2489828385,16977232,1420146878000,1670
2489583360,10400448,1420113713000,1671
2489583364,10400448,1420113718000,1672
2489760988,26408638,1420138457000,1673
2489836452,26408638,1420147886000,1674
2489585978,26520092,1420114190000,1675
2489587559,26520092,1420114483000,1676
2489823491,28694991,1420146275000,1677
2489823492,28694991,1420146275000,1678
2489827657,28694991,1420146784000,1679
2489827968,28694991,1420146822000,1680
2489830223,28694991,1420147105000,1681
2489655671,27922077,1420125004000,1682
2489831858,27922077,1420147316000,1683
2489447979,28646661,1420083833000,1684
2489450188,28646661,1420084393000,1685
2489660877,28646661,1420125693000,1686
2489441059,28675403,1420082144000,1687
2489441455,28675403,1420082238000,1688
2489443067,28675403,1420082651000,1689
2489443077,28675403,1420082652000,1690
2489440608,20700620,1420082044000,1691
2489440950,20700620,1420082118000,1692
2489439017,20906961,1420081693000,1693
2489436645,22342266,1420081210000,1694
2489529582,22342266,1420102810000,1695
2489670101,28268395,1420126876000,1696
2489675946,28268395,1420127621000,1697
2489662586,28689080,1420125916000,1698
2489667729,28689080,1420126578000,1699
2489667755,28689080,1420126582000,1700
2489386271,28544148,1420072630000,1701
2489386299,28544148,1420072635000,1702
2489386354,28544148,1420072645000,1703
2489386360,28544148,1420072645000,1704
2489387373,28544148,1420072781000,1705
2489387854,28544148,1420072837000,1706
2489388237,28544148,1420072892000,1707
2489389343,28544148,1420073048000,1708
2489445112,28679867,1420083134000,1709
2489445259,28679867,1420083172000,1710
2489445497,28679867,1420083237000,1711
2489838360,8802185,1420148107000,1712
2489848193,8802185,1420149259000,1713
2489849691,8802185,1420149432000,1714
2489438476,4896672,1420081567000,1715
2489749172,4896672,1420136972000,1716
2489825900,4896672,1420146572000,1717
2489667984,28595763,1420126611000,1718
2489670713,28595763,1420126951000,1719
2489678438,28595763,1420127946000,1720
2489371912,28676566,1420070807000,1721
2489384731,28676566,1420072424000,1722
2489387808,28676566,1420072831000,1723
2489373707,6943969,1420071033000,1724
2489379754,6943969,1420071775000,1725
2489495199,28505607,1420094960000,1726
2489495450,28505607,1420095027000,1727
2489496321,28505607,1420095237000,1728
2489538194,17056022,1420104670000,1729
2489538555,17056022,1420104746000,1730
2489602410,1985358,1420117043000,1731
2489753400,1985358,1420137533000,1732
2489742616,21012455,1420136141000,1733
2489743451,21012455,1420136253000,1734
2489384097,8122790,1420072350000,1735
2489381851,17907002,1420072043000,1736
2489490830,17907002,1420094049000,1737
2489536147,17907002,1420104231000,1738
2489536151,17907002,1420104232000,1739
2489536172,17907002,1420104236000,1740
2489735970,21440980,1420135326000,1741
2489752126,21440980,1420137367000,1742
2489753043,21440980,1420137483000,1743
2489759807,21440980,1420138310000,1744
2489839341,21440980,1420148229000,1745
2489658237,17611577,1420125337000,1746
2489658409,17611577,1420125353000,1747
2489658410,17611577,1420125354000,1748
2489658413,17611577,1420125354000,1749
2489835806,28696140,1420147811000,1750
2489835832,28696140,1420147813000,1751
2489835845,28696140,1420147813000,1752
2489835859,28696140,1420147814000,1753
2489835882,28696140,1420147816000,1754
2489835894,28696140,1420147817000,1755
2489847259,10257731,1420149149000,1756
2489847682,10257731,1420149203000,1757
2489674462,28580264,1420127416000,1758
2489674506,28580264,1420127421000,1759
2489541468,28684119,1420105339000,1760
2489545470,28684119,1420106254000,1761
2489495793,28682055,1420095118000,1762
2489495809,28682055,1420095122000,1763
2489543110,28045566,1420105702000,1764
2489741582,28045566,1420135991000,1765
2489838380,28696254,1420148109000,1766
2489840119,28696254,1420148320000,1767
2489742475,8488820,1420136122000,1768
2489843490,8488820,1420148721000,1769
2489848870,3477982,1420149339000,1770
2489849370,3477982,1420149394000,1771
2489737668,26354088,1420135537000,1772
2489742154,26354088,1420136078000,1773
2489826298,26354088,1420146620000,1774
2489829398,22771365,1420147009000,1775
2489830119,22771365,1420147093000,1776
2489833486,22771365,1420147520000,1777
2489846541,22771365,1420149059000,1778
2489668503,602351,1420126676000,1779
2489668515,602351,1420126677000,1780
2489740606,24366971,1420135868000,1781
2489743746,24366971,1420136294000,1782
2489761269,24366971,1420138493000,1783
2489651596,28431894,1420124466000,1784
2489652133,28431894,1420124541000,1785
2489493623,329035,1420094656000,1786
2489595022,329035,1420115746000,1787
2489539595,27119980,1420104950000,1788
2489541870,27119980,1420105436000,1789
2489382663,28457976,1420072150000,1790
2489492802,28457976,1420094470000,1791
2489736194,28457976,1420135352000,1792
2489737324,28691583,1420135504000,1793
2489740753,28691583,1420135881000,1794
2489741744,28691583,1420136013000,1795
2489838715,28691583,1420148152000,1796
2489674229,18132868,1420127384000,1797
2489674743,18132868,1420127455000,1798
2489674744,18132868,1420127455000,1799
2489675897,18132868,1420127615000,1800
2489676134,18132868,1420127645000,1801
2489583212,28410447,1420113688000,1802
2489588731,28410447,1420114694000,1803
2489669505,22040072,1420126806000,1804
2489669506,22040072,1420126806000,1805
2489745988,22040072,1420136567000,1806
2489748132,22040072,1420136841000,1807
2489754429,22040072,1420137662000,1808
2489755132,22040072,1420137735000,1809
2489755133,22040072,1420137735000,1810
2489755940,22040072,1420137829000,1811
2489601493,28556257,1420116891000,1812
2489601994,28556257,1420116971000,1813
2489827139,28556257,1420146722000,1814
2489828813,28556257,1420146936000,1815
2489832164,28556257,1420147359000,1816
2489833745,28556257,1420147551000,1817
2489834168,28556257,1420147602000,1818
2489840072,28556257,1420148314000,1819
2489843040,28556257,1420148664000,1820
2489375560,28677691,1420071238000,1821
2489378238,28677691,1420071573000,1822
2489753978,28692746,1420137604000,1823
2489762741,28692746,1420138663000,1824
2489837599,28692746,1420148022000,1825
2489850185,28692746,1420149485000,1826
2489449858,28677099,1420084310000,1827
2489744438,28677099,1420136380000,1828
2489746906,28677099,1420136698000,1829
2489828781,28677099,1420146932000,1830
2489485933,10708772,1420093001000,1831
2489486646,10708772,1420093183000,1832
2489371910,6486826,1420070804000,1833
2489377407,6486826,1420071461000,1834
2489381261,6486826,1420071972000,1835
2489382060,6486826,1420072068000,1836
2489386168,6486826,1420072617000,1837
2489445329,6486826,1420083191000,1838
2489447118,6486826,1420083633000,1839
2489447426,6486826,1420083709000,1840
2489447428,6486826,1420083709000,1841
2489841634,14429823,1420148497000,1842
2489841805,14429823,1420148518000,1843
2489447421,27232149,1420083708000,1844
2489450346,27232149,1420084440000,1845
2489587769,24989132,1420114522000,1846
2489589616,24989132,1420114863000,1847
2489591904,24989132,1420115170000,1848
2489592057,24989132,1420115196000,1849
2489592134,24989132,1420115211000,1850
2489596115,24989132,1420115946000,1851
2489602007,24989132,1420116973000,1852
2489602269,24989132,1420117015000,1853
2489840946,24989132,1420148410000,1854
2489394380,26497946,1420073781000,1855
2489394463,26497946,1420073796000,1856
2489487072,28544004,1420093270000,1857
2489495216,28544004,1420094963000,1858
2489391742,19899004,1420073402000,1859
2489392476,19899004,1420073503000,1860
2489392547,19899004,1420073512000,1861
2489392553,19899004,1420073513000,1862
2489392577,19899004,1420073519000,1863
2489587511,23510507,1420114473000,1864
2489653349,23510507,1420124699000,1865
2489656665,23510507,1420125130000,1866
2489736648,28686045,1420135417000,1867
2489740757,28686045,1420135881000,1868
2489495330,28682032,1420095000000,1869
2489495487,28682032,1420095037000,1870
2489393587,28550560,1420073664000,1871
2489393834,28550560,1420073699000,1872
2489482914,26756323,1420092530000,1873
2489483104,26756323,1420092559000,1874
2489483105,26756323,1420092559000,1875
2489485327,26756323,1420092903000,1876
2489486403,26756323,1420093123000,1877
2489486997,26756323,1420093250000,1878
2489487135,26756323,1420093284000,1879
2489487139,26756323,1420093284000,1880
2489530438,5429498,1420102965000,1881
2489834410,5429498,1420147640000,1882
2489737821,26398271,1420135550000,1883
2489827833,26398271,1420146803000,1884
2489383670,24388156,1420072286000,1885
2489384876,24388156,1420072442000,1886
2489823306,28274878,1420146254000,1887
2489831107,28274878,1420147222000,1888
2489594230,25490221,1420115589000,1889
2489594619,25490221,1420115675000,1890
2489594620,25490221,1420115675000,1891
2489662643,22610726,1420125924000,1892
2489675077,22610726,1420127499000,1893
2489663582,9033081,1420126043000,1894
2489664529,9033081,1420126169000,1895
2489537534,28682715,1420104538000,1896
2489539504,28682715,1420104939000,1897
2489593297,28682715,1420115419000,1898
2489594635,28682715,1420115677000,1899
2489595030,28682715,1420115747000,1900
2489531244,14598926,1420103143000,1901
2489592726,14598926,1420115325000,1902
2489597755,14598926,1420116246000,1903
2489598861,14598926,1420116439000,1904
2489602741,14598926,1420117103000,1905
2489671604,14598926,1420127062000,1906
2489672542,14598926,1420127183000,1907
2489672543,14598926,1420127183000,1908
2489490112,28681810,1420093904000,1909
2489490603,28681810,1420093996000,1910
2489491063,28681810,1420094108000,1911
2489491547,28681810,1420094200000,1912
2489832364,28695987,1420147381000,1913
2489835268,28695987,1420147743000,1914
2489442907,27579492,1420082604000,1915
2489481177,27579492,1420092178000,1916
2489371685,28674656,1420070786000,1917
2489385165,28674656,1420072484000,1918
2489447900,19040482,1420083809000,1919
2489745257,19040482,1420136475000,1920
2489446243,20452776,1420083436000,1921
2489828194,20452776,1420146854000,1922
2489598516,24847217,1420116383000,1923
2489678358,24847217,1420127936000,1924
2489678433,24847217,1420127946000,1925
2489821312,28695528,1420146022000,1926
2489824885,28695528,1420146437000,1927
2489593384,28686214,1420115439000,1928
2489594969,28686214,1420115738000,1929
2489602919,28686214,1420117139000,1930
2489671154,28686214,1420127004000,1931
2489751086,4706503,1420137236000,1932
2489751365,4706503,1420137276000,1933
2489735147,24909523,1420135224000,1934
2489735309,24909523,1420135243000,1935
2489488702,28679128,1420093637000,1936
2489538379,28679128,1420104709000,1937
2489392907,28570910,1420073564000,1938
2489395247,28570910,1420073921000,1939
2489654020,1036767,1420124780000,1940
2489602875,27342754,1420117129000,1941
2489602880,27342754,1420117130000,1942
2489545549,16538729,1420106265000,1943
2489590929,16538729,1420114977000,1944
2489594681,16538729,1420115688000,1945
2489488443,26786022,1420093591000,1946
2489489238,26786022,1420093733000,1947
2489489239,26786022,1420093733000,1948
2489832886,26786022,1420147439000,1949
2489839545,26786022,1420148253000,1950
2489677884,26456671,1420127870000,1951
2489677886,26456671,1420127870000,1952
2489677893,26456671,1420127870000,1953
2489441673,1191876,1420082286000,1954
2489446912,1191876,1420083587000,1955
2489759937,1191876,1420138329000,1956
2489825461,1191876,1420146513000,1957
2489741221,27847527,1420135941000,1958
2489741581,27847527,1420135991000,1959
2489745592,27847527,1420136517000,1960
2489751394,27847527,1420137279000,1961
2489751695,27847527,1420137318000,1962
2489751868,27847527,1420137337000,1963
2489752518,27847527,1420137413000,1964
2489831128,20410692,1420147225000,1965
2489832114,20410692,1420147353000,1966
2489482371,25900918,1420092436000,1967
2489488512,25900918,1420093604000,1968
2489489716,25900918,1420093834000,1969
2489384688,448045,1420072416000,1970
2489389050,448045,1420072999000,1971
2489739532,28062276,1420135757000,1972
2489740430,28062276,1420135853000,1973
2489740764,17098972,1420135883000,1974
2489740765,17098972,1420135883000,1975
2489757306,17098972,1420137998000,1976
2489541322,27260057,1420105302000,1977
2489541696,27260057,1420105390000,1978
2489541746,27260057,1420105404000,1979
2489592993,27260057,1420115371000,1980
2489669633,27260057,1420126817000,1981
2489593100,25837117,1420115387000,1982
2489593382,25837117,1420115437000,1983
2489593755,25837117,1420115503000,1984
2489593773,25837117,1420115507000,1985
2489593776,25837117,1420115507000,1986
2489492938,28681932,1420094498000,1987
2489495628,28681932,1420095073000,1988
2489821748,28241350,1420146073000,1989
2489450657,16035058,1420084532000,1990
2489532063,16035058,1420103317000,1991
2489596413,16035058,1420116001000,1992
2489597146,16035058,1420116123000,1993
2489672691,16035058,1420127197000,1994
2489370684,28507874,1420070671000,1995
2489659736,28507874,1420125526000,1996
2489660079,28507874,1420125577000,1997
2489661264,28507874,1420125748000,1998
2489664350,28507874,1420126145000,1999
2489668799,28507874,1420126717000,2000
2489672601,28507874,1420127190000,2001
2489676296,28507874,1420127669000,2002
2489756799,28507874,1420137938000,2003
2489761071,28507874,1420138468000,2004
2489763045,28507874,1420138703000,2005
2489821474,28507874,1420146042000,2006
2489383230,7672454,1420072224000,2007
2489836005,7672454,1420147829000,2008
2489829296,17263149,1420146993000,2009
2489839323,17263149,1420148227000,2010
2489749228,26636526,1420136980000,2011
2489451266,28680112,1420084690000,2012
2489849446,28680112,1420149404000,2013
2489844045,18606462,1420148780000,2014
2489844046,18606462,1420148780000,2015
2489829459,28695879,1420147015000,2016
2489831279,28695879,1420147247000,2017
2489842869,28695879,1420148642000,2018
2489748105,28691956,1420136839000,2019
2489755690,28691956,1420137796000,2020
2489760319,28691956,1420138376000,2021
2489540803,28531214,1420105200000,2022
2489541035,28531214,1420105249000,2023
2489541079,28531214,1420105256000,2024
2489546116,4344257,1420106399000,2025
2489753952,4344257,1420137601000,2026
2489753954,4344257,1420137601000,2027
2489755214,4344257,1420137744000,2028
2489755671,4344257,1420137795000,2029
2489757067,4344257,1420137969000,2030
2489597070,28686359,1420116110000,2031
2489597632,28686359,1420116212000,2032
2489529576,28683567,1420102810000,2033
2489529736,28683567,1420102831000,2034
2489587280,27279876,1420114427000,2035
2489589919,27279876,1420114908000,2036
2489824051,28695429,1420146346000,2037
2489825249,28695429,1420146485000,2038
2489825333,28695429,1420146496000,2039
2489825338,28695429,1420146496000,2040
2489831043,28695429,1420147215000,2041
2489831967,28695429,1420147332000,2042
2489832055,28695429,1420147344000,2043
2489832059,28695429,1420147344000,2044
2489586328,28684421,1420114255000,2045
2489592585,28684421,1420115298000,2046
2489741306,14267753,1420135954000,2047
2489750459,14267753,1420137150000,2048
2489752052,14267753,1420137358000,2049
2489848131,14267753,1420149253000,2050
2489392682,22580820,1420073534000,2051
2489446552,22580820,1420083498000,2052
2489489219,22580820,1420093730000,2053
2489595397,24457287,1420115811000,2054
2489655011,24457287,1420124912000,2055
2489830151,26659631,1420147096000,2056
2489447347,25901827,1420083693000,2057
2489447755,25901827,1420083776000,2058
2489495825,28681991,1420095127000,2059
2489497065,28681991,1420095427000,2060
2489735124,28670390,1420135221000,2061
2489736067,28670390,1420135337000,2062
2489753599,28524254,1420137555000,2063
2489831352,28524254,1420147255000,2064
2489370904,9736099,1420070701000,2065
2489370905,9736099,1420070701000,2066
2489374753,9736099,1420071154000,2067
2489383702,9736099,1420072289000,2068
2489385920,9736099,1420072580000,2069
2489385922,9736099,1420072580000,2070
2489388761,9736099,1420072962000,2071
2489388763,9736099,1420072962000,2072
2489490939,9736099,1420094076000,2073
2489834705,9736099,1420147676000,2074
2489588487,15428904,1420114648000,2075
2489594953,15428904,1420115737000,2076
2489596861,15428904,1420116073000,2077
2489597567,15428904,1420116198000,2078
2489539810,28684037,1420104988000,2079
2489752668,28692693,1420137435000,2080
2489757201,28692693,1420137984000,2081
2489750668,28636039,1420137171000,2082
2489750804,28636039,1420137194000,2083
2489750877,28636039,1420137206000,2084
2489750878,28636039,1420137207000,2085
2489486584,21497838,1420093173000,2086
2489486585,21497838,1420093173000,2087
2489491042,21497838,1420094103000,2088
2489657632,28688868,1420125254000,2089
2489658786,28688868,1420125402000,2090
2489676727,28688868,1420127723000,2091
2489751320,4213386,1420137268000,2092
2489842888,4213386,1420148645000,2093
2489842890,4213386,1420148645000,2094
2489368624,28677261,1420070447000,2095
2489368665,28677261,1420070450000,2096
2489584584,28270294,1420113937000,2097
2489737848,28270294,1420135553000,2098
2489678718,21764360,1420127981000,2099
2489758605,21764360,1420138161000,2100
2489763394,21764360,1420138744000,2101
2489654696,28399271,1420124869000,2102
2489654807,28399271,1420124884000,2103
2489662360,28399271,1420125890000,2104
2489662470,28399271,1420125904000,2105
2489663287,28399271,1420126003000,2106
2489671013,28399271,1420126988000,2107
2489446822,28534524,1420083563000,2108
2489447305,28534524,1420083683000,2109
2489448331,28534524,1420083929000,2110
2489738033,28691416,1420135572000,2111
2489749586,28691416,1420137030000,2112
2489830861,28691416,1420147192000,2113
2489655158,26536687,1420124931000,2114
2489657527,26536687,1420125240000,2115
2489659225,26536687,1420125454000,2116
2489661466,26536687,1420125774000,2117
2489668635,26536687,1420126694000,2118
2489488165,3516356,1420093530000,2119
2489532245,28683706,1420103361000,2120
2489834291,28696071,1420147622000,2121
2489836048,28696071,1420147835000,2122
2489841011,28696071,1420148420000,2123
2489738327,28376829,1420135602000,2124
2489738709,28376829,1420135651000,2125
2489744296,28376829,1420136361000,2126
2489761843,28376829,1420138563000,2127
2489735743,28657109,1420135294000,2128
2489484190,28603994,1420092728000,2129
2489488550,28603994,1420093610000,2130
2489489407,28603994,1420093776000,2131
2489490729,28603994,1420094027000,2132
2489583900,28603994,1420113817000,2133
2489585003,28603994,1420114014000,2134
2489586159,28603994,1420114225000,2135
2489743459,28603994,1420136254000,2136
2489441424,26711422,1420082231000,2137
2489442027,26711422,1420082386000,2138
2489443639,26711422,1420082789000,2139
2489445900,26711422,1420083350000,2140
2489447328,26711422,1420083688000,2141
2489494515,28542170,1420094820000,2142
2489497635,28542170,1420095568000,2143
2489736714,28692046,1420135425000,2144
2489736938,28692046,1420135456000,2145
2489740465,28692046,1420135853000,2146
2489740956,1423108,1420135901000,2147
2489746366,1423108,1420136621000,2148
2489495307,28668874,1420094993000,2149
2489846744,28668874,1420149082000,2150
2489838424,28696255,1420148115000,2151
2489595250,13381132,1420115783000,2152
2489660188,13381132,1420125594000,2153
2489660190,13381132,1420125595000,2154
2489660229,13381132,1420125602000,2155
2489667097,28689256,1420126505000,2156
2489667271,28689256,1420126527000,2157
2489496349,28682077,1420095245000,2158
2489496921,28682077,1420095386000,2159
2489586958,28682077,1420114360000,2160
2489599534,28685527,1420116560000,2161
2489601596,28685527,1420116906000,2162
2489655024,28687202,1420124914000,2163
2489667441,28687202,1420126547000,2164
2489369072,28671282,1420070495000,2165
2489376265,28671282,1420071326000,2166
2489752076,28671282,1420137361000,2167
2489757502,28692898,1420138027000,2168
2489757983,28692898,1420138078000,2169
2489759464,28692898,1420138268000,2170
2489760179,28692898,1420138363000,2171
2489760984,28692898,1420138457000,2172
2489370485,18156369,1420070646000,2173
2489388208,18156369,1420072886000,2174
2489541764,21681160,1420105409000,2175
2489736615,21681160,1420135411000,2176
2489740308,21681160,1420135838000,2177
2489740853,21681160,1420135890000,2178
2489376720,13222817,1420071380000,2179
2489381084,13222817,1420071950000,2180
2489750244,13222817,1420137116000,2181
2489444097,28574579,1420082910000,2182
2489445775,28574579,1420083317000,2183
2489830366,26052294,1420147125000,2184
2489830693,26052294,1420147171000,2185
2489752311,28692670,1420137389000,2186
2489756561,28692670,1420137909000,2187
2489758646,28692670,1420138164000,2188
2489762836,28692670,1420138675000,2189
2489592816,28559962,1420115337000,2190
2489594412,28559962,1420115628000,2191
2489667123,28559962,1420126508000,2192
2489383974,28216616,1420072335000,2193
2489384191,28216616,1420072358000,2194
2489438505,28216616,1420081572000,2195
2489442498,28216616,1420082496000,2196
2489444605,28216616,1420083017000,2197
2489448238,28216616,1420083899000,2198
2489451250,28216616,1420084686000,2199
2489480977,28216616,1420092144000,2200
2489542508,28216616,1420105574000,2201
2489597498,28216616,1420116184000,2202
2489736555,28007052,1420135402000,2203
2489739302,28007052,1420135722000,2204
2489739505,28007052,1420135752000,2205
2489741695,28007052,1420136004000,2206
2489741696,28007052,1420136004000,2207
2489480096,612230,1420092005000,2208
2489486096,612230,1420093045000,2209
2489821292,612230,1420146021000,2210
2489825374,28695701,1420146501000,2211
2489825756,28695701,1420146553000,2212
2489537488,1439857,1420104525000,2213
2489737196,1439857,1420135491000,2214
2489836692,1439857,1420147916000,2215
2489444829,4086616,1420083070000,2216
2489534804,4086616,1420103929000,2217
2489535290,4086616,1420104047000,2218
2489535788,4086616,1420104158000,2219
2489450719,28680087,1420084550000,2220
2489450733,28680087,1420084555000,2221
2489451447,28680087,1420084744000,2222
2489539599,28684028,1420104952000,2223
2489539791,28684028,1420104986000,2224
2489539792,28684028,1420104986000,2225
2489539795,28684028,1420104987000,2226
2489539796,28684028,1420104987000,2227
2489539799,28684028,1420104987000,2228
2489539801,28684028,1420104987000,2229
2489539802,28684028,1420104987000,2230
2489539803,28684028,1420104987000,2231
2489539805,28684028,1420104987000,2232
2489539806,28684028,1420104987000,2233
2489539807,28684028,1420104987000,2234
2489539808,28684028,1420104987000,2235
2489539809,28684028,1420104987000,2236
2489373443,28006225,1420070998000,2237
2489385628,28006225,1420072544000,2238
2489386031,28006225,1420072595000,2239
2489391683,28006225,1420073394000,2240
2489662480,28689073,1420125905000,2241
2489757534,28676168,1420138031000,2242
2489758450,28676168,1420138140000,2243
2489391236,2840960,1420073325000,2244
2489391868,2840960,1420073418000,2245
2489391949,2840960,1420073432000,2246
2489392092,2840960,1420073453000,2247
2489742776,28500778,1420136162000,2248
2489742777,28500778,1420136162000,2249
2489595244,17736073,1420115782000,2250
2489738615,17736073,1420135638000,2251
2489601551,27960711,1420116901000,2252
2489601553,27960711,1420116901000,2253
2489673309,300438,1420127269000,2254
2489677434,300438,1420127816000,2255
2489480647,4460868,1420092090000,2256
2489485054,4460868,1420092862000,2257
2489372237,9801644,1420070847000,2258
2489375913,9801644,1420071284000,2259
2489822254,9801644,1420146129000,2260
2489850174,9801644,1420149484000,2261
2489445514,28302800,1420083242000,2262
2489744003,28302800,1420136327000,2263
2489845814,28696574,1420148982000,2264
2489845895,28696574,1420148987000,2265
2489582931,28606131,1420113647000,2266
2489583845,28606131,1420113804000,2267
2489755613,28511215,1420137788000,2268
2489759569,28511215,1420138279000,2269
2489829648,28511215,1420147036000,2270
2489837765,28511215,1420148042000,2271
2489651225,28688602,1420124417000,2272
2489653959,28688602,1420124774000,2273
2489837731,26416880,1420148038000,2274
2489838827,26416880,1420148165000,2275
2489828609,21135913,1420146908000,2276
2489376603,28357820,1420071367000,2277
2489448030,28357820,1420083844000,2278
2489652038,18376778,1420124527000,2279
2489847500,28696650,1420149178000,2280
2489849922,28696650,1420149459000,2281
2489543551,23015959,1420105808000,2282
2489828835,23015959,1420146940000,2283
2489829412,23015959,1420147011000,2284
2489847473,23015959,1420149173000,2285
2489486000,28368107,1420093018000,2286
2489490723,28368107,1420094026000,2287
2489490780,28368107,1420094037000,2288
2489490790,28368107,1420094039000,2289
2489490811,28368107,1420094046000,2290
2489490923,28368107,1420094071000,2291
2489490945,28368107,1420094077000,2292
2489490950,28368107,1420094078000,2293
2489491018,28368107,1420094095000,2294
2489491044,28368107,1420094104000,2295
2489543530,21500692,1420105803000,2296
2489601878,21500692,1420116949000,2297
2489832365,21500692,1420147381000,2298
2489490212,28681815,1420093926000,2299
2489491023,28681815,1420094096000,2300
2489591633,26077653,1420115120000,2301
2489583621,28665257,1420113765000,2302
2489584979,28665257,1420114009000,2303
2489586307,28665257,1420114249000,2304
2489586578,28665257,1420114301000,2305
2489586647,28665257,1420114314000,2306
2489588564,28665257,1420114660000,2307
2489589102,28665257,1420114767000,2308
2489589789,28665257,1420114888000,2309
2489590893,28665257,1420114971000,2310
2489591400,28665257,1420115075000,2311
2489591882,28665257,1420115166000,2312
2489601336,28665257,1420116866000,2313
2489740455,28665257,1420135853000,2314
2489825236,28695697,1420146483000,2315
2489825954,28695697,1420146580000,2316
2489826144,28695697,1420146601000,2317
2489534732,28683826,1420103913000,2318
2489539681,28683826,1420104967000,2319
2489394578,10442936,1420073818000,2320
2489849508,10442936,1420149410000,2321
2489484044,28579729,1420092708000,2322
2489486547,28579729,1420093165000,2323
2489451391,3351871,1420084724000,2324
2489486362,3351871,1420093113000,2325
2489594806,3351871,1420115713000,2326
2489597501,3351871,1420116184000,2327
2489603026,3351871,1420117159000,2328
2489822365,3351871,1420146139000,2329
2489747013,28028751,1420136713000,2330
2489757374,28028751,1420138006000,2331
2489448621,15884097,1420084006000,2332
2489449719,15884097,1420084274000,2333
2489451020,15884097,1420084632000,2334
2489834659,22659911,1420147671000,2335
2489839562,22659911,1420148254000,2336
2489667270,28689262,1420126527000,2337
2489480147,28680541,1420092010000,2338
2489497689,28680541,1420095583000,2339
2489761650,28680541,1420138540000,2340
2489829590,28680541,1420147029000,2341
2489591499,28594568,1420115095000,2342
2489592898,28594568,1420115351000,2343
2489654417,13218168,1420124838000,2344
2489655000,13218168,1420124911000,2345
2489587281,6439865,1420114428000,2346
2489593199,6439865,1420115404000,2347
2489658053,6439865,1420125311000,2348
2489438778,25844679,1420081646000,2349
2489593579,25844679,1420115469000,2350
2489664515,25844679,1420126167000,2351
2489848920,28665995,1420149345000,2352
2489849051,28665995,1420149360000,2353
2489662864,28687719,1420125951000,2354
2489665187,28687719,1420126257000,2355
2489444034,28442181,1420082892000,2356
2489444105,28442181,1420082912000,2357
2489444457,28442181,1420082989000,2358
2489595582,28686295,1420115842000,2359
2489601199,28686295,1420116846000,2360
2489836065,28696153,1420147837000,2361
2489845635,28696153,1420148962000,2362
2489669042,13609590,1420126748000,2363
2489669043,13609590,1420126748000,2364
2489758137,11014007,1420138096000,2365
2489756574,27551870,1420137911000,2366
2489758607,27551870,1420138161000,2367
2489535875,26783313,1420104169000,2368
2489536348,26783313,1420104272000,2369
2489539244,26783313,1420104883000,2370
2489583216,26783313,1420113689000,2371
2489583965,26783313,1420113826000,2372
2489740602,26783313,1420135867000,2373
2489743718,26783313,1420136289000,2374
2489751123,26783313,1420137242000,2375
2489752263,26783313,1420137382000,2376
2489652367,22131621,1420124568000,2377
2489652369,22131621,1420124568000,2378
2489652370,22131621,1420124568000,2379
2489653741,22131621,1420124749000,2380
2489598474,28686408,1420116376000,2381
2489598522,28686408,1420116384000,2382
2489532896,28683706,1420103506000,2383
2489436805,28679535,1420081234000,2384
2489436999,28679535,1420081263000,2385
2489587514,28685993,1420114474000,2386
2489588828,28685993,1420114712000,2387
2489535271,637935,1420104042000,2388
2489535273,637935,1420104043000,2389
2489535696,637935,1420104134000,2390
2489822632,6338634,1420146166000,2391
2489822668,6338634,1420146169000,2392
2489750544,23887661,1420137159000,2393
2489757635,23887661,1420138041000,2394
2489535506,26813687,1420104095000,2395
2489536569,26813687,1420104324000,2396
2489678152,21265042,1420127906000,2397
2489750798,21265042,1420137192000,2398
2489651121,28687954,1420124409000,2399
2489655573,28687954,1420124989000,2400
2489450743,22639500,1420084558000,2401
2489599780,22639500,1420116605000,2402
2489371141,8995638,1420070727000,2403
2489447647,8995638,1420083756000,2404
2489737007,27974489,1420135468000,2405
2489740451,27974489,1420135853000,2406
2489676180,26205389,1420127652000,2407
2489753720,26205389,1420137571000,2408
2489845034,26205389,1420148892000,2409
2489670169,26044980,1420126884000,2410
2489670785,26044980,1420126959000,2411
2489378468,28425663,1420071608000,2412
2489379372,28425663,1420071726000,2413
2489379749,28425663,1420071775000,2414
2489651502,28687489,1420124452000,2415
2489653783,28687489,1420124754000,2416
2489675795,28687489,1420127600000,2417
2489535298,11138526,1420104047000,2418
2489544773,11138526,1420106084000,2419
2489375701,19961044,1420071259000,2420
2489437380,19961044,1420081332000,2421
2489497485,19961044,1420095527000,2422
2489587430,19961044,1420114457000,2423
2489763309,19961044,1420138732000,2424
2489652613,24967991,1420124602000,2425
2489652675,24967991,1420124609000,2426
2489737764,15514912,1420135545000,2427
2489739972,15514912,1420135803000,2428
2489743495,15514912,1420136260000,2429
2489543296,28684209,1420105750000,2430
2489543348,28684209,1420105763000,2431
2489541074,7923123,1420105255000,2432
2489839964,7923123,1420148300000,2433
2489660973,28688995,1420125705000,2434
2489668813,28688995,1420126718000,2435
2489588945,28686047,1420114737000,2436
2489589375,28686047,1420114818000,2437
2489542617,28478778,1420105597000,2438
2489674282,28478778,1420127391000,2439
2489437082,16412440,1420081278000,2440
2489595640,16412440,1420115855000,2441
2489384964,21390245,1420072457000,2442
2489387256,21390245,1420072770000,2443
2489375867,12494,1420071279000,2444
2489437477,12494,1420081350000,2445
2489587159,12494,1420114401000,2446
2489587162,12494,1420114401000,2447
2489587213,12494,1420114414000,2448
2489839290,28417866,1420148224000,2449
2489839990,28417866,1420148305000,2450
2489845438,5126751,1420148940000,2451
2489845514,5126751,1420148947000,2452
2489845564,5126751,1420148952000,2453
2489845632,5126751,1420148962000,2454
2489845679,5126751,1420148967000,2455
2489678126,28689702,1420127901000,2456
2489678277,28689702,1420127926000,2457
2489593044,4381863,1420115380000,2458
2489596745,4381863,1420116053000,2459
2489598581,4381863,1420116394000,2460
2489537880,2561582,1420104613000,2461
2489544870,2561582,1420106105000,2462
2489737915,2561582,1420135561000,2463
2489833800,2561582,1420147558000,2464
2489753852,20529042,1420137587000,2465
2489754645,20529042,1420137683000,2466
2489842592,24004821,1420148606000,2467
2489847723,24004821,1420149208000,2468
2489591864,28218686,1420115165000,2469
2489845477,28218686,1420148943000,2470
2489385442,24961109,1420072523000,2471
2489388264,24961109,1420072896000,2472
2489388439,24961109,1420072918000,2473
2489745180,7430030,1420136466000,2474
2489750066,7430030,1420137089000,2475
2489750484,7430030,1420137151000,2476
2489750880,7430030,1420137207000,2477
2489753247,7430030,1420137513000,2478
2489445579,28113523,1420083258000,2479
2489448150,28113523,1420083878000,2480
2489448569,28113523,1420083989000,2481
2489449003,28113523,1420084093000,2482
2489449315,28113523,1420084175000,2483
2489450219,28113523,1420084402000,2484
2489534575,28683813,1420103875000,2485
2489534711,28683813,1420103910000,2486
2489831304,16910882,1420147251000,2487
2489831310,16910882,1420147251000,2488
2489831337,16910882,1420147254000,2489
2489746611,24278560,1420136655000,2490
2489747723,24278560,1420136795000,2491
2489444827,11846443,1420083070000,2492
2489445924,11846443,1420083358000,2493
2489448581,11846443,1420083994000,2494
2489448582,11846443,1420083994000,2495
2489449062,11846443,1420084109000,2496
2489824187,28693974,1420146358000,2497
2489830335,28693974,1420147120000,2498
2489833408,28693974,1420147511000,2499
2489838523,28693974,1420148130000,2500
2489755238,28692804,1420137745000,2501
2489756499,28692804,1420137902000,2502
2489756828,28692804,1420137941000,2503
2489757240,28692804,1420137989000,2504
2489594535,28639346,1420115657000,2505
2489595785,28639346,1420115880000,2506
2489759709,28692998,1420138298000,2507
2489826577,28692998,1420146650000,2508
2489659592,14184082,1420125504000,2509
2489665691,14184082,1420126320000,2510
2489668596,14184082,1420126691000,2511
2489835943,14184082,1420147822000,2512
2489751634,21834647,1420137312000,2513
2489839817,21834647,1420148285000,2514
2489823794,28695632,1420146310000,2515
2489824111,28695632,1420146349000,2516
2489834822,18718748,1420147692000,2517
2489836937,18718748,1420147946000,2518
2489837506,18718748,1420148013000,2519
2489829124,28695868,1420146976000,2520
2489829197,28695868,1420146981000,2521
2489829935,28695868,1420147069000,2522
2489841425,28695868,1420148473000,2523
2489842265,28695868,1420148566000,2524
2489850877,28695868,1420149581000,2525
2489438823,24246370,1420081654000,2526
2489440308,24246370,1420081970000,2527
2489748973,24246370,1420136946000,2528
2489823480,19405480,1420146273000,2529
2489824349,19405480,1420146375000,2530
2489836431,28433104,1420147883000,2531
2489837424,28433104,1420148003000,2532
2489376630,8057761,1420071370000,2533
2489376632,8057761,1420071370000,2534
2489376649,8057761,1420071373000,2535
2489378566,8715146,1420071619000,2536
2489599054,8139198,1420116467000,2537
2489760780,8139198,1420138432000,2538
2489664794,23993459,1420126204000,2539
2489676355,23993459,1420127676000,2540
2489745339,23993459,1420136486000,2541
2489828848,23993459,1420146941000,2542
2489834314,23993459,1420147625000,2543
2489848290,23993459,1420149270000,2544
2489497163,3668353,1420095452000,2545
2489497733,3668353,1420095598000,2546
2489585135,28685162,1420114037000,2547
2489587820,28685162,1420114530000,2548
2489591324,28685162,1420115056000,2549
2489593859,28685162,1420115520000,2550
2489529741,26546866,1420102831000,2551
2489530494,26546866,1420102981000,2552
2489836235,28696161,1420147860000,2553
2489841968,28696161,1420148534000,2554
2489841974,28696161,1420148534000,2555
2489841981,28696161,1420148535000,2556
2489841984,28696161,1420148535000,2557
2489841989,28696161,1420148536000,2558
2489538019,4434126,1420104633000,2559
2489736300,4434126,1420135365000,2560
2489743138,4434126,1420136209000,2561
2489848807,4434126,1420149333000,2562
2489491173,28556865,1420094137000,2563
2489534131,28556865,1420103778000,2564
2489535907,28556865,1420104175000,2565
2489536862,361639,1420104383000,2566
2489536868,361639,1420104384000,2567
2489537096,361639,1420104432000,2568
2489386557,28521029,1420072665000,2569
2489392406,28521029,1420073492000,2570
2489599056,28521029,1420116467000,2571
2489601086,28521029,1420116825000,2572
2489749674,28521029,1420137042000,2573
2489760007,28521029,1420138338000,2574
2489828729,28521029,1420146926000,2575
2489393716,28678141,1420073682000,2576
2489394778,28678141,1420073851000,2577
2489450951,4205862,1420084616000,2578
2489450977,4205862,1420084620000,2579
2489450984,4205862,1420084622000,2580
2489380346,23243664,1420071855000,2581
2489494518,28655558,1420094820000,2582
2489496220,28655558,1420095209000,2583
2489382081,28677846,1420072071000,2584
2489382098,28677846,1420072074000,2585
2489436708,28499675,1420081218000,2586
2489438566,28499675,1420081587000,2587
2489438959,28499675,1420081682000,2588
2489440384,28499675,1420081988000,2589
2489451121,28499675,1420084658000,2590
2489675466,25745203,1420127554000,2591
2489676528,25745203,1420127698000,2592
2489653522,16001919,1420124719000,2593
2489666202,16001919,1420126386000,2594
2489846970,28588809,1420149112000,2595
2489848645,28588809,1420149314000,2596
2489494828,23326107,1420094884000,2597
2489494998,23326107,1420094911000,2598
2489839925,28691542,1420148298000,2599
2489840410,28691542,1420148355000,2600
2489840718,28691542,1420148385000,2601
2489843713,28691542,1420148743000,2602
2489849426,28691542,1420149401000,2603
2489825354,28680446,1420146498000,2604
2489829566,28680446,1420147026000,2605
2489831390,28680446,1420147260000,2606
2489491228,28681848,1420094148000,2607
2489492749,28681848,1420094462000,2608
2489675597,23744890,1420127571000,2609
2489675607,23744890,1420127572000,2610
2489677139,23744890,1420127776000,2611
2489451472,28257155,1420084750000,2612
2489585612,28257155,1420114115000,2613
2489482618,28047273,1420092486000,2614
2489847486,28047273,1420149174000,2615
2489441044,28662358,1420082142000,2616
2489442094,28662358,1420082404000,2617
2489751506,28692637,1420137295000,2618
2489753235,28692637,1420137513000,2619
2489748786,21054454,1420136923000,2620
2489750152,21054454,1420137105000,2621
2489386545,28671165,1420072663000,2622
2489391448,28671165,1420073356000,2623
2489670040,28689374,1420126870000,2624
2489670194,28689374,1420126887000,2625
2489669813,28688480,1420126840000,2626
2489840668,28688480,1420148380000,2627
2489383227,17234057,1420072223000,2628
2489383464,17234057,1420072259000,2629
2489583811,28681300,1420113799000,2630
2489589650,28681300,1420114869000,2631
2489590029,28681300,1420114930000,2632
2489592329,28681300,1420115250000,2633
2489593162,28681300,1420115396000,2634
2489597441,28681300,1420116172000,2635
2489601278,28681300,1420116859000,2636
2489601409,28681300,1420116881000,2637
2489821939,28507874,1420146092000,2638
2489829109,28507874,1420146973000,2639
2489830164,28507874,1420147098000,2640
2489831165,28507874,1420147233000,2641
2489832674,28507874,1420147416000,2642
2489836296,28507874,1420147868000,2643
2489837690,28507874,1420148032000,2644
2489843208,28507874,1420148686000,2645
2489849350,28507874,1420149392000,2646
2489743464,28185027,1420136255000,2647
2489746164,28185027,1420136590000,2648
2489763367,28185027,1420138740000,2649
2489587602,13963203,1420114490000,2650
2489588097,13963203,1420114576000,2651
2489389861,11496279,1420073128000,2652
2489585755,11496279,1420114145000,2653
2489369194,27432101,1420070510000,2654
2489437334,27432101,1420081324000,2655
2489480702,27432101,1420092097000,2656
2489530128,27432101,1420102911000,2657
2489583297,27432101,1420113703000,2658
2489652555,27432101,1420124592000,2659
2489651592,21182391,1420124465000,2660
2489746477,21182391,1420136635000,2661
2489756287,21182391,1420137873000,2662
2489586236,15250993,1420114240000,2663
2489587230,15250993,1420114417000,2664
2489388098,28569531,1420072871000,2665
2489497464,28569531,1420095519000,2666
2489489794,28681790,1420093849000,2667
2489662173,28689051,1420125863000,2668
2489665689,28689051,1420126320000,2669
2489665723,28689051,1420126325000,2670
2489372784,1300192,1420070910000,2671
2489375583,17873870,1420071240000,2672
2489376361,17873870,1420071339000,2673
2489376712,17873870,1420071380000,2674
2489449539,17873870,1420084235000,2675
2489449643,17873870,1420084254000,2676
2489450913,17873870,1420084606000,2677
2489488722,17873870,1420093640000,2678
2489653804,17873870,1420124755000,2679
2489671726,17873870,1420127079000,2680
2489746177,17873870,1420136592000,2681
2489757245,17873870,1420137990000,2682
2489602751,27998120,1420117106000,2683
2489603087,27998120,1420117169000,2684
2489652828,27998120,1420124633000,2685
2489662230,27998120,1420125872000,2686
2489588993,28686051,1420114744000,2687
2489589007,28686051,1420114748000,2688
2489837682,28696225,1420148032000,2689
2489841711,28696225,1420148505000,2690
2489842354,28696225,1420148575000,2691
2489846171,28696225,1420149017000,2692
2489670685,28689401,1420126947000,2693
2489670738,28689401,1420126954000,2694
2489671455,28689401,1420127042000,2695
2489377907,28677746,1420071529000,2696
2489393341,28677746,1420073629000,2697
2489542807,28684184,1420105640000,2698
2489542968,28684184,1420105673000,2699
2489390873,27977933,1420073274000,2700
2489379132,21898975,1420071694000,2701
2489381936,21898975,1420072054000,2702
2489387937,21898975,1420072847000,2703
2489492634,28270012,1420094434000,2704
2489492868,28270012,1420094481000,2705
2489495777,20962139,1420095112000,2706
2489761943,20962139,1420138574000,2707
2489763724,20962139,1420138790000,2708
2489760317,28690446,1420138375000,2709
2489832321,28690446,1420147376000,2710
2489390716,28543105,1420073253000,2711
2489390953,28543105,1420073288000,2712
2489395108,28543105,1420073896000,2713
2489395552,28543105,1420073961000,2714
2489742090,28543105,1420136069000,2715
2489756089,28543105,1420137848000,2716
2489494300,28680563,1420094776000,2717
2489497384,28680563,1420095500000,2718
2489734999,28264976,1420135211000,2719
2489762355,28264976,1420138618000,2720
2489763785,28264976,1420138799000,2721
2489384328,26326735,1420072372000,2722
2489386678,26326735,1420072681000,2723
2489584334,26326735,1420113891000,2724
2489595221,26326735,1420115777000,2725
2489444543,1303130,1420083008000,2726
2489734979,1303130,1420135209000,2727
2489829882,28695890,1420147064000,2728
2489833109,28695890,1420147468000,2729
2489833570,28695890,1420147529000,2730
2489821493,26497978,1420146043000,2731
2489830965,26497978,1420147206000,2732
2489589186,28686062,1420114785000,2733
2489589248,28686062,1420114797000,2734
2489758064,28686062,1420138087000,2735
2489661457,28689014,1420125772000,2736
2489661489,28689014,1420125776000,2737
2489755043,1584707,1420137726000,2738
2489760490,1584707,1420138399000,2739
2489490185,26566630,1420093921000,2740
2489490425,26566630,1420093962000,2741
2489496934,26566630,1420095392000,2742
2489659436,1653882,1420125482000,2743
2489833145,1653882,1420147473000,2744
2489447041,27001736,1420083613000,2745
2489654151,27001736,1420124799000,2746
2489660489,25393822,1420125640000,2747
2489675761,25393822,1420127595000,2748
2489676131,25393822,1420127645000,2749
2489676138,25393822,1420127645000,2750
2489676191,25393822,1420127654000,2751
2489822837,17753931,1420146191000,2752
2489823477,17753931,1420146273000,2753
2489658516,8750617,1420125365000,2754
2489659542,8750617,1420125496000,2755
2489740273,13795391,1420135834000,2756
2489753524,13795391,1420137545000,2757
2489839264,13795391,1420148223000,2758
2489832146,24122867,1420147357000,2759
2489834815,24122867,1420147692000,2760
2489835436,24122867,1420147765000,2761
2489590009,28686104,1420114929000,2762
2489591089,28686104,1420115009000,2763
2489591539,28686104,1420115105000,2764
2489480304,28043897,1420092034000,2765
2489484995,28043897,1420092854000,2766
2489491157,28043897,1420094133000,2767
2489492405,28043897,1420094380000,2768
2489497459,28043897,1420095518000,2769
2489486664,28681650,1420093185000,2770
2489486694,28681650,1420093193000,2771
2489763149,12837320,1420138714000,2772
2489763157,12837320,1420138714000,2773
2489763562,12837320,1420138769000,2774
2489763566,12837320,1420138769000,2775
2489376499,28289664,1420071355000,2776
2489388854,28289664,1420072972000,2777
2489668026,12386464,1420126617000,2778
2489669881,12386464,1420126849000,2779
2489824867,28577454,1420146434000,2780
2489825209,28577454,1420146476000,2781
2489844500,28577454,1420148831000,2782
2489600396,28686479,1420116721000,2783
2489601154,28686479,1420116837000,2784
2489381198,7653178,1420071966000,2785
2489381239,7653178,1420071971000,2786
2489381257,7653178,1420071972000,2787
2489381265,7653178,1420071972000,2788
2489381855,7653178,1420072043000,2789
2489381978,7653178,1420072060000,2790
2489384808,7653178,1420072435000,2791
2489394138,7653178,1420073743000,2792
2489736586,23174078,1420135407000,2793
2489737056,23174078,1420135476000,2794
2489752077,23174078,1420137361000,2795
2489824979,23174078,1420146450000,2796
2489748743,25313618,1420136917000,2797
2489748784,25313618,1420136923000,2798
2489748788,25313618,1420136923000,2799
2489736390,28690264,1420135378000,2800
2489736741,28690264,1420135431000,2801
2489736753,28690264,1420135431000,2802
2489736889,28690264,1420135451000,2803
2489737859,28690264,1420135555000,2804
2489735761,28690023,1420135296000,2805
2489746255,28690023,1420136604000,2806
2489748074,28690023,1420136836000,2807
2489758786,28690023,1420138181000,2808
2489486922,8819611,1420093240000,2809
2489489126,8819611,1420093713000,2810
2489491229,8819611,1420094148000,2811
2489533400,8819611,1420103618000,2812
2489533402,8819611,1420103618000,2813
2489535851,8819611,1420104166000,2814
2489536904,8819611,1420104392000,2815
2489536905,8819611,1420104392000,2816
2489541390,8819611,1420105320000,2817
2489652944,28664467,1420124647000,2818
2489655292,28664467,1420124951000,2819
2489657847,28664467,1420125282000,2820
2489660024,28664467,1420125567000,2821
2489661737,28664467,1420125808000,2822
2489664144,28664467,1420126115000,2823
2489665574,28664467,1420126307000,2824
2489391966,144,1420073437000,2825
2489443066,144,1420082651000,2826
2489673426,144,1420127285000,2827
2489482313,28661892,1420092421000,2828
2489486331,28661892,1420093107000,2829
2489493107,28661892,1420094534000,2830
2489821868,28661892,1420146084000,2831
2489840485,28661892,1420148361000,2832
2489841888,28661892,1420148526000,2833
2489760882,28693054,1420138444000,2834
2489761059,28693054,1420138467000,2835
2489437955,24815678,1420081453000,2836
2489483123,11174322,1420092565000,2837
2489532089,11174322,1420103323000,2838
2489535241,11174322,1420104035000,2839
2489438595,12640841,1420081600000,2840
2489439071,12640841,1420081708000,2841
2489439456,12640841,1420081794000,2842
2489439957,12640841,1420081901000,2843
2489494399,12640841,1420094791000,2844
2489654108,26142240,1420124791000,2845
2489655086,26142240,1420124924000,2846
2489601344,1076057,1420116867000,2847
2489827648,1076057,1420146782000,2848
2489829665,1076057,1420147039000,2849
2489832725,1076057,1420147421000,2850
2489582739,16648618,1420113619000,2851
2489583510,16648618,1420113744000,2852
2489587635,16648618,1420114497000,2853
2489675209,16648618,1420127519000,2854
2489675985,16648618,1420127625000,2855
2489677522,16648618,1420127828000,2856
2489449419,1286805,1420084201000,2857
2489747566,1286805,1420136777000,2858
2489747567,1286805,1420136777000,2859
2489747573,1286805,1420136777000,2860
2489754183,1286805,1420137630000,2861
2489755627,1286805,1420137790000,2862
2489821543,24366971,1420146049000,2863
2489655644,27147053,1420124999000,2864
2489738609,27147053,1420135637000,2865
2489392987,28678128,1420073576000,2866
2489395752,28678128,1420073997000,2867
2489669735,27859829,1420126828000,2868
2489673722,27859829,1420127323000,2869
2489675230,27859829,1420127522000,2870
2489675291,27859829,1420127528000,2871
2489675294,27859829,1420127529000,2872
2489675454,27859829,1420127553000,2873
2489675464,27859829,1420127554000,2874
2489755321,3336131,1420137756000,2875
2489848525,3336131,1420149299000,2876
2489391585,23735021,1420073379000,2877
2489391759,23735021,1420073404000,2878
2489377114,23331775,1420071428000,2879
2489378395,23331775,1420071596000,2880
2489489833,23331775,1420093856000,2881
2489672401,28689477,1420127168000,2882
2489677026,28689477,1420127763000,2883
2489760750,28693048,1420138431000,2884
2489761103,28693048,1420138473000,2885
2489545464,28293342,1420106252000,2886
2489386689,28677961,1420072685000,2887
2489758819,18231135,1420138187000,2888
2489763135,18231135,1420138711000,2889
2489822447,18231135,1420146146000,2890
2489822960,18231135,1420146207000,2891
2489826369,18231135,1420146626000,2892
2489497019,7850354,1420095412000,2893
2489497020,7850354,1420095412000,2894
2489672939,28050166,1420127226000,2895
2489673528,28050166,1420127298000,2896
2489678796,28050166,1420127992000,2897
2489369231,3016562,1420070514000,2898
2489369872,3016562,1420070575000,2899
2489370697,3016562,1420070673000,2900
2489371410,3016562,1420070760000,2901
2489374374,3016562,1420071109000,2902
2489374471,3016562,1420071120000,2903
2489381591,3016562,1420072013000,2904
2489381592,3016562,1420072013000,2905
2489381602,3016562,1420072014000,2906
2489393980,3016562,1420073720000,2907
2489437294,3016562,1420081317000,2908
2489539213,3016562,1420104876000,2909
2489541076,3016562,1420105256000,2910
2489541077,3016562,1420105256000,2911
2489831952,23738355,1420147329000,2912
2489832008,23738355,1420147338000,2913
2489753211,28692722,1420137508000,2914
2489753296,28692722,1420137518000,2915
2489743438,28692293,1420136250000,2916
2489743473,28692293,1420136256000,2917
2489748996,28692500,1420136949000,2918
2489749767,28692500,1420137055000,2919
2489750505,28692500,1420137154000,2920
2489750802,28692500,1420137193000,2921
2489751960,28692500,1420137347000,2922
2489753003,28692500,1420137479000,2923
2489756317,28692500,1420137878000,2924
2489756769,28692500,1420137934000,2925
2489758767,28692500,1420138181000,2926
2489758771,28692500,1420138181000,2927
2489758784,28692500,1420138181000,2928
2489758873,28692500,1420138196000,2929
2489371950,22201118,1420070812000,2930
2489437367,22201118,1420081330000,2931
2489448432,22201118,1420083956000,2932
2489449311,22201118,1420084174000,2933
2489481411,22201118,1420092243000,2934
2489481413,22201118,1420092243000,2935
2489484208,22201118,1420092732000,2936
2489488588,22201118,1420093616000,2937
2489488697,22201118,1420093636000,2938
2489748323,5169323,1420136864000,2939
2489749371,5169323,1420137002000,2940
2489651748,28688623,1420124486000,2941
2489653554,28688623,1420124724000,2942
2489752711,28692697,1420137442000,2943
2489753405,28692697,1420137533000,2944
2489754887,28692697,1420137710000,2945
2489759453,28692697,1420138268000,2946
2489374991,26210133,1420071174000,2947
2489375393,26210133,1420071220000,2948
2489530910,26210133,1420103066000,2949
2489830987,26210133,1420147210000,2950
2489658256,11255997,1420125340000,2951
2489659951,11255997,1420125557000,2952
2489482139,28664641,1420092383000,2953
2489486058,28664641,1420093034000,2954
2489491204,28664641,1420094143000,2955
2489494261,28664641,1420094766000,2956
2489395240,28244014,1420073921000,2957
2489395263,28244014,1420073922000,2958
2489480240,28681206,1420092025000,2959
2489480618,28681206,1420092083000,2960
2489481216,28681206,1420092186000,2961
2489388445,24368166,1420072922000,2962
2489388757,24368166,1420072962000,2963
2489374874,28003253,1420071165000,2964
2489838143,28003253,1420148085000,2965
2489449485,28459989,1420084219000,2966
2489450300,28459989,1420084429000,2967
2489745671,14344434,1420136527000,2968
2489747239,14344434,1420136743000,2969
2489760428,14344434,1420138391000,2970
2489439562,28253700,1420081821000,2971
2489387981,26234673,1420072852000,2972
2489388019,26234673,1420072857000,2973
2489601471,27528791,1420116887000,2974
2489602697,27528791,1420117096000,2975
2489603149,27528791,1420117182000,2976
2489849657,11278080,1420149429000,2977
2489850389,11278080,1420149513000,2978
2489438092,28042561,1420081483000,2979
2489438529,28042561,1420081576000,2980
2489837379,28691366,1420147997000,2981
2489844624,28691366,1420148846000,2982
2489369450,24353303,1420070532000,2983
2489375657,24353303,1420071252000,2984
2489379542,24353303,1420071752000,2985
2489745039,27934508,1420136450000,2986
2489746325,27934508,1420136616000,2987
2489746998,27934508,1420136712000,2988
2489369857,4878628,1420070575000,2989
2489384894,4878628,1420072446000,2990
2489375698,19961042,1420071259000,2991
2489388887,19961042,1420072976000,2992
2489437392,19961042,1420081334000,2993
2489497486,19961042,1420095528000,2994
2489587433,19961042,1420114457000,2995
2489763307,19961042,1420138732000,2996
2489589667,28563521,1420114871000,2997
2489590918,28563521,1420114976000,2998
2489665320,25350065,1420126274000,2999
2489653911,2927058,1420124770000,3000
2489669636,2927058,1420126817000,3001
2489450170,28680054,1420084386000,3002
2489451439,28680054,1420084742000,3003
2489385811,27440702,1420072564000,3004
2489387105,27440702,1420072749000,3005
2489388856,27440702,1420072972000,3006
2489389499,27440702,1420073068000,3007
2489393589,27440702,1420073664000,3008
2489678698,28417923,1420127977000,3009
2489737278,28417923,1420135499000,3010
2489754094,28417923,1420137619000,3011
2489757082,28417923,1420137970000,3012
2489823685,28417923,1420146298000,3013
2489842659,28417923,1420148616000,3014
2489849707,28417923,1420149434000,3015
2489530995,28683658,1420103081000,3016
2489531590,28683658,1420103222000,3017
2489533204,28683658,1420103567000,3018
2489673550,15840609,1420127299000,3019
2489673572,15840609,1420127304000,3020
2489584204,28560474,1420113867000,3021
2489585348,28560474,1420114068000,3022
2489736751,28560474,1420135431000,3023
2489756720,28692798,1420137927000,3024
2489756853,28692798,1420137944000,3025
2489821471,28695258,1420146041000,3026
2489822166,28695258,1420146119000,3027
2489822172,28695258,1420146119000,3028
2489828387,28695258,1420146878000,3029
2489840293,28695258,1420148340000,3030
2489843990,28695258,1420148774000,3031
2489844320,28695258,1420148811000,3032
2489844321,28695258,1420148811000,3033
2489834287,28696069,1420147620000,3034
2489838781,28696069,1420148160000,3035
2489839756,28696069,1420148279000,3036
2489840086,28696069,1420148316000,3037
2489843158,28696069,1420148681000,3038
2489843786,28696069,1420148750000,3039
2489844809,28696069,1420148865000,3040
2489847693,28696069,1420149204000,3041
2489750851,25824735,1420137202000,3042
2489759810,25824735,1420138311000,3043
2489828364,25824735,1420146876000,3044
2489828382,25824735,1420146878000,3045
2489488663,28428341,1420093630000,3046
2489488664,28428341,1420093631000,3047
2489538037,28428341,1420104637000,3048
2489823801,28695633,1420146311000,3049
2489825401,28695633,1420146505000,3050
2489826581,28695633,1420146651000,3051
2489844307,28695633,1420148810000,3052
2489850795,28695633,1420149568000,3053
2489837629,895991,1420148025000,3054
2489837914,895991,1420148061000,3055
2489387494,8870570,1420072796000,3056
2489387498,8870570,1420072796000,3057
2489387522,8870570,1420072801000,3058
2489387537,8870570,1420072801000,3059
2489845052,8870570,1420148892000,3060
2489601453,10127525,1420116886000,3061
2489829745,10127525,1420147049000,3062
2489391383,28648040,1420073346000,3063
2489395075,28648040,1420073893000,3064
2489439311,22539417,1420081763000,3065
2489440952,22539417,1420082118000,3066
2489382276,12582950,1420072099000,3067
2489383596,12582950,1420072277000,3068
2489394731,12582950,1420073846000,3069
2489437831,12582950,1420081425000,3070
2489438683,12582950,1420081621000,3071
2489442063,12582950,1420082394000,3072
2489444625,12582950,1420083022000,3073
2489445376,12582950,1420083204000,3074
2489541728,12582950,1420105398000,3075
2489849177,12582950,1420149372000,3076
2489444460,28636705,1420082991000,3077
2489445115,28636705,1420083136000,3078
2489480068,28636705,1420092000000,3079
2489487866,28636705,1420093465000,3080
2489593873,28636705,1420115522000,3081
2489597087,28636705,1420116113000,3082
2489652589,28636705,1420124598000,3083
2489654999,28636705,1420124911000,3084
2489751647,28636705,1420137312000,3085
2489752274,28636705,1420137384000,3086
2489834148,28636705,1420147599000,3087
2489486698,28681653,1420093195000,3088
2489488967,28681653,1420093682000,3089
2489532369,27740321,1420103390000,3090
2489753237,27740321,1420137513000,3091
2489735746,28689921,1420135294000,3092
2489736703,28689921,1420135423000,3093
2489591688,28686150,1420115134000,3094
2489596397,28686150,1420115998000,3095
2489597654,28686150,1420116218000,3096
2489480534,28619254,1420092072000,3097
2489540002,27637231,1420105026000,3098
2489540024,27637231,1420105029000,3099
2489540179,27637231,1420105058000,3100
2489845524,28696559,1420148948000,3101
2489845730,28696559,1420148972000,3102
2489531802,189840,1420103262000,3103
2489545365,189840,1420106229000,3104
2489753258,28692723,1420137513000,3105
2489755790,28692723,1420137809000,3106
2489651451,28636767,1420124444000,3107
2489657097,28636767,1420125182000,3108
2489372977,25259522,1420070933000,3109
2489377563,25259522,1420071481000,3110
2489746642,18106198,1420136659000,3111
2489758047,18106198,1420138086000,3112
2489761772,18106198,1420138553000,3113
2489760435,20031889,1420138392000,3114
2489761511,20031889,1420138524000,3115
2489443488,1396895,1420082759000,3116
2489445513,1396895,1420083242000,3117
2489750615,24814831,1420137166000,3118
2489386446,5135922,1420072655000,3119
2489391725,5135922,1420073400000,3120
2489656422,28604391,1420125097000,3121
2489437855,15365681,1420081431000,3122
2489450025,15365681,1420084349000,3123
2489599516,10744615,1420116557000,3124
2489659552,10744615,1420125499000,3125
2489591132,28684994,1420115019000,3126
2489593035,28684994,1420115379000,3127
2489600089,28684994,1420116666000,3128
2489742133,27989508,1420136075000,3129
2489762288,28693122,1420138609000,3130
2489667044,28688418,1420126499000,3131
2489671691,28688418,1420127073000,3132
2489754218,28675140,1420137635000,3133
2489754395,28675140,1420137659000,3134
2489496436,26603130,1420095269000,3135
2489496637,26603130,1420095322000,3136
2489677295,28689671,1420127798000,3137
2489677740,28689671,1420127855000,3138
2489821185,2541284,1420146011000,3139
2489821310,2541284,1420146022000,3140
2489848960,2541284,1420149349000,3141
2489849702,2541284,1420149434000,3142
2489850220,2541284,1420149490000,3143
2489482037,24524213,1420092361000,3144
2489483203,24524213,1420092574000,3145
2489487045,24524213,1420093263000,3146
2489488478,24524213,1420093597000,3147
2489489855,24524213,1420093862000,3148
2489494522,24524213,1420094820000,3149
2489494562,24524213,1420094831000,3150
2489495484,24524213,1420095036000,3151
2489495533,24524213,1420095048000,3152
2489496786,24524213,1420095352000,3153
2489543170,24524213,1420105719000,3154
2489373353,14895592,1420070988000,3155
2489373358,14895592,1420070988000,3156
2489373649,14895592,1420071026000,3157
2489678726,28686897,1420127982000,3158
2489742779,28686897,1420136162000,3159
2489753648,28686897,1420137563000,3160
2489835326,28686897,1420147751000,3161
2489759228,12924907,1420138242000,3162
2489760152,12924907,1420138359000,3163
2489488924,27920967,1420093671000,3164
2489489066,27920967,1420093699000,3165
2489489496,27920967,1420093796000,3166
2489530099,19408078,1420102906000,3167
2489656435,28688727,1420125100000,3168
2489656440,28688727,1420125100000,3169
2489656444,28688727,1420125100000,3170
2489656634,28688727,1420125125000,3171
2489666967,28688727,1420126486000,3172
2489482014,28681182,1420092356000,3173
2489483034,28681182,1420092551000,3174
2489483530,28681182,1420092622000,3175
2489754527,23267962,1420137672000,3176
2489754569,23267962,1420137676000,3177
2489660364,25083911,1420125620000,3178
2489661487,25083911,1420125776000,3179
2489491306,27510502,1420094159000,3180
2489491332,27510502,1420094163000,3181
2489491335,27510502,1420094163000,3182
2489491336,27510502,1420094163000,3183
2489391193,14829187,1420073319000,3184
2489391195,14829187,1420073319000,3185
2489391365,14829187,1420073344000,3186
2489395400,14829187,1420073941000,3187
2489395402,14829187,1420073941000,3188
2489831206,9685405,1420147240000,3189
2489831208,9685405,1420147240000,3190
2489832719,9685405,1420147421000,3191
2489834252,9685405,1420147614000,3192
2489834253,9685405,1420147614000,3193
2489657314,15116871,1420125212000,3194
2489658300,15116871,1420125346000,3195
2489658918,15116871,1420125416000,3196
2489662158,15116871,1420125861000,3197
2489662160,15116871,1420125861000,3198
2489667995,15116871,1420126614000,3199
2489745406,15116871,1420136494000,3200
2489379374,21377779,1420071726000,3201
2489381593,21377779,1420072013000,3202
2489382130,21377779,1420072078000,3203
2489382336,21377779,1420072108000,3204
2489382648,21377779,1420072147000,3205
2489382867,21377779,1420072179000,3206
2489384212,21377779,1420072360000,3207
2489384496,21377779,1420072395000,3208
2489538946,13549095,1420104820000,3209
2489544905,13549095,1420106113000,3210
2489379339,28140616,1420071719000,3211
2489379462,28140616,1420071739000,3212
2489735176,28691902,1420135228000,3213
2489737079,28691902,1420135477000,3214
2489739268,28691902,1420135718000,3215
2489588144,28647854,1420114584000,3216
2489589554,28647854,1420114850000,3217
2489530468,25177624,1420102973000,3218
2489535895,25177624,1420104174000,3219
2489537886,25177624,1420104615000,3220
2489544637,25177624,1420106053000,3221
2489545006,25177624,1420106140000,3222
2489583523,25177624,1420113747000,3223
2489535264,19385173,1420104042000,3224
2489535297,19385173,1420104047000,3225
2489596233,24139380,1420115966000,3226
2489600117,24139380,1420116670000,3227
2489597891,9897045,1420116273000,3228
2489597903,9897045,1420116275000,3229
2489597910,9897045,1420116275000,3230
2489746530,16992209,1420136643000,3231
2489750094,16992209,1420137093000,3232
2489753822,16992209,1420137582000,3233
2489531980,27133674,1420103302000,3234
2489588876,27133674,1420114722000,3235
2489534813,28683830,1420103932000,3236
2489535361,28683830,1420104058000,3237
2489485511,26070006,1420092934000,3238
2489486056,26070006,1420093034000,3239
2489671590,9493725,1420127060000,3240
2489671876,9493725,1420127098000,3241
2489373531,23770421,1420071009000,3242
2489439764,23770421,1420081858000,3243
2489442224,23770421,1420082432000,3244
2489497218,23770421,1420095463000,3245
2489602023,23770421,1420116976000,3246
2489828961,23770421,1420146956000,3247
2489377913,28209234,1420071530000,3248
2489392272,28209234,1420073474000,3249
2489844324,28664462,1420148812000,3250
2489847201,28664462,1420149143000,3251
2489848558,28664462,1420149304000,3252
2489668217,579842,1420126641000,3253
2489668218,579842,1420126641000,3254
2489669141,579842,1420126761000,3255
2489669142,579842,1420126761000,3256
2489382987,17147171,1420072194000,3257
2489383305,17147171,1420072235000,3258
2489596739,25920348,1420116051000,3259
2489602419,25920348,1420117044000,3260
2489534283,28140335,1420103818000,3261
2489544889,28140335,1420106109000,3262
2489755585,28692818,1420137785000,3263
2489756427,28692818,1420137892000,3264
2489587267,25741165,1420114424000,3265
2489587268,25741165,1420114424000,3266
2489439475,28639751,1420081802000,3267
2489822667,28639751,1420146169000,3268
2489823859,28639751,1420146318000,3269
2489832060,28639751,1420147344000,3270
2489541642,28684126,1420105373000,3271
2489541700,28684126,1420105392000,3272
2489542164,28684126,1420105506000,3273
2489544337,28684126,1420105979000,3274
2489828475,28025559,1420146890000,3275
2489829476,28025559,1420147016000,3276
2489833669,28025559,1420147544000,3277
2489750618,28568291,1420137166000,3278
2489751305,28568291,1420137267000,3279
2489599329,28325047,1420116524000,3280
2489599726,28325047,1420116598000,3281
2489823957,27735960,1420146333000,3282
2489828881,27735960,1420146945000,3283
2489369017,28677119,1420070491000,3284
2489451273,28374981,1420084694000,3285
2489538656,28374981,1420104763000,3286
2489545321,28374981,1420106215000,3287
2489584770,28374981,1420113969000,3288
2489597556,28374981,1420116196000,3289
2489530434,27472258,1420102965000,3290
2489531709,27472258,1420103247000,3291
2489533283,27472258,1420103587000,3292
2489533586,27472258,1420103666000,3293
2489583210,27472258,1420113688000,3294
2489587109,27472258,1420114391000,3295
2489590069,27468966,1420114939000,3296
2489601802,27468966,1420116937000,3297
2489596004,28686319,1420115928000,3298
2489596324,28686319,1420115984000,3299
2489537307,22365015,1420104485000,3300
2489537821,22365015,1420104602000,3301
2489537822,22365015,1420104602000,3302
2489486128,3217944,1420093053000,3303
2489489240,3217944,1420093734000,3304
2489489252,3217944,1420093736000,3305
2489837975,20391401,1420148066000,3306
2489845145,20391401,1420148903000,3307
2489655340,16328245,1420124955000,3308
2489658552,16328245,1420125370000,3309
2489658570,16328245,1420125373000,3310
2489658574,16328245,1420125373000,3311
2489375808,25533998,1420071271000,3312
2489383713,25533998,1420072291000,3313
2489395452,25533998,1420073947000,3314
2489388442,3228505,1420072922000,3315
2489437027,3228505,1420081269000,3316
2489441984,3228505,1420082371000,3317
2489442558,3228505,1420082513000,3318
2489443237,3228505,1420082696000,3319
2489444359,3228505,1420082969000,3320
2489450577,3228505,1420084513000,3321
2489493206,3228505,1420094553000,3322
2489495624,3228505,1420095072000,3323
2489584502,3228505,1420113924000,3324
2489586047,3228505,1420114206000,3325
2489823303,22647489,1420146253000,3326
2489823386,22647489,1420146260000,3327
2489823401,22647489,1420146263000,3328
2489825972,22647489,1420146581000,3329
2489826037,22647489,1420146589000,3330
2489826057,22647489,1420146590000,3331
2489372448,28677504,1420070867000,3332
2489392388,28677504,1420073490000,3333
2489846309,16110581,1420149033000,3334
2489846487,16110581,1420149052000,3335
2489384719,2163263,1420072423000,3336
2489674109,2163263,1420127369000,3337
2489534886,28658965,1420103949000,3338
2489534970,28658965,1420103966000,3339
2489537320,28658965,1420104486000,3340
2489583661,28658965,1420113770000,3341
2489491279,21778580,1420094155000,3342
2489491759,21778580,1420094238000,3343
2489491797,21778580,1420094248000,3344
2489491798,21778580,1420094248000,3345
2489494280,21778580,1420094771000,3346
2489495712,21778580,1420095096000,3347
2489598286,15529618,1420116347000,3348
2489598295,15529618,1420116348000,3349
2489598314,15529618,1420116351000,3350
2489599382,15529618,1420116534000,3351
2489599384,15529618,1420116534000,3352
2489601635,15529618,1420116911000,3353
2489381088,28677820,1420071951000,3354
2489383767,28677820,1420072301000,3355
2489587832,13831531,1420114532000,3356
2489587833,13831531,1420114532000,3357
2489747515,3569633,1420136772000,3358
2489748674,3569633,1420136908000,3359
2489756658,3569633,1420137921000,3360
2489756668,3569633,1420137923000,3361
2489756674,3569633,1420137924000,3362
2489440846,28348351,1420082097000,3363
2489441665,28348351,1420082285000,3364
2489441699,28348351,1420082293000,3365
2489652737,28348351,1420124620000,3366
2489653155,28348351,1420124676000,3367
2489487652,28681292,1420093405000,3368
2489492609,28681292,1420094427000,3369
2489494569,28681292,1420094831000,3370
2489603002,28127697,1420117155000,3371
2489603024,28127697,1420117159000,3372
2489603029,28127697,1420117160000,3373
2489443985,23285021,1420082883000,3374
2489446874,23285021,1420083577000,3375
2489447592,23285021,1420083743000,3376
2489377426,12711013,1420071463000,3377
2489377427,12711013,1420071463000,3378
2489542763,12711013,1420105633000,3379
2489830862,28695444,1420147195000,3380
2489843350,28695444,1420148703000,3381
2489756018,15104742,1420137840000,3382
2489756473,15104742,1420137900000,3383
2489758285,15104742,1420138116000,3384
2489735927,27546379,1420135321000,3385
2489737455,27546379,1420135517000,3386
2489738354,27546379,1420135606000,3387
2489658539,28688901,1420125369000,3388
2489658558,28688901,1420125371000,3389
2489658862,28688901,1420125409000,3390
2489480086,25964405,1420092002000,3391
2489490335,25964405,1420093948000,3392
2489490689,25964405,1420094015000,3393
2489491130,25964405,1420094125000,3394
2489491573,25964405,1420094204000,3395
2489491802,25964405,1420094248000,3396
2489491804,25964405,1420094248000,3397
2489492717,25964405,1420094455000,3398
2489494710,25964405,1420094861000,3399
2489736972,25964405,1420135463000,3400
2489749564,25964405,1420137026000,3401
2489446127,14081492,1420083406000,3402
2489446330,14081492,1420083455000,3403
2489843680,27244055,1420148741000,3404
2489383461,23853939,1420072259000,3405
2489386397,23853939,1420072649000,3406
2489394723,23853939,1420073842000,3407
2489394922,23853939,1420073872000,3408
2489675632,20444574,1420127576000,3409
2489676184,20444574,1420127652000,3410
2489676273,20444574,1420127666000,3411
2489676282,20444574,1420127668000,3412
2489676536,20444574,1420127699000,3413
2489439120,28372881,1420081722000,3414
2489439273,28372881,1420081755000,3415
2489738172,20810067,1420135584000,3416
2489834476,20810067,1420147649000,3417
2489829660,25233456,1420147038000,3418
2489830654,25233456,1420147166000,3419
2489674076,27677999,1420127365000,3420
2489751173,27677999,1420137248000,3421
2489443301,28646855,1420082714000,3422
2489740584,28646855,1420135866000,3423
2489753617,28646855,1420137558000,3424
2489824954,23235333,1420146446000,3425
2489830786,23235333,1420147185000,3426
2489442937,2386778,1420082611000,3427
2489601437,2386778,1420116881000,3428
2489602114,2386778,1420116991000,3429
2489602180,2386778,1420117004000,3430
2489847931,2386778,1420149234000,3431
2489847935,2386778,1420149234000,3432
2489589190,15917514,1420114786000,3433
2489589191,15917514,1420114786000,3434
2489598893,15917514,1420116444000,3435
2489758275,15917514,1420138116000,3436
2489742612,24311964,1420136141000,3437
2489743999,24311964,1420136327000,3438
2489745565,24311964,1420136514000,3439
2489830456,24311964,1420147140000,3440
2489848420,24311964,1420149286000,3441
2489748285,20886418,1420136861000,3442
2489754599,20886418,1420137679000,3443
2489370602,24451324,1420070661000,3444
2489543145,22250834,1420105712000,3445
2489543414,22250834,1420105778000,3446
2489438147,28325452,1420081496000,3447
2489438633,28325452,1420081610000,3448
2489666402,14069317,1420126412000,3449
2489666557,14069317,1420126434000,3450
2489450566,16621659,1420084509000,3451
2489660428,16621659,1420125631000,3452
2489822090,6011756,1420146108000,3453
2489823037,6011756,1420146216000,3454
2489823039,6011756,1420146216000,3455
2489823393,6011756,1420146263000,3456
2489823520,6011756,1420146279000,3457
2489823837,6011756,1420146315000,3458
2489824433,6011756,1420146383000,3459
2489585023,17015540,1420114019000,3460
2489592891,17015540,1420115351000,3461
2489594685,17015540,1420115689000,3462
2489833025,17015540,1420147456000,3463
2489654524,3289298,1420124851000,3464
2489655660,3289298,1420125001000,3465
2489656235,3289298,1420125075000,3466
2489656236,3289298,1420125075000,3467
2489754888,28692785,1420137710000,3468
2489755325,28692785,1420137757000,3469
2489592176,22317934,1420115220000,3470
2489372817,24850545,1420070915000,3471
2489655556,24850545,1420124986000,3472
2489667365,24850545,1420126538000,3473
2489677635,24850545,1420127842000,3474
2489678104,24850545,1420127899000,3475
2489837117,24850545,1420147965000,3476
2489846204,24850545,1420149021000,3477
2489385956,28677939,1420072583000,3478
2489386042,28677939,1420072597000,3479
2489596504,14275136,1420116015000,3480
2489598347,14275136,1420116356000,3481
2489675175,28680522,1420127513000,3482
2489675981,28680522,1420127625000,3483
2489677352,28680522,1420127805000,3484
2489481445,20482496,1420092246000,3485
2489496693,20482496,1420095333000,3486
2489533032,20482496,1420103532000,3487
2489585712,20482496,1420114137000,3488
2489595081,20482496,1420115753000,3489
2489661794,20482496,1420125814000,3490
2489670130,20482496,1420126878000,3491
2489737687,20482496,1420135539000,3492
2489823606,20482496,1420146289000,3493
2489837298,20482496,1420147988000,3494
2489674450,15510233,1420127414000,3495
2489738461,15510233,1420135621000,3496
2489376869,4924151,1420071398000,3497
2489384417,4924151,1420072383000,3498
2489384565,4924151,1420072402000,3499
2489385430,4924151,1420072520000,3500
2489385432,4924151,1420072521000,3501
2489386382,4924151,1420072648000,3502
2489386383,4924151,1420072648000,3503
2489386387,4924151,1420072648000,3504
2489386978,4924151,1420072727000,3505
2489387379,4924151,1420072781000,3506
2489760494,28693037,1420138401000,3507
2489761955,28693037,1420138575000,3508
2489671482,28689435,1420127047000,3509
2489673543,28689435,1420127299000,3510
2489387249,28677980,1420072770000,3511
2489391125,28677980,1420073309000,3512
2489392688,28677980,1420073534000,3513
2489652782,28593309,1420124626000,3514
2489653167,28593309,1420124677000,3515
2489655591,28593309,1420124991000,3516
2489446741,26557214,1420083539000,3517
2489540102,26557214,1420105043000,3518
2489389694,4537830,1420073104000,3519
2489391126,4537830,1420073309000,3520
2489753388,4537830,1420137530000,3521
2489533184,11671292,1420103565000,3522
2489586920,11671292,1420114355000,3523
2489436689,27974389,1420081215000,3524
2489436711,27974389,1420081218000,3525
2489436713,27974389,1420081218000,3526
2489436725,27974389,1420081220000,3527
2489437546,27974389,1420081364000,3528
2489756208,27729323,1420137863000,3529
2489823394,27729323,1420146263000,3530
2489828645,27729323,1420146912000,3531
2489834973,27729323,1420147710000,3532
2489836147,27729323,1420147848000,3533
2489837911,27729323,1420148060000,3534
2489843693,27729323,1420148742000,3535
2489847952,27729323,1420149235000,3536
2489541739,26240673,1420105402000,3537
2489588552,26240673,1420114659000,3538
2489437626,28679434,1420081376000,3539
2489438258,28679434,1420081516000,3540
2489438994,28679434,1420081688000,3541
2489762079,11014007,1420138588000,3542
2489824196,22164599,1420146360000,3543
2489832168,22164599,1420147359000,3544
2489541844,14028404,1420105428000,3545
2489541847,14028404,1420105429000,3546
2489491963,28636124,1420094278000,3547
2489497012,28636124,1420095408000,3548
2489497437,28636124,1420095514000,3549
2489822284,28695569,1420146131000,3550
2489822552,28695569,1420146159000,3551
2489534434,27024556,1420103853000,3552
2489536604,27024556,1420104334000,3553
2489541045,27024556,1420105250000,3554
2489664378,27024556,1420126149000,3555
2489671936,27024556,1420127107000,3556
2489670158,4193528,1420126881000,3557
2489672616,4193528,1420127191000,3558
2489673797,4193528,1420127331000,3559
2489677476,28689677,1420127824000,3560
2489678734,28689677,1420127983000,3561
2489824976,28694737,1420146450000,3562
2489831364,28694737,1420147257000,3563
2489450499,5946915,1420084492000,3564
2489677065,5946915,1420127767000,3565
2489746222,27909895,1420136599000,3566
2489752064,27909895,1420137359000,3567
2489443109,28258117,1420082662000,3568
2489443229,28258117,1420082694000,3569
2489449936,28258117,1420084327000,3570
2489451634,28258117,1420084799000,3571
2489662525,28546280,1420125910000,3572
2489668163,28546280,1420126635000,3573
2489735425,28546280,1420135257000,3574
2489743097,28546280,1420136203000,3575
2489744779,28546280,1420136421000,3576
2489757659,28546280,1420138045000,3577
2489847435,28546280,1420149167000,3578
2489534023,28683795,1420103759000,3579
2489535555,28683795,1420104105000,3580
2489539644,28683795,1420104961000,3581
2489828035,28543041,1420146831000,3582
2489842739,28543041,1420148626000,3583
2489850675,28543041,1420149552000,3584
2489489877,21477752,1420093866000,3585
2489489878,21477752,1420093866000,3586
2489490236,21477752,1420093931000,3587
2489490914,21477752,1420094070000,3588
2489491048,21477752,1420094105000,3589
2489492557,21477752,1420094415000,3590
2489495649,21477752,1420095077000,3591
2489665562,7921448,1420126305000,3592
2489667701,7921448,1420126576000,3593
2489393867,1311105,1420073704000,3594
2489439500,1311105,1420081808000,3595
2489481550,1311105,1420092265000,3596
2489483241,1311105,1420092579000,3597
2489486989,1311105,1420093248000,3598
2489535239,1311105,1420104035000,3599
2489828411,16356289,1420146883000,3600
2489829045,16356289,1420146965000,3601
2489439238,13186821,1420081748000,3602
2489484074,13186821,1420092712000,3603
2489490728,13186821,1420094027000,3604
2489497246,13186821,1420095467000,3605
2489668777,28689331,1420126713000,3606
2489671099,28689331,1420126996000,3607
2489675406,28689331,1420127545000,3608
2489380500,8063255,1420071873000,3609
2489388187,8063255,1420072882000,3610
2489391529,8063255,1420073369000,3611
2489393165,8063255,1420073605000,3612
2489393166,8063255,1420073605000,3613
2489532384,28683716,1420103393000,3614
2489532818,28683716,1420103487000,3615
2489661829,28689029,1420125821000,3616
2489662272,28689029,1420125879000,3617
2489545711,28548981,1420106304000,3618
2489592321,28509512,1420115249000,3619
2489594164,28509512,1420115577000,3620
2489831066,28509512,1420147217000,3621
2489375188,22381600,1420071192000,3622
2489375204,22381600,1420071194000,3623
2489375956,22381600,1420071289000,3624
2489375963,22381600,1420071289000,3625
2489538936,22381600,1420104816000,3626
2489538943,22381600,1420104819000,3627
2489592878,22381600,1420115350000,3628
2489592896,22381600,1420115351000,3629
2489653142,22381600,1420124674000,3630
2489653169,22381600,1420124677000,3631
2489653961,22381600,1420124774000,3632
2489653991,22381600,1420124777000,3633
2489383339,14258404,1420072242000,3634
2489442374,14258404,1420082465000,3635
2489442860,14258404,1420082590000,3636
2489735771,14258404,1420135298000,3637
2489740813,14258404,1420135887000,3638
2489543999,28270952,1420105913000,3639
2489544629,28270952,1420106050000,3640
2489544654,28270952,1420106058000,3641
2489589883,28270952,1420114901000,3642
2489593577,28270952,1420115469000,3643
2489593631,28270952,1420115477000,3644
2489651053,28270952,1420124401000,3645
2489651220,28270952,1420124416000,3646
2489651233,28270952,1420124418000,3647
2489652494,28270952,1420124585000,3648
2489654408,28270952,1420124836000,3649
2489655918,28270952,1420125035000,3650
2489655999,28270952,1420125046000,3651
2489662161,28270952,1420125861000,3652
2489662226,28270952,1420125872000,3653
2489484926,25755155,1420092841000,3654
2489485734,25755155,1420092965000,3655
2489486506,25755155,1420093155000,3656
2489487401,25755155,1420093339000,3657
2489487654,25755155,1420093406000,3658
2489741570,17151764,1420135990000,3659
2489741931,17151764,1420136042000,3660
2489748410,17151764,1420136874000,3661
2489545494,28293342,1420106258000,3662
2489754886,22119752,1420137710000,3663
2489755608,22119752,1420137788000,3664
2489832847,28653888,1420147436000,3665
2489833595,28653888,1420147532000,3666
2489583512,28356578,1420113745000,3667
2489745010,28356578,1420136446000,3668
2489544583,22835714,1420106037000,3669
2489545747,22835714,1420106310000,3670
2489385402,28677929,1420072518000,3671
2489741762,28690136,1420136016000,3672
2489742610,28690136,1420136141000,3673
2489743806,28690136,1420136304000,3674
2489745425,28690136,1420136496000,3675
2489745654,28690136,1420136525000,3676
2489750289,28690136,1420137125000,3677
2489751748,28690136,1420137322000,3678
2489752334,28690136,1420137392000,3679
2489826137,28695386,1420146600000,3680
2489840137,28695386,1420148321000,3681
2489436747,28657087,1420081222000,3682
2489443379,28657087,1420082731000,3683
2489449347,28657087,1420084182000,3684
2489451620,28657087,1420084797000,3685
2489491082,28657087,1420094114000,3686
2489493969,28657087,1420094719000,3687
2489491244,28681849,1420094150000,3688
2489491500,28681849,1420094188000,3689
2489481641,28557403,1420092285000,3690
2489484955,28557403,1420092847000,3691
2489485575,28557403,1420092944000,3692
2489485921,28557403,1420092998000,3693
2489486062,28557403,1420093035000,3694
2489486270,28557403,1420093087000,3695
2489486429,28557403,1420093133000,3696
2489491803,28557403,1420094248000,3697
2489821498,28557403,1420146044000,3698
2489827890,28557403,1420146810000,3699
2489836427,28557403,1420147882000,3700
2489837452,28557403,1420148007000,3701
2489837453,28557403,1420148007000,3702
2489837728,28557403,1420148037000,3703
2489838963,28557403,1420148178000,3704
2489369193,19821157,1420070510000,3705
2489369323,19821157,1420070522000,3706
2489371115,19821157,1420070724000,3707
2489372639,19821157,1420070892000,3708
2489372648,19821157,1420070892000,3709
2489380675,19821157,1420071896000,3710
2489383494,19821157,1420072265000,3711
2489383498,19821157,1420072265000,3712
2489825396,26595015,1420146505000,3713
2489825410,26595015,1420146507000,3714
2489440355,22621103,1420081981000,3715
2489440476,22621103,1420082012000,3716
2489440801,22621103,1420082089000,3717
2489440969,22621103,1420082122000,3718
2489372559,20284114,1420070880000,3719
2489438304,20284114,1420081525000,3720
2489444568,20284114,1420083011000,3721
2489449589,20284114,1420084246000,3722
2489482395,20284114,1420092446000,3723
2489489755,20284114,1420093842000,3724
2489829346,28695876,1420147001000,3725
2489830957,28695876,1420147205000,3726
2489390931,2562751,1420073284000,3727
2489449428,2562751,1420084204000,3728
2489659874,2562751,1420125547000,3729
2489376218,28677316,1420071321000,3730
2489376878,28677316,1420071399000,3731
2489492886,28681927,1420094486000,3732
2489493587,28681927,1420094649000,3733
2489661955,22670849,1420125837000,3734
2489662142,22670849,1420125858000,3735
2489662146,22670849,1420125858000,3736
2489662163,22670849,1420125861000,3737
2489663338,22670849,1420126009000,3738
2489663413,22670849,1420126019000,3739
2489663514,22670849,1420126034000,3740
2489666765,22670849,1420126461000,3741
2489746539,28692427,1420136644000,3742
2489755959,28692427,1420137832000,3743
2489762322,28692427,1420138614000,3744
2489762720,28692427,1420138660000,3745
2489841665,27135743,1420148500000,3746
2489843916,27135743,1420148767000,3747
2489850825,27135743,1420149573000,3748
2489395165,6746236,1420073905000,3749
2489597877,28144063,1420116268000,3750
2489654978,28144063,1420124908000,3751
2489543063,28625509,1420105693000,3752
2489583552,28625509,1420113752000,3753
2489584455,28625509,1420113914000,3754
2489584602,28625509,1420113940000,3755
2489584607,28625509,1420113940000,3756
2489586099,28625509,1420114215000,3757
2489589946,28625509,1420114913000,3758
2489591319,28625509,1420115056000,3759
2489591415,28625509,1420115080000,3760
2489595471,9291570,1420115827000,3761
2489752591,9291570,1420137422000,3762
2489753867,9291570,1420137589000,3763
2489755791,9291570,1420137809000,3764
2489762188,9291570,1420138603000,3765
2489831282,28695948,1420147247000,3766
2489831376,28695948,1420147259000,3767
2489838370,28695948,1420148108000,3768
2489495880,28664820,1420095142000,3769
2489496171,28664820,1420095198000,3770
2489496176,28664820,1420095199000,3771
2489598762,28359431,1420116427000,3772
2489835378,28359431,1420147758000,3773
2489480939,14440270,1420092136000,3774
2489544567,14440270,1420106032000,3775
2489747614,14440270,1420136781000,3776
2489448016,1856976,1420083841000,3777
2489672289,1856976,1420127154000,3778
2489588917,28686044,1420114732000,3779
2489829214,28686044,1420146983000,3780
2489590806,206317,1420114958000,3781
2489593549,206317,1420115464000,3782
2489664151,206317,1420126117000,3783
2489493874,28551654,1420094700000,3784
2489496267,28551654,1420095222000,3785
2489535463,28551654,1420104082000,3786
2489587500,28551654,1420114471000,3787
2489594683,28551654,1420115689000,3788
2489380595,28677807,1420071887000,3789
2489381126,28677807,1420071956000,3790
2489535823,28683883,1420104161000,3791
2489537370,28683883,1420104497000,3792
2489740994,28692189,1420135906000,3793
2489741069,28692189,1420135918000,3794
2489743480,28692189,1420136257000,3795
2489745170,28692376,1420136466000,3796
2489748202,28692376,1420136850000,3797
2489440932,28679676,1420082114000,3798
2489441094,28679676,1420082151000,3799
2489442335,28679676,1420082456000,3800
2489443405,28679676,1420082739000,3801
2489443507,28679676,1420082763000,3802
2489443535,28679676,1420082770000,3803
2489443536,28679676,1420082770000,3804
2489445060,28679676,1420083122000,3805
2489445211,28679676,1420083159000,3806
2489445277,28679676,1420083177000,3807
2489445279,28679676,1420083177000,3808
2489447832,28679676,1420083794000,3809
2489447952,28679676,1420083828000,3810
2489368151,27288715,1420070406000,3811
2489449351,27288715,1420084184000,3812
2489449362,27288715,1420084187000,3813
2489449363,27288715,1420084187000,3814
2489593279,22873519,1420115416000,3815
2489595564,22873519,1420115840000,3816
2489596051,22873519,1420115934000,3817
2489596414,22873519,1420116001000,3818
2489597363,22873519,1420116158000,3819
2489842579,23200448,1420148605000,3820
2489656455,28688803,1420125101000,3821
2489662564,28688803,1420125914000,3822
2489534103,5888353,1420103773000,3823
2489538921,5888353,1420104814000,3824
2489678395,28688125,1420127941000,3825
2489678396,28688125,1420127941000,3826
2489678400,28688125,1420127941000,3827
2489678403,28688125,1420127941000,3828
2489489147,28660073,1420093716000,3829
2489495134,28660073,1420094948000,3830
2489496058,28660073,1420095173000,3831
2489676312,28654883,1420127670000,3832
2489758568,28654883,1420138156000,3833
2489585020,18182615,1420114019000,3834
2489587117,18182615,1420114391000,3835
2489589787,18182615,1420114888000,3836
2489742010,14400546,1420136053000,3837
2489742012,14400546,1420136054000,3838
2489742013,14400546,1420136054000,3839
2489742015,14400546,1420136054000,3840
2489742018,14400546,1420136054000,3841
2489742020,14400546,1420136054000,3842
2489742021,14400546,1420136055000,3843
2489670408,27049756,1420126913000,3844
2489671346,27049756,1420127027000,3845
2489671737,27049756,1420127081000,3846
2489672347,27049756,1420127162000,3847
2489672733,27049756,1420127200000,3848
2489370582,28676936,1420070657000,3849
2489371214,28676936,1420070736000,3850
2489490621,28681820,1420094000000,3851
2489492004,28681820,1420094285000,3852
2489494544,28681820,1420094826000,3853
2489496487,28681820,1420095284000,3854
2489496889,22343235,1420095378000,3855
2489830310,22343235,1420147119000,3856
2489594552,28686252,1420115661000,3857
2489595964,28686252,1420115917000,3858
2489596843,28686252,1420116071000,3859
2489596974,28686252,1420116092000,3860
2489602788,28686252,1420117113000,3861
2489827042,28695780,1420146710000,3862
2489829653,28695780,1420147037000,3863
2489832026,28695780,1420147341000,3864
2489834831,28695780,1420147693000,3865
2489487925,28681711,1420093478000,3866
2489488488,28681711,1420093599000,3867
2489489422,28681711,1420093780000,3868
2489379215,27880728,1420071703000,3869
2489393802,27880728,1420073694000,3870
2489443543,28257386,1420082771000,3871
2489451229,28257386,1420084679000,3872
2489824145,28695643,1420146354000,3873
2489827440,28695643,1420146759000,3874
2489536511,25192826,1420104309000,3875
2489540951,25192826,1420105232000,3876
2489751955,25192826,1420137347000,3877
2489482203,28669303,1420092401000,3878
2489491493,28669303,1420094186000,3879
2489585996,28669303,1420114195000,3880
2489375435,18327432,1420071224000,3881
2489375456,18327432,1420071226000,3882
2489539096,18327432,1420104850000,3883
2489539105,18327432,1420104851000,3884
2489540013,28627282,1420105028000,3885
2489542046,28627282,1420105477000,3886
2489491958,28668692,1420094278000,3887
2489583356,28668692,1420113713000,3888
2489593894,28668692,1420115525000,3889
2489594707,28668692,1420115692000,3890
2489601797,28668692,1420116936000,3891
2489673027,28449529,1420127238000,3892
2489674540,28449529,1420127426000,3893
2489442365,27089359,1420082463000,3894
2489842264,27089359,1420148566000,3895
2489671710,11218466,1420127077000,3896
2489672585,11218466,1420127188000,3897
2489440558,28679659,1420082031000,3898
2489448038,28679659,1420083846000,3899
2489583518,27552140,1420113746000,3900
2489584265,27552140,1420113879000,3901
2489448482,3669065,1420083973000,3902
2489590985,3669065,1420114988000,3903
2489843903,3669065,1420148766000,3904
2489440661,2777076,1420082052000,3905
2489447557,2777076,1420083734000,3906
2489544152,2777076,1420105943000,3907
2489583793,2777076,1420113794000,3908
2489603014,2777076,1420117157000,3909
2489826081,22923251,1420146595000,3910
2489826088,22923251,1420146595000,3911
2489834586,22923251,1420147661000,3912
2489834594,22923251,1420147661000,3913
2489443725,28679802,1420082811000,3914
2489443946,28679802,1420082872000,3915
2489534165,28662001,1420103789000,3916
2489534207,28662001,1420103798000,3917
2489748626,28673273,1420136903000,3918
2489763411,28673273,1420138746000,3919
2489591680,28686149,1420115131000,3920
2489591745,28686149,1420115145000,3921
2489592304,28686149,1420115246000,3922
2489588421,28686026,1420114636000,3923
2489600282,28686026,1420116699000,3924
2489672636,28686026,1420127193000,3925
2489822575,27835647,1420146160000,3926
2489822576,27835647,1420146160000,3927
2489448018,6486826,1420083841000,3928
2489448394,6486826,1420083947000,3929
2489489873,6486826,1420093866000,3930
2489490498,6486826,1420093971000,3931
2489491634,6486826,1420094218000,3932
2489493841,6486826,1420094695000,3933
2489494884,6486826,1420094891000,3934
2489532867,6486826,1420103500000,3935
2489532869,6486826,1420103500000,3936
2489532875,6486826,1420103501000,3937
2489532899,6486826,1420103506000,3938
2489735998,28691984,1420135329000,3939
2489737011,28691984,1420135471000,3940
2489663394,28689119,1420126017000,3941
2489663651,28689119,1420126052000,3942
2489669346,28689119,1420126782000,3943
2489844060,28689119,1420148781000,3944
2489368791,27951593,1420070465000,3945
2489373053,27951593,1420070945000,3946
2489588815,7717808,1420114709000,3947
2489589331,7717808,1420114813000,3948
2489589332,7717808,1420114813000,3949
2489588813,28686041,1420114709000,3950
2489599026,28686041,1420116463000,3951
2489492036,22468134,1420094294000,3952
2489492403,22468134,1420094379000,3953
2489492545,22468134,1420094414000,3954
2489492551,22468134,1420094414000,3955
2489493026,22468134,1420094520000,3956
2489530111,22468134,1420102907000,3957
2489589346,28686072,1420114814000,3958
2489589383,28686072,1420114819000,3959
2489753351,28692727,1420137524000,3960
2489755083,28692727,1420137730000,3961
2489822526,1426859,1420146154000,3962
2489826934,1426859,1420146696000,3963
2489827751,1426859,1420146794000,3964
2489827752,1426859,1420146794000,3965
2489837672,28696224,1420148030000,3966
2489839689,28696224,1420148269000,3967
2489652125,28002060,1420124539000,3968
2489656153,28002060,1420125066000,3969
2489660919,12496351,1420125699000,3970
2489660923,12496351,1420125699000,3971
2489832998,28329383,1420147453000,3972
2489845386,28329383,1420148932000,3973
2489846025,28329383,1420149003000,3974
2489849388,28329383,1420149396000,3975
2489762332,28693126,1420138615000,3976
2489821730,28693126,1420146071000,3977
2489653617,2464908,1420124732000,3978
2489654286,2464908,1420124822000,3979
2489654319,2464908,1420124826000,3980
2489654511,2464908,1420124850000,3981
2489667691,2464908,1420126575000,3982
2489667693,2464908,1420126575000,3983
2489668401,2464908,1420126662000,3984
2489668402,2464908,1420126662000,3985
2489670515,2464908,1420126927000,3986
2489671419,2464908,1420127036000,3987
2489589973,25186560,1420114919000,3988
2489594242,25186560,1420115592000,3989
2489602532,25186560,1420117062000,3990
2489742918,25186560,1420136178000,3991
2489743203,25186560,1420136217000,3992
2489602245,28555687,1420117011000,3993
2489652458,28555687,1420124582000,3994
2489585854,5966572,1420114168000,3995
2489831826,5966572,1420147311000,3996
2489380941,10707658,1420071931000,3997
2489663142,10707658,1420125985000,3998
2489673479,10707658,1420127293000,3999
2489675508,10707658,1420127560000,4000
2489762231,10707658,1420138608000,4001
2489841408,10707658,1420148471000,4002
2489669373,4493652,1420126784000,4003
2489671464,4493652,1420127043000,4004
2489672471,4493652,1420127178000,4005
2489673009,4493652,1420127235000,4006
2489744379,4493652,1420136373000,4007
2489746585,4493652,1420136652000,4008
2489760309,4493652,1420138374000,4009
2489760377,4493652,1420138383000,4010
2489834179,4493652,1420147603000,4011
2489834180,4493652,1420147603000,4012
2489848846,4493652,1420149337000,4013
2489823539,28695084,1420146280000,4014
2489826193,28695084,1420146608000,4015
2489494239,25651566,1420094760000,4016
2489495681,25651566,1420095087000,4017
2489496211,25651566,1420095206000,4018
2489827122,28695781,1420146720000,4019
2489827405,28695781,1420146755000,4020
2489534351,28516265,1420103831000,4021
2489534353,28516265,1420103831000,4022
2489591216,28516265,1420115036000,4023
2489591218,28516265,1420115036000,4024
2489592385,28516265,1420115260000,4025
2489592389,28516265,1420115261000,4026
2489531133,9427053,1420103115000,4027
2489531134,9427053,1420103115000,4028
2489531729,9427053,1420103251000,4029
2489534141,9427053,1420103782000,4030
2489537136,9427053,1420104442000,4031
2489438681,17753673,1420081621000,4032
2489438834,17753673,1420081656000,4033
2489439145,17753673,1420081727000,4034
2489368210,10314483,1420070410000,4035
2489436652,10314483,1420081210000,4036
2489480129,10314483,1420092010000,4037
2489529589,10314483,1420102810000,4038
2489582668,10314483,1420113611000,4039
2489651141,10314483,1420124410000,4040
2489735207,10314483,1420135231000,4041
2489821161,10314483,1420146010000,4042
2489486682,17541180,1420093189000,4043
2489676370,17541180,1420127678000,4044
2489529910,21741891,1420102865000,4045
2489529911,21741891,1420102865000,4046
2489530798,21741891,1420103043000,4047
2489535584,21741891,1420104112000,4048
2489585894,28685935,1420114176000,4049
2489587146,28685935,1420114399000,4050
2489592905,28159987,1420115352000,4051
2489843133,28159987,1420148677000,4052
2489376959,28464320,1420071405000,4053
2489377029,28464320,1420071415000,4054
2489377132,28464320,1420071430000,4055
2489377413,28464320,1420071462000,4056
2489441317,28464320,1420082206000,4057
2489441367,28464320,1420082216000,4058
2489441426,28464320,1420082231000,4059
2489441477,28464320,1420082244000,4060
2489485949,28464320,1420093005000,4061
2489485981,28464320,1420093015000,4062
2489486039,28464320,1420093029000,4063
2489486089,28464320,1420093043000,4064
2489534234,28464320,1420103806000,4065
2489534262,28464320,1420103813000,4066
2489823251,27983092,1420146246000,4067
2489831213,27983092,1420147240000,4068
2489493165,24622772,1420094545000,4069
2489493971,24622772,1420094720000,4070
2489493972,24622772,1420094720000,4071
2489536077,22005301,1420104217000,4072
2489593410,28686215,1420115442000,4073
2489593595,28686215,1420115472000,4074
2489830601,21317969,1420147160000,4075
2489849307,21317969,1420149386000,4076
2489536988,28657858,1420104410000,4077
2489537273,28657858,1420104475000,4078
2489493705,28643364,1420094668000,4079
2489529972,28643364,1420102877000,4080
2489761551,28643364,1420138528000,4081
2489491275,28081355,1420094154000,4082
2489491965,28081355,1420094278000,4083
2489756034,28692832,1420137841000,4084
2489756943,28692832,1420137953000,4085
2489439448,11797715,1420081793000,4086
2489440559,11797715,1420082031000,4087
2489443218,11797715,1420082692000,4088
2489443341,11797715,1420082722000,4089
2489542769,11797715,1420105633000,4090
2489543642,11797715,1420105833000,4091
2489544092,11797715,1420105929000,4092
2489847209,11797715,1420149143000,4093
2489848473,11797715,1420149294000,4094
2489830474,22958615,1420147143000,4095
2489845581,22958615,1420148957000,4096
2489743223,2573058,1420136220000,4097
2489840064,2573058,1420148314000,4098
2489848504,2573058,1420149297000,4099
2489752675,28692694,1420137437000,4100
2489752867,28692694,1420137462000,4101
2489589527,12865009,1420114846000,4102
2489589972,12865009,1420114918000,4103
2489593783,12865009,1420115508000,4104
2489821348,20417065,1420146026000,4105
2489840061,20417065,1420148314000,4106
2489840457,20417065,1420148359000,4107
2489841056,20417065,1420148425000,4108
2489844471,20417065,1420148828000,4109
2489669717,28689360,1420126827000,4110
2489671681,28689360,1420127073000,4111
2489841157,24667579,1420148439000,4112
2489841427,24667579,1420148473000,4113
2489841744,24667579,1420148510000,4114
2489848890,9380687,1420149342000,4115
2489849128,9380687,1420149367000,4116
2489450383,27110887,1420084452000,4117
2489485072,27110887,1420092864000,4118
2489595927,15378655,1420115908000,4119
2489669740,15378655,1420126829000,4120
2489753393,15378655,1420137530000,4121
2489387576,28677988,1420072804000,4122
2489584382,28685651,1420113901000,4123
2489585220,28685651,1420114054000,4124
2489375591,24082551,1420071243000,4125
2489375598,24082551,1420071243000,4126
2489442819,24082551,1420082579000,4127
2489484805,24082551,1420092825000,4128
2489489357,24082551,1420093761000,4129
2489533829,24082551,1420103715000,4130
2489586803,24082551,1420114334000,4131
2489591952,24082551,1420115181000,4132
2489749374,24518232,1420137003000,4133
2489842683,8417069,1420148620000,4134
2489842753,8417069,1420148630000,4135
2489844172,8417069,1420148795000,4136
2489844256,8417069,1420148805000,4137
2489371031,13516504,1420070715000,4138
2489371043,13516504,1420070717000,4139
2489371054,13516504,1420070718000,4140
2489371055,13516504,1420070718000,4141
2489371595,13516504,1420070778000,4142
2489536688,28683910,1420104351000,4143
2489537247,28683910,1420104467000,4144
2489378328,1580851,1420071587000,4145
2489532268,1580851,1420103368000,4146
2489587278,1580851,1420114427000,4147
2489600114,1580851,1420116670000,4148
2489591038,1886360,1420114999000,4149
2489761207,1886360,1420138485000,4150
2489374445,28064757,1420071118000,4151
2489376029,28064757,1420071299000,4152
2489671153,28664249,1420127004000,4153
2489672905,28664249,1420127222000,4154
2489673584,28664249,1420127304000,4155
2489483276,5914996,1420092587000,4156
2489484324,5914996,1420092758000,4157
2489530741,5914996,1420103031000,4158
2489532260,5914996,1420103365000,4159
2489536533,5914996,1420104314000,4160
2489496810,21058725,1420095359000,4161
2489496978,21058725,1420095401000,4162
2489761001,28440082,1420138458000,4163
2489836658,28440082,1420147913000,4164
2489666794,28517753,1420126465000,4165
2489676226,28517753,1420127660000,4166
2489750997,28517753,1420137223000,4167
2489673447,28650549,1420127287000,4168
2489678238,28650549,1420127921000,4169
2489823236,28650549,1420146244000,4170
2489652559,28688655,1420124592000,4171
2489652976,28688655,1420124650000,4172
2489445944,24039939,1420083364000,4173
2489449647,24039939,1420084256000,4174
2489836529,21215236,1420147896000,4175
2489839974,21215236,1420148303000,4176
2489392923,25941039,1420073565000,4177
2489828327,25997031,1420146872000,4178
2489831093,25997031,1420147220000,4179
2489391225,28673882,1420073324000,4180
2489756623,28673882,1420137916000,4181
2489675871,28689609,1420127611000,4182
2489676136,28689609,1420127645000,4183
2489481553,14502608,1420092265000,4184
2489668850,14502608,1420126721000,4185
2489651797,28685419,1420124494000,4186
2489844140,13683738,1420148790000,4187
2489844722,13683738,1420148856000,4188
2489845330,13683738,1420148927000,4189
2489446750,27091199,1420083541000,4190
2489490344,27091199,1420093950000,4191
2489375286,20387866,1420071206000,4192
2489375512,20387866,1420071232000,4193
2489738839,8321063,1420135664000,4194
2489747311,8321063,1420136749000,4195
2489738826,28607635,1420135663000,4196
2489739703,28607635,1420135776000,4197
2489745085,28692371,1420136457000,4198
2489745315,28692371,1420136483000,4199
2489494273,28681985,1420094771000,4200
2489494343,28681985,1420094780000,4201
2489494478,28681985,1420094814000,4202
2489494547,28681985,1420094826000,4203
2489444876,20180637,1420083076000,4204
2489758975,20180637,1420138208000,4205
2489745045,28692367,1420136452000,4206
2489745344,28692367,1420136486000,4207
2489651138,28271942,1420124410000,4208
2489663774,28271942,1420126065000,4209
2489664811,28271942,1420126207000,4210
2489665864,28271942,1420126343000,4211
2489371521,26138135,1420070771000,4212
2489378183,26138135,1420071568000,4213
2489390797,26138135,1420073265000,4214
2489440140,28652558,1420081943000,4215
2489441825,28652558,1420082327000,4216
2489450127,28652558,1420084371000,4217
2489497527,28652558,1420095541000,4218
2489530847,11697046,1420103052000,4219
2489530848,11697046,1420103052000,4220
2489373637,20252671,1420071025000,4221
2489376915,20252671,1420071402000,4222
2489378492,20252671,1420071610000,4223
2489378926,20252671,1420071667000,4224
2489380194,20252671,1420071834000,4225
2489439593,27288767,1420081828000,4226
2489384869,28677911,1420072440000,4227
2489438907,28679605,1420081670000,4228
2489439691,28679605,1420081843000,4229
2489440341,28679605,1420081976000,4230
2489751936,28692654,1420137344000,4231
2489753330,28692654,1420137522000,4232
2489753628,28692654,1420137560000,4233
2489848580,17446377,1420149306000,4234
2489850749,17446377,1420149562000,4235
2489673330,28687870,1420127271000,4236
2489673644,28687870,1420127314000,4237
2489673916,28687870,1420127347000,4238
2489446292,20157492,1420083447000,4239
2489750323,20157492,1420137127000,4240
2489594088,4076669,1420115563000,4241
2489595692,4076669,1420115863000,4242
2489493113,26043160,1420094535000,4243
2489494513,26043160,1420094819000,4244
2489494637,26043160,1420094846000,4245
2489494681,26043160,1420094851000,4246
2489494686,26043160,1420094851000,4247
2489494713,26043160,1420094861000,4248
2489494730,26043160,1420094866000,4249
2489494736,26043160,1420094866000,4250
2489822078,26043160,1420146105000,4251
2489847100,26043160,1420149130000,4252
2489448759,28678490,1420084040000,4253
2489449303,28678490,1420084172000,4254
2489444346,28655250,1420082965000,4255
2489444781,28655250,1420083060000,4256
2489443848,15514329,1420082851000,4257
2489444307,15514329,1420082955000,4258
2489756009,28692831,1420137839000,4259
2489756064,28692831,1420137846000,4260
2489739672,18416718,1420135772000,4261
2489757351,18416718,1420138003000,4262
2489532010,28312912,1420103307000,4263
2489654170,28312912,1420124802000,4264
2489654864,28312912,1420124892000,4265
2489658061,28312912,1420125312000,4266
2489596572,24068985,1420116023000,4267
2489597254,24068985,1420116138000,4268
2489597257,24068985,1420116138000,4269
2489374304,8049159,1420071103000,4270
2489377834,8049159,1420071518000,4271
2489379186,8049159,1420071699000,4272
2489440943,10286878,1420082117000,4273
2489441069,10286878,1420082146000,4274
2489441323,10286878,1420082208000,4275
2489441715,10286878,1420082296000,4276
2489441883,10286878,1420082340000,4277
2489442143,10286878,1420082411000,4278
2489442145,10286878,1420082412000,4279
2489442152,10286878,1420082413000,4280
2489443884,10286878,1420082860000,4281
2489494397,25755895,1420094791000,4282
2489495664,25755895,1420095082000,4283
2489495720,25755895,1420095097000,4284
2489739324,27708141,1420135727000,4285
2489836095,27708141,1420147840000,4286
2489838814,27708141,1420148163000,4287
2489832608,28695998,1420147409000,4288
2489833254,28695998,1420147489000,4289
2489757085,28691522,1420137971000,4290
2489833720,28691522,1420147549000,4291
2489847721,28691522,1420149208000,4292
2489667472,28689262,1420126549000,4293
2489672933,28689262,1420127226000,4294
2489378222,28547673,1420071572000,4295
2489442817,28547673,1420082578000,4296
2489754655,6426016,1420137683000,4297
2489538279,27072827,1420104684000,4298
2489538827,27072827,1420104794000,4299
2489539042,27072827,1420104840000,4300
2489543336,27072827,1420105759000,4301
2489544216,27072827,1420105957000,4302
2489544371,27072827,1420105989000,4303
2489545391,27072827,1420106235000,4304
2489752462,28655815,1420137407000,4305
2489754809,28655815,1420137701000,4306
2489756149,28655815,1420137855000,4307
2489532391,26867665,1420103395000,4308
2489539634,26867665,1420104960000,4309
2489541441,26867665,1420105333000,4310
2489586863,26867665,1420114345000,4311
2489592508,26867665,1420115285000,4312
2489653106,26867665,1420124669000,4313
2489739021,26867665,1420135685000,4314
2489437421,28678819,1420081339000,4315
2489438631,28678819,1420081609000,4316
2489592265,28686174,1420115239000,4317
2489594884,28686174,1420115727000,4318
2489675078,26876372,1420127499000,4319
2489675519,26876372,1420127561000,4320
2489675520,26876372,1420127561000,4321
2489675522,26876372,1420127561000,4322
2489757585,26876372,1420138038000,4323
2489832797,9433229,1420147429000,4324
2489837573,9433229,1420148019000,4325
2489374478,28674076,1420071123000,4326
2489375203,28674076,1420071194000,4327
2489488280,28674076,1420093557000,4328
2489747947,28692486,1420136821000,4329
2489751126,28692486,1420137243000,4330
2489591998,27960148,1420115189000,4331
2489751289,27960148,1420137264000,4332
2489375469,6083248,1420071228000,4333
2489378553,6083248,1420071616000,4334
2489379643,6083248,1420071763000,4335
2489379931,6083248,1420071799000,4336
2489386875,6083248,1420072715000,4337
2489388540,6083248,1420072932000,4338
2489388705,6083248,1420072956000,4339
2489389904,6083248,1420073133000,4340
2489736781,6083248,1420135436000,4341
2489370759,7741856,1420070683000,4342
2489444720,7741856,1420083047000,4343
2489495014,7741856,1420094916000,4344
2489495942,7741856,1420095152000,4345
2489536388,7741856,1420104280000,4346
2489538143,7741856,1420104661000,4347
2489597607,7741856,1420116206000,4348
2489736255,7741856,1420135360000,4349
2489743156,7741856,1420136210000,4350
2489759049,7741856,1420138217000,4351
2489827081,7741856,1420146715000,4352
2489845825,7741856,1420148982000,4353
2489756710,28678791,1420137926000,4354
2489825361,28678791,1420146498000,4355
2489830450,28678791,1420147140000,4356
2489835356,28678791,1420147755000,4357
2489438302,27689646,1420081524000,4358
2489746518,15258170,1420136642000,4359
2489755677,15258170,1420137795000,4360
2489480951,28681312,1420092138000,4361
2489485892,28681312,1420092987000,4362
2489844364,28362561,1420148815000,4363
2489848438,28362561,1420149289000,4364
2489589811,27745130,1420114890000,4365
2489593823,27745130,1420115513000,4366
2489836277,20829573,1420147865000,4367
2489837869,20829573,1420148054000,4368
2489490523,28681826,1420093978000,4369
2489491618,28681826,1420094214000,4370
2489386649,28673907,1420072678000,4371
2489440440,28673907,1420082007000,4372
2489486512,28666768,1420093157000,4373
2489486513,28666768,1420093157000,4374
2489486514,28666768,1420093157000,4375
2489486515,28666768,1420093157000,4376
2489486517,28666768,1420093157000,4377
2489486518,28666768,1420093157000,4378
2489743707,28690868,1420136287000,4379
2489752980,28690868,1420137474000,4380
2489759503,28690868,1420138273000,4381
2489761014,28690868,1420138459000,4382
2489653039,28687566,1420124658000,4383
2489665191,28687566,1420126258000,4384
2489676615,28687566,1420127708000,4385
2489837198,19978325,1420147974000,4386
2489599032,28686429,1420116464000,4387
2489599172,28686429,1420116489000,4388
2489599178,28686429,1420116490000,4389
2489599187,28686429,1420116492000,4390
2489599192,28686429,1420116494000,4391
2489445957,26875304,1420083367000,4392
2489446072,26875304,1420083389000,4393
2489656533,28677382,1420125111000,4394
2489662291,28677382,1420125881000,4395
2489666076,28677382,1420126372000,4396
2489673598,28677382,1420127306000,4397
2489674360,28677382,1420127402000,4398
2489534371,11050616,1420103835000,4399
2489534493,11050616,1420103863000,4400
2489534958,11050616,1420103964000,4401
2489490931,28681838,1420094073000,4402
2489676809,28689652,1420127735000,4403
2489678223,28689652,1420127917000,4404
2489678394,28689652,1420127941000,4405
2489436960,1903522,1420081256000,4406
2489437763,1903522,1420081411000,4407
2489437824,1903522,1420081423000,4408
2489661987,1903522,1420125842000,4409
2489385201,7844340,1420072490000,4410
2489390381,7844340,1420073200000,4411
2489487767,7844340,1420093446000,4412
2489826807,28695766,1420146679000,4413
2489826908,28695766,1420146694000,4414
2489827855,28695766,1420146805000,4415
2489827903,28695766,1420146811000,4416
2489830172,28695766,1420147099000,4417
2489833599,28695766,1420147533000,4418
2489835795,28695766,1420147809000,4419
2489839757,28695766,1420148279000,4420
2489497673,17446152,1420095578000,4421
2489595544,17446152,1420115837000,4422
2489657952,17446152,1420125296000,4423
2489747144,17446152,1420136729000,4424
2489832479,17446152,1420147396000,4425
2489586643,28685966,1420114314000,4426
2489587412,28685966,1420114454000,4427
2489588912,28685966,1420114730000,4428
2489754615,28692765,1420137680000,4429
2489821091,28692765,1420146007000,4430
2489529643,23688615,1420102817000,4431
2489659641,23688615,1420125511000,4432
2489660346,23688615,1420125618000,4433
2489666979,23688615,1420126489000,4434
2489671947,23688615,1420127108000,4435
2489395214,14663647,1420073916000,4436
2489444655,14663647,1420083029000,4437
2489444656,14663647,1420083029000,4438
2489836143,13590246,1420147847000,4439
2489836240,13590246,1420147861000,4440
2489662454,28689072,1420125901000,4441
2489667482,28689072,1420126551000,4442
2489667510,28689072,1420126555000,4443
2489593655,2429615,1420115482000,4444
2489593868,2429615,1420115521000,4445
2489595167,2429615,1420115769000,4446
2489602213,2429615,1420117006000,4447
2489602431,2429615,1420117046000,4448
2489593167,28686204,1420115398000,4449
2489593407,28686204,1420115442000,4450
2489593737,25434077,1420115499000,4451
2489597284,25434077,1420116143000,4452
2489740566,17320221,1420135863000,4453
2489752166,17320221,1420137372000,4454
2489828403,17320221,1420146882000,4455
2489830954,17320221,1420147205000,4456
2489657402,8241538,1420125225000,4457
2489657409,8241538,1420125227000,4458
2489385932,26835831,1420072580000,4459
2489678198,26835831,1420127915000,4460
2489529868,27275912,1420102856000,4461
2489759928,27275912,1420138328000,4462
2489846861,27275912,1420149095000,4463
2489672782,15672197,1420127207000,4464
2489674952,15672197,1420127478000,4465
2489390775,14807173,1420073262000,4466
2489850041,28648334,1420149470000,4467
2489850195,28648334,1420149487000,4468
2489850235,28648334,1420149491000,4469
2489850236,28648334,1420149491000,4470
2489395688,28678147,1420073987000,4471
2489585816,28678147,1420114159000,4472
2489394675,28655609,1420073836000,4473
2489483414,28655609,1420092603000,4474
2489586557,28655609,1420114295000,4475
2489387613,23546042,1420072807000,4476
2489395156,23546042,1420073904000,4477
2489673098,7407644,1420127244000,4478
2489677618,7407644,1420127840000,4479
2489378212,378405,1420071571000,4480
2489385113,378405,1420072477000,4481
2489591491,378405,1420115095000,4482
2489824296,378405,1420146368000,4483
2489833064,378405,1420147461000,4484
2489368806,28611069,1420070467000,4485
2489371228,28611069,1420070739000,4486
2489736867,28611069,1420135446000,4487
2489741879,28611069,1420136033000,4488
2489491943,28323051,1420094273000,4489
2489586040,28323051,1420114205000,4490
2489834646,23243994,1420147670000,4491
2489837742,23243994,1420148039000,4492
2489841579,23243994,1420148489000,4493
2489671887,25530983,1420127100000,4494
2489672309,25530983,1420127157000,4495
2489743926,28414587,1420136317000,4496
2489751876,28414587,1420137338000,4497
2489742838,28667918,1420136170000,4498
2489758270,28667918,1420138116000,4499
2489386061,25046277,1420072600000,4500
2489746855,25046277,1420136692000,4501
2489834916,25046277,1420147703000,4502
2489676067,26582450,1420127635000,4503
2489676966,26582450,1420127755000,4504
2489738372,26582450,1420135607000,4505
2489738494,26582450,1420135627000,4506
2489738660,26582450,1420135643000,4507
2489380219,8411137,1420071837000,4508
2489393292,8411137,1420073620000,4509
2489657558,18711074,1420125246000,4510
2489827241,18711074,1420146735000,4511
2489835490,18711074,1420147772000,4512
2489845017,18711074,1420148889000,4513
2489655411,7939844,1420124965000,4514
2489389527,28678040,1420073073000,4515
2489545366,28678040,1420106229000,4516
2489545978,28678040,1420106366000,4517
2489380715,26708360,1420071905000,4518
2489391540,26708360,1420073371000,4519
2489391874,26708360,1420073419000,4520
2489393250,26708360,1420073615000,4521
2489393356,26708360,1420073630000,4522
2489542037,26708360,1420105475000,4523
2489380152,24703196,1420071828000,4524
2489381474,24703196,1420071997000,4525
2489833241,24703196,1420147487000,4526
2489833761,24703196,1420147553000,4527
2489850981,24703196,1420149596000,4528
2489445381,8290123,1420083204000,4529
2489841042,8290123,1420148424000,4530
2489391207,6018009,1420073321000,4531
2489668563,6018009,1420126686000,4532
2489533740,28523413,1420103696000,4533
2489535530,28523413,1420104098000,4534
2489598163,28686393,1420116324000,4535
2489756833,2038756,1420137941000,4536
2489762425,2038756,1420138625000,4537
2489481485,28681435,1420092253000,4538
2489483508,28681435,1420092618000,4539
2489489597,28681435,1420093811000,4540
2489489892,28681435,1420093868000,4541
2489745356,27522388,1420136488000,4542
2489746180,27522388,1420136593000,4543
2489652716,24328359,1420124618000,4544
2489652756,24328359,1420124623000,4545
2489653161,24328359,1420124676000,4546
2489594394,18033470,1420115625000,4547
2489379282,26096589,1420071713000,4548
2489379284,26096589,1420071713000,4549
2489379840,26096589,1420071786000,4550
2489737666,28692082,1420135537000,4551
2489738417,28692082,1420135613000,4552
2489846489,23200448,1420149052000,4553
2489846600,23200448,1420149067000,4554
2489441689,28367525,1420082291000,4555
2489441861,28367525,1420082334000,4556
2489442071,28367525,1420082396000,4557
2489384747,28572674,1420072425000,4558
2489530043,28572674,1420102891000,4559
2489532722,28572674,1420103470000,4560
2489533001,28572674,1420103527000,4561
2489535358,28572674,1420104057000,4562
2489538428,28572674,1420104721000,4563
2489539232,28572674,1420104881000,4564
2489539433,28572674,1420104926000,4565
2489539939,28572674,1420105013000,4566
2489541406,28572674,1420105323000,4567
2489541940,28572674,1420105453000,4568
2489591704,28572674,1420115139000,4569
2489595663,28572674,1420115859000,4570
2489602299,28572674,1420117021000,4571
2489756695,1207793,1420137925000,4572
2489837735,1207793,1420148038000,4573
2489670129,21062123,1420126878000,4574
2489750573,21062123,1420137162000,4575
2489373712,20107959,1420071033000,4576
2489376614,20107959,1420071367000,4577
2489654086,27433708,1420124789000,4578
2489654089,27433708,1420124789000,4579
2489656650,27433708,1420125128000,4580
2489656694,27433708,1420125134000,4581
2489657457,27433708,1420125231000,4582
2489657458,27433708,1420125231000,4583
2489660136,27433708,1420125585000,4584
2489843509,28696477,1420148722000,4585
2489844457,28696477,1420148826000,4586
2489845165,28696477,1420148906000,4587
2489849403,28696477,1420149399000,4588
2489530385,4095287,1420102958000,4589
2489657182,4095287,1420125194000,4590
2489663955,4095287,1420126089000,4591
2489665605,4095287,1420126311000,4592
2489664402,2436255,1420126152000,4593
2489665203,2436255,1420126260000,4594
2489754353,2436255,1420137653000,4595
2489438160,28679576,1420081499000,4596
2489449952,28679576,1420084330000,4597
2489450372,28679576,1420084449000,4598
2489450574,28679576,1420084512000,4599
2489451247,28679576,1420084686000,4600
2489491393,28679576,1420094173000,4601
2489652087,26765137,1420124534000,4602
2489735960,26765137,1420135325000,4603
2489487661,28031103,1420093409000,4604
2489489403,28031103,1420093775000,4605
2489491790,28031103,1420094244000,4606
2489674140,28689539,1420127374000,4607
2489674210,28689539,1420127382000,4608
2489674640,28689539,1420127442000,4609
2489488992,7014504,1420093686000,4610
2489674702,28689558,1420127450000,4611
2489676155,28689558,1420127647000,4612
2489677162,28689558,1420127779000,4613
2489369366,28463415,1420070525000,4614
2489369519,28463415,1420070539000,4615
2489370858,28463415,1420070696000,4616
2489370862,28463415,1420070696000,4617
2489371022,28463415,1420070715000,4618
2489373790,28463415,1420071043000,4619
2489373944,28463415,1420071064000,4620
2489374190,28463415,1420071087000,4621
2489664377,26789157,1420126149000,4622
2489665334,26789157,1420126275000,4623
2489736813,27266004,1420135441000,4624
2489745294,27266004,1420136479000,4625
2489762373,27266004,1420138620000,4626
2489442637,16960472,1420082531000,4627
2489599435,16960472,1420116542000,4628
2489658056,16960472,1420125311000,4629
2489676129,16960472,1420127645000,4630
2489751096,16960472,1420137238000,4631
2489744349,9776457,1420136369000,4632
2489848217,9776457,1420149263000,4633
2489737029,12387751,1420135471000,4634
2489737158,12387751,1420135486000,4635
2489749925,28692561,1420137072000,4636
2489752493,28692561,1420137411000,4637
2489673097,28689499,1420127244000,4638
2489673532,28689499,1420127298000,4639
2489480924,28681425,1420092132000,4640
2489481906,28681425,1420092346000,4641
2489532293,28683709,1420103376000,4642
2489369825,28493883,1420070569000,4643
2489438565,28493883,1420081587000,4644
2489845336,28606253,1420148927000,4645
2489847011,28606253,1420149118000,4646
2489393122,26354680,1420073595000,4647
2489393124,26354680,1420073595000,4648
2489658384,28675406,1420125351000,4649
2489672394,28675406,1420127167000,4650
2489487574,27470924,1420093381000,4651
2489488374,27470924,1420093575000,4652
2489390831,28279262,1420073269000,4653
2489737409,28279262,1420135512000,4654
2489390714,156018,1420073253000,4655
2489495352,156018,1420095005000,4656
2489745521,156018,1420136509000,4657
2489598802,13804125,1420116431000,4658
2489742809,13804125,1420136166000,4659
2489750238,13804125,1420137115000,4660
2489750373,13804125,1420137135000,4661
2489750964,13804125,1420137218000,4662
2489588416,28332449,1420114634000,4663
2489588698,28332449,1420114686000,4664
2489388005,17423002,1420072856000,4665
2489390558,17423002,1420073232000,4666
2489393175,17423002,1420073605000,4667
2489735487,2935242,1420135266000,4668
2489735489,2935242,1420135266000,4669
2489669974,28055015,1420126862000,4670
2489671576,28055015,1420127058000,4671
2489672121,28055015,1420127132000,4672
2489824804,28055015,1420146425000,4673
2489825407,28055015,1420146506000,4674
2489825711,28055015,1420146547000,4675
2489440648,3320453,1420082051000,4676
2489447536,3320453,1420083730000,4677
2489585739,28685926,1420114144000,4678
2489586113,28685926,1420114215000,4679
2489440802,28059311,1420082090000,4680
2489440803,28059311,1420082090000,4681
2489441089,28059311,1420082151000,4682
2489491775,28059311,1420094242000,4683
2489495055,28059311,1420094926000,4684
2489495058,28059311,1420094926000,4685
2489584652,28059311,1420113947000,4686
2489587518,28059311,1420114476000,4687
2489376237,26301590,1420071324000,4688
2489440510,26301590,1420082021000,4689
2489441923,26301590,1420082351000,4690
2489442070,26301590,1420082396000,4691
2489443204,26301590,1420082689000,4692
2489444742,26301590,1420083051000,4693
2489447895,26301590,1420083808000,4694
2489529758,27823379,1420102835000,4695
2489533906,27823379,1420103731000,4696
2489535966,27823379,1420104187000,4697
2489602065,28686554,1420116982000,4698
2489602542,28686554,1420117064000,4699
2489369636,27658874,1420070549000,4700
2489383657,565629,1420072284000,4701
2489759342,565629,1420138252000,4702
2489739839,26415105,1420135792000,4703
2489739841,26415105,1420135792000,4704
2489740978,26415105,1420135905000,4705
2489741015,26415105,1420135909000,4706
2489741016,26415105,1420135909000,4707
2489738738,21517424,1420135655000,4708
2489739465,21517424,1420135747000,4709
2489739470,21517424,1420135747000,4710
2489756388,21517424,1420137887000,4711
2489756454,21517424,1420137896000,4712
2489371936,22326492,1420070811000,4713
2489372432,22326492,1420070866000,4714
2489439826,22326492,1420081871000,4715
2489532046,26658179,1420103312000,4716
2489543325,26658179,1420105757000,4717
2489383394,24407846,1420072249000,4718
2489480426,24407846,1420092052000,4719
2489597157,24407846,1420116124000,4720
2489391726,22556058,1420073400000,4721
2489827130,22556058,1420146721000,4722
2489737660,27927251,1420135536000,4723
2489748159,27927251,1420136844000,4724
2489756442,27927251,1420137895000,4725
2489758405,27927251,1420138133000,4726
2489759708,27927251,1420138298000,4727
2489763439,27927251,1420138751000,4728
2489443741,994551,1420082819000,4729
2489540962,994551,1420105236000,4730
2489438104,22126750,1420081485000,4731
2489438105,22126750,1420081485000,4732
2489738079,28668745,1420135576000,4733
2489738453,28668745,1420135620000,4734
2489738501,28668745,1420135627000,4735
2489738503,28668745,1420135627000,4736
2489739136,28668745,1420135702000,4737
2489739267,28668745,1420135718000,4738
2489739294,28668745,1420135722000,4739
2489821857,28576277,1420146083000,4740
2489821858,28576277,1420146083000,4741
2489838585,28576277,1420148135000,4742
2489744869,946775,1420136432000,4743
2489746050,946775,1420136575000,4744
2489756565,946775,1420137910000,4745
2489756566,946775,1420137910000,4746
2489668604,25147434,1420126691000,4747
2489668804,25147434,1420126717000,4748
2489535698,28683877,1420104135000,4749
2489538599,28683877,1420104756000,4750
2489438468,28187313,1420081565000,4751
2489660370,28187313,1420125620000,4752
2489666430,28187313,1420126418000,4753
2489436813,15631448,1420081236000,4754
2489437132,15631448,1420081287000,4755
2489530107,25693425,1420102907000,4756
2489530319,25693425,1420102946000,4757
2489586485,28685811,1420114281000,4758
2489668561,28689321,1420126686000,4759
2489669663,28689321,1420126822000,4760
2489670976,28689321,1420126983000,4761
2489666095,10865436,1420126376000,4762
2489746227,10865436,1420136600000,4763
2489828241,10865436,1420146861000,4764
2489835206,10865436,1420147737000,4765
2489372519,28677361,1420070876000,4766
2489373002,28677361,1420070938000,4767
2489373801,28677361,1420071044000,4768
2489389559,28677361,1420073078000,4769
2489392610,28677361,1420073524000,4770
2489824687,28688561,1420146411000,4771
2489825982,28688561,1420146581000,4772
2489664628,23994659,1420126181000,4773
2489748803,26153532,1420136925000,4774
2489821316,26153532,1420146023000,4775
2489822393,26153532,1420146142000,4776
2489822640,26153532,1420146167000,4777
2489822641,26153532,1420146167000,4778
2489823564,26153532,1420146283000,4779
2489824295,26153532,1420146368000,4780
2489824414,26153532,1420146380000,4781
2489824799,26153532,1420146425000,4782
2489826381,26153532,1420146627000,4783
2489369008,24954215,1420070490000,4784
2489583228,24954215,1420113693000,4785
2489664263,27780972,1420126134000,4786
2489825535,27780972,1420146523000,4787
2489600812,28298274,1420116783000,4788
2489743351,28298274,1420136237000,4789
2489747772,28298274,1420136800000,4790
2489654221,27336731,1420124810000,4791
2489654471,27336731,1420124844000,4792
2489491508,12495928,1420094192000,4793
2489599394,337788,1420116535000,4794
2489736822,337788,1420135441000,4795
2489735125,13584262,1420135221000,4796
2489752225,13584262,1420137378000,4797
2489824750,13584262,1420146420000,4798
2489832497,16311206,1420147396000,4799
2489833081,16311206,1420147464000,4800
2489486726,28674799,1420093204000,4801
2489490879,28674799,1420094059000,4802
2489493488,28674799,1420094625000,4803
2489494384,28674799,1420094786000,4804
2489495193,28674799,1420094960000,4805
2489496056,28674799,1420095173000,4806
2489541953,19298896,1420105457000,4807
2489843164,19298896,1420148681000,4808
2489394213,7335472,1420073758000,4809
2489484124,7335472,1420092718000,4810
2489487904,7335472,1420093472000,4811
2489488079,7335472,1420093512000,4812
2489538170,24035169,1420104666000,4813
2489496118,24099564,1420095187000,4814
2489751877,24099564,1420137338000,4815
2489673050,3180884,1420127240000,4816
2489488954,28665486,1420093678000,4817
2489675471,28689584,1420127555000,4818
2489675618,28689584,1420127575000,4819
2489437387,28679469,1420081333000,4820
2489437849,28679469,1420081430000,4821
2489438589,28679469,1420081596000,4822
2489438590,28679469,1420081596000,4823
2489598137,28686392,1420116316000,4824
2489388892,25370268,1420072976000,4825
2489390283,25370268,1420073188000,4826
2489391231,25370268,1420073324000,4827
2489443298,15262915,1420082714000,4828
2489381065,20822032,1420071948000,4829
2489382243,20822032,1420072093000,4830
2489744535,28692339,1420136391000,4831
2489744544,28692339,1420136391000,4832
2489584952,28684385,1420114004000,4833
2489584954,28684385,1420114004000,4834
2489752847,24114851,1420137461000,4835
2489763253,24114851,1420138725000,4836
2489661968,10658331,1420125840000,4837
2489664771,10658331,1420126201000,4838
2489757670,28321309,1420138045000,4839
2489763770,28321309,1420138797000,4840
2489655004,28688748,1420124911000,4841
2489664808,28688748,1420126207000,4842
2489665994,28688748,1420126361000,4843
2489667627,28688748,1420126568000,4844
2489668079,28688748,1420126625000,4845
2489669417,28688748,1420126792000,4846
2489671341,28688748,1420127027000,4847
2489673073,28688748,1420127243000,4848
2489674738,28688748,1420127454000,4849
2489674969,28688748,1420127480000,4850
2489838912,28591125,1420148174000,4851
2489840787,28591125,1420148392000,4852
2489844973,27192817,1420148883000,4853
2489847440,27192817,1420149167000,4854
2489589729,23333558,1420114878000,4855
2489594365,23333558,1420115619000,4856
2489594377,23333558,1420115622000,4857
2489594381,23333558,1420115622000,4858
2489594386,23333558,1420115623000,4859
2489736139,28690660,1420135345000,4860
2489736690,28690660,1420135422000,4861
2489738553,28690660,1420135632000,4862
2489739657,28690660,1420135772000,4863
2489740634,28690660,1420135871000,4864
2489741421,28690660,1420135969000,4865
2489654769,20557685,1420124880000,4866
2489829019,20557685,1420146961000,4867
2489588959,28686049,1420114740000,4868
2489660916,28684514,1420125698000,4869
2489669214,28684514,1420126768000,4870
2489588095,27960189,1420114576000,4871
2489601632,27960189,1420116911000,4872
2489737822,25142376,1420135550000,4873
2489738091,25142376,1420135577000,4874
2489738476,25142376,1420135627000,4875
2489738481,25142376,1420135627000,4876
2489741119,25142376,1420135925000,4877
2489741479,25142376,1420135976000,4878
2489742412,25142376,1420136114000,4879
2489742414,25142376,1420136114000,4880
2489742764,25142376,1420136160000,4881
2489744881,25142376,1420136433000,4882
2489746655,25142376,1420136662000,4883
2489741332,28571109,1420135958000,4884
2489846797,28571109,1420149088000,4885
2489666880,28606087,1420126476000,4886
2489667577,28606087,1420126562000,4887
2489531889,28683105,1420103283000,4888
2489532215,28683105,1420103354000,4889
2489532549,28683105,1420103432000,4890
2489481402,8686855,1420092240000,4891
2489743340,8686855,1420136236000,4892
2489530285,20393389,1420102939000,4893
2489531226,20393389,1420103136000,4894
2489537597,20393389,1420104556000,4895
2489659048,28688917,1420125431000,4896
2489659912,28688917,1420125552000,4897
2489657098,28688839,1420125182000,4898
2489657115,28688839,1420125186000,4899
2489821154,28695077,1420146009000,4900
2489831814,28695077,1420147310000,4901
2489446216,25109362,1420083433000,4902
2489446755,25109362,1420083542000,4903
2489448555,25109362,1420083986000,4904
2489530310,27718097,1420102945000,4905
2489531262,27718097,1420103147000,4906
2489654459,27646715,1420124843000,4907
2489736438,28692029,1420135386000,4908
2489736973,28692029,1420135463000,4909
2489739034,28692029,1420135687000,4910
2489747204,23951530,1420136737000,4911
2489823881,23951530,1420146322000,4912
2489532681,25684485,1420103461000,4913
2489600203,25684485,1420116681000,4914
2489583806,24829966,1420113796000,4915
2489584366,24829966,1420113899000,4916
2489584406,24829966,1420113906000,4917
2489584411,24829966,1420113907000,4918
2489585921,24829966,1420114181000,4919
2489600331,24829966,1420116710000,4920
2489600793,24829966,1420116780000,4921
2489601128,24829966,1420116833000,4922
2489601169,24829966,1420116840000,4923
2489601170,24829966,1420116840000,4924
2489602405,24829966,1420117041000,4925
2489657311,22577486,1420125212000,4926
2489658648,22577486,1420125381000,4927
2489371282,6078190,1420070744000,4928
2489824597,6078190,1420146400000,4929
2489651783,27273059,1420124492000,4930
2489654390,21790449,1420124834000,4931
2489740810,21790449,1420135887000,4932
2489758216,21790449,1420138107000,4933
2489593692,1338040,1420115489000,4934
2489601567,1338040,1420116901000,4935
2489602727,1338040,1420117100000,4936
2489602749,1338040,1420117103000,4937
2489437175,28679547,1420081297000,4938
2489438969,28679547,1420081683000,4939
2489384214,25132675,1420072360000,4940
2489440222,25132675,1420081957000,4941
2489379951,6398294,1420071802000,4942
2489385110,6398294,1420072477000,4943
2489486908,6398294,1420093237000,4944
2489486909,6398294,1420093237000,4945
2489535323,656308,1420104052000,4946
2489535329,656308,1420104052000,4947
2489536409,656308,1420104286000,4948
2489583832,25394856,1420113801000,4949
2489583890,25394856,1420113816000,4950
2489674348,25394856,1420127400000,4951
2489660143,20154092,1420125586000,4952
2489661262,20154092,1420125747000,4953
2489532277,28683708,1420103371000,4954
2489533222,28683708,1420103570000,4955
2489584732,28683708,1420113959000,4956
2489487701,28681697,1420093421000,4957
2489488020,28681697,1420093499000,4958
2489488338,28681697,1420093569000,4959
2489490762,28681697,1420094032000,4960
2489741126,28681697,1420135926000,4961
2489748814,28681697,1420136926000,4962
2489751895,28681697,1420137341000,4963
2489755884,28681697,1420137822000,4964
2489758008,28681697,1420138081000,4965
2489823609,28681697,1420146289000,4966
2489825806,28681697,1420146559000,4967
2489827226,28681697,1420146733000,4968
2489374389,28656708,1420071113000,4969
2489451512,28656708,1420084762000,4970
2489651599,28668553,1420124466000,4971
2489652418,28668553,1420124577000,4972
2489652423,28668553,1420124577000,4973
2489652591,28668553,1420124598000,4974
2489655729,28668553,1420125011000,4975
2489656933,28668553,1420125165000,4976
2489664627,28668553,1420126181000,4977
2489669297,28668553,1420126777000,4978
2489674332,28668553,1420127398000,4979
2489654792,28595089,1420124883000,4980
2489654920,28595089,1420124900000,4981
2489654921,28595089,1420124900000,4982
2489592741,28546839,1420115326000,4983
2489596194,28546839,1420115961000,4984
2489598837,28546839,1420116435000,4985
2489599493,28546839,1420116552000,4986
2489737530,28546839,1420135524000,4987
2489375564,28517950,1420071238000,4988
2489824394,28517950,1420146380000,4989
2489831699,23395551,1420147296000,4990
2489831832,23395551,1420147313000,4991
2489831906,23395551,1420147322000,4992
2489541277,16201366,1420105291000,4993
2489661778,28636381,1420125812000,4994
2489664902,28636381,1420126217000,4995
2489535067,15120144,1420103994000,4996
2489544679,15120144,1420106063000,4997
2489545398,15120144,1420106237000,4998
2489383894,18956585,1420072324000,4999
2489481809,18956585,1420092329000,5000
2489482154,18956585,1420092388000,5001
2489486182,18956585,1420093062000,5002
2489489393,18956585,1420093772000,5003
2489392444,28677192,1420073498000,5004
2489395097,28677192,1420073896000,5005
2489395687,28677192,1420073987000,5006
2489540000,28684045,1420105026000,5007
2489540219,28684045,1420105064000,5008
2489737987,28199368,1420135566000,5009
2489742409,28199368,1420136114000,5010
2489385506,27171508,1420072530000,5011
2489385542,27171508,1420072534000,5012
2489385543,27171508,1420072534000,5013
2489584113,20346695,1420113848000,5014
2489595351,20346695,1420115804000,5015
2489394604,28652857,1420073824000,5016
2489395742,28652857,1420073995000,5017
2489660427,28669023,1420125631000,5018
2489660734,28669023,1420125673000,5019
2489660841,28669023,1420125685000,5020
2489660885,28669023,1420125693000,5021
2489660955,28669023,1420125703000,5022
2489483808,28681527,1420092667000,5023
2489483929,28681527,1420092692000,5024
2489486809,28681527,1420093220000,5025
2489487214,28681527,1420093295000,5026
2489437712,1238771,1420081398000,5027
2489489197,1238771,1420093725000,5028
2489827928,1238771,1420146814000,5029
2489828054,1238771,1420146834000,5030
2489828372,1238771,1420146876000,5031
2489376482,19799491,1420071352000,5032
2489390560,19799491,1420073232000,5033
2489390639,19799491,1420073244000,5034
2489393672,19799491,1420073677000,5035
2489394152,19799491,1420073746000,5036
2489395001,19799491,1420073882000,5037
2489484953,19799491,1420092847000,5038
2489493318,19799491,1420094577000,5039
2489442330,26716791,1420082456000,5040
2489738356,28691856,1420135606000,5041
2489748317,28691856,1420136864000,5042
2489600655,28059311,1420116760000,5043
2489734930,28059311,1420135202000,5044
2489828209,25174930,1420146856000,5045
2489831948,25174930,1420147328000,5046
2489828749,16662988,1420146928000,5047
2489840080,16662988,1420148315000,5048
2489369029,28677480,1420070493000,5049
2489377267,28677480,1420071446000,5050
2489677520,28580521,1420127828000,5051
2489749623,28580521,1420137036000,5052
2489493990,805175,1420094723000,5053
2489496382,805175,1420095251000,5054
2489497341,805175,1420095487000,5055
2489669751,689344,1420126831000,5056
2489736874,689344,1420135447000,5057
2489760256,689344,1420138369000,5058
2489834204,28691371,1420147607000,5059
2489842799,28691371,1420148634000,5060
2489735286,28691358,1420135241000,5061
2489735391,28691358,1420135253000,5062
2489735392,28691358,1420135253000,5063
2489379549,7408076,1420071753000,5064
2489381575,7408076,1420072012000,5065
2489387611,15034137,1420072807000,5066
2489483545,27211452,1420092627000,5067
2489667712,27211452,1420126576000,5068
2489393064,2700159,1420073589000,5069
2489669434,2700159,1420126796000,5070
2489491411,23211407,1420094174000,5071
2489533455,23211407,1420103631000,5072
2489488762,3104540,1420093646000,5073
2489488764,3104540,1420093646000,5074
2489437142,11548037,1420081289000,5075
2489438925,11548037,1420081673000,5076
2489837938,11548037,1420148062000,5077
2489847294,11548037,1420149153000,5078
2489672497,28265531,1420127180000,5079
2489675090,28265531,1420127501000,5080
2489677929,28265531,1420127876000,5081
2489846122,25533262,1420149011000,5082
2489846360,25533262,1420149039000,5083
2489383412,14961186,1420072251000,5084
2489665517,28667726,1420126300000,5085
2489666387,28667726,1420126410000,5086
2489674361,28667726,1420127402000,5087
2489678373,28667726,1420127941000,5088
2489822460,28667726,1420146147000,5089
2489538989,28568122,1420104829000,5090
2489540566,28568122,1420105141000,5091
2489540900,28568122,1420105221000,5092
2489542131,28568122,1420105497000,5093
2489487565,23339199,1420093379000,5094
2489487737,23339199,1420093432000,5095
2489494036,23339199,1420094731000,5096
2489497082,23339199,1420095431000,5097
2489497499,23339199,1420095532000,5098
2489533902,23339199,1420103730000,5099
2489535007,16699803,1420103977000,5100
2489535008,16699803,1420103977000,5101
2489544750,16699803,1420106078000,5102
2489749005,13477164,1420136950000,5103
2489758528,13477164,1420138151000,5104
2489758657,13477164,1420138166000,5105
2489392582,28006225,1420073519000,5106
2489370330,28677313,1420070629000,5107
2489487535,28677313,1420093370000,5108
2489393141,13213681,1420073600000,5109
2489748095,13213681,1420136838000,5110
2489755280,13213681,1420137750000,5111
2489584496,25356414,1420113921000,5112
2489584510,25356414,1420113924000,5113
2489584881,25356414,1420113988000,5114
2489676559,7728562,1420127701000,5115
2489834806,7728562,1420147690000,5116
2489744268,23879211,1420136357000,5117
2489757108,23879211,1420137974000,5118
2489839887,28696319,1420148293000,5119
2489840891,28696319,1420148405000,5120
2489829701,28616482,1420147041000,5121
2489830937,28616482,1420147201000,5122
2489541882,28684147,1420105439000,5123
2489543151,28684147,1420105713000,5124
2489487455,27077255,1420093352000,5125
2489651993,27077255,1420124520000,5126
2489447260,28224109,1420083669000,5127
2489449985,16468113,1420084339000,5128
2489450334,16468113,1420084437000,5129
2489829559,16468113,1420147025000,5130
2489538816,28639232,1420104792000,5131
2489652307,28639232,1420124562000,5132
2489652993,28639232,1420124652000,5133
2489447929,28656574,1420083818000,5134
2489448338,28656574,1420083931000,5135
2489838556,28656574,1420148133000,5136
2489838862,28656574,1420148169000,5137
2489839008,28656574,1420148184000,5138
2489839010,28656574,1420148184000,5139
2489660006,28688954,1420125563000,5140
2489660426,28688954,1420125630000,5141
2489530670,26982935,1420103016000,5142
2489582679,26982935,1420113612000,5143
2489450468,28680072,1420084482000,5144
2489451341,28680072,1420084712000,5145
2489451421,28680072,1420084737000,5146
2489451511,28680072,1420084761000,5147
2489742786,28305205,1420136163000,5148
2489743652,28305205,1420136279000,5149
2489745079,28305205,1420136455000,5150
2489746502,28305205,1420136638000,5151
2489748810,28305205,1420136926000,5152
2489757172,28305205,1420137981000,5153
2489758160,28305205,1420138101000,5154
2489759250,28305205,1420138245000,5155
2489761512,28305205,1420138524000,5156
2489762177,28305205,1420138603000,5157
2489762638,28305205,1420138652000,5158
2489836389,28305205,1420147878000,5159
2489840662,28305205,1420148380000,5160
2489845621,28305205,1420148962000,5161
2489849464,28305205,1420149405000,5162
2489824560,28580179,1420146397000,5163
2489825285,28580179,1420146490000,5164
2489825575,28580179,1420146529000,5165
2489825995,28580179,1420146583000,5166
2489827759,28580179,1420146794000,5167
2489827975,28580179,1420146823000,5168
2489828329,28580179,1420146872000,5169
2489828668,28580179,1420146917000,5170
2489829605,28580179,1420147032000,5171
2489830083,28580179,1420147089000,5172
2489830537,28580179,1420147151000,5173
2489831565,28580179,1420147281000,5174
2489832088,28580179,1420147348000,5175
2489661857,27377575,1420125824000,5176
2489664893,27377575,1420126217000,5177
2489841979,28406669,1420148535000,5178
2489842461,28406669,1420148590000,5179
2489666720,26890199,1420126456000,5180
2489742250,6427813,1420136094000,5181
2489742329,6427813,1420136105000,5182
2489742334,6427813,1420136106000,5183
2489439009,26859838,1420081692000,5184
2489440554,26859838,1420082030000,5185
2489448459,26859838,1420083963000,5186
2489448785,26859838,1420084047000,5187
2489449671,26859838,1420084263000,5188
2489449870,26859838,1420084312000,5189
2489451257,26859838,1420084688000,5190
2489598655,22365768,1420116408000,5191
2489598657,22365768,1420116408000,5192
2489598659,22365768,1420116408000,5193
2489598660,22365768,1420116408000,5194
2489598661,22365768,1420116408000,5195
2489821509,28695206,1420146045000,5196
2489822958,28695206,1420146207000,5197
2489487657,28681695,1420093406000,5198
2489440872,22306762,1420082102000,5199
2489490291,22306762,1420093939000,5200
2489532355,22306762,1420103386000,5201
2489542193,22306762,1420105511000,5202
2489847009,19044193,1420149118000,5203
2489847690,19044193,1420149204000,5204
2489847867,19044193,1420149228000,5205
2489377980,21885551,1420071541000,5206
2489383045,21885551,1420072200000,5207
2489385158,21885551,1420072484000,5208
2489385806,21885551,1420072564000,5209
2489373978,28547499,1420071068000,5210
2489383785,28547499,1420072304000,5211
2489443584,23048733,1420082777000,5212
2489448983,23048733,1420084089000,5213
2489450974,23048733,1420084620000,5214
2489822017,17824014,1420146103000,5215
2489822023,17824014,1420146103000,5216
2489822031,17824014,1420146103000,5217
2489822503,17824014,1420146151000,5218
2489667458,28689269,1420126548000,5219
2489669276,28689269,1420126773000,5220
2489675652,28689269,1420127580000,5221
2489584537,12201538,1420113929000,5222
2489587906,12201538,1420114546000,5223
2489847861,27080314,1420149228000,5224
2489848595,27080314,1420149309000,5225
2489601753,28686535,1420116931000,5226
2489601770,28686535,1420116933000,5227
2489735727,5085231,1420135291000,5228
2489840948,5085231,1420148410000,5229
2489488252,28387430,1420093548000,5230
2489490493,28387430,1420093970000,5231
2489736763,19051532,1420135432000,5232
2489762608,19051532,1420138649000,5233
2489481497,27998440,1420092254000,5234
2489482968,27998440,1420092541000,5235
2489661321,6110835,1420125756000,5236
2489738400,6110835,1420135612000,5237
2489754198,6110835,1420137633000,5238
2489372719,27494663,1420070903000,5239
2489545847,27494663,1420106335000,5240
2489669739,27494663,1420126829000,5241
2489495320,25737839,1420094998000,5242
2489751061,28691540,1420137234000,5243
2489826373,28691540,1420146627000,5244
2489827368,28691540,1420146751000,5245
2489595268,28652676,1420115787000,5246
2489670329,28652676,1420126903000,5247
2489670919,28652676,1420126976000,5248
2489671517,28652676,1420127053000,5249
2489671692,28652676,1420127074000,5250
2489671694,28652676,1420127074000,5251
2489655138,28665608,1420124929000,5252
2489659236,28665608,1420125456000,5253
2489660366,28665608,1420125620000,5254
2489660865,28665608,1420125690000,5255
2489748527,23770911,1420136889000,5256
2489750525,23770911,1420137156000,5257
2489669004,1446474,1420126745000,5258
2489735049,1446474,1420135216000,5259
2489737905,1446474,1420135560000,5260
2489737906,1446474,1420135560000,5261
2489738716,1446474,1420135652000,5262
2489745264,1446474,1420136476000,5263
2489751042,1446474,1420137231000,5264
2489847427,1446474,1420149167000,5265
2489595194,28353557,1420115773000,5266
2489595769,28353557,1420115877000,5267
2489596345,28353557,1420115988000,5268
2489737202,28353557,1420135491000,5269
2489746348,28353557,1420136618000,5270
2489821442,28353557,1420146038000,5271
2489822580,28353557,1420146160000,5272
2489749093,15583364,1420136964000,5273
2489749345,15583364,1420136998000,5274
2489752368,28692675,1420137396000,5275
2489756390,28692675,1420137887000,5276
2489652601,2147969,1420124600000,5277
2489652933,2147969,1420124646000,5278
2489652941,2147969,1420124647000,5279
2489653177,2147969,1420124678000,5280
2489671495,28687719,1420127048000,5281
2489674201,28687719,1420127381000,5282
2489677443,28687719,1420127819000,5283
2489447715,28679924,1420083766000,5284
2489450163,28679924,1420084384000,5285
2489392283,28411277,1420073475000,5286
2489393119,28411277,1420073595000,5287
2489742710,24651380,1420136153000,5288
2489747793,24651380,1420136803000,5289
2489749739,24651380,1420137051000,5290
2489750030,24651380,1420137082000,5291
2489751002,24651380,1420137224000,5292
2489755970,24651380,1420137834000,5293
2489758500,24651380,1420138146000,5294
2489848810,24651380,1420149333000,5295
2489587027,23035425,1420114373000,5296
2489587217,23035425,1420114414000,5297
2489531247,5564661,1420103143000,5298
2489533347,5564661,1420103605000,5299
2489747872,28650690,1420136813000,5300
2489842042,28650690,1420148541000,5301
2489486296,28343709,1420093093000,5302
2489586478,28343709,1420114280000,5303
2489651224,28688228,1420124417000,5304
2489656833,28688228,1420125155000,5305
2489657643,28688228,1420125255000,5306
2489496386,12158395,1420095252000,5307
2489497501,12158395,1420095532000,5308
2489822743,26408144,1420146178000,5309
2489826441,26408144,1420146635000,5310
2489832102,26408144,1420147351000,5311
2489840917,26408144,1420148407000,5312
2489848119,26408144,1420149251000,5313
2489667968,25027016,1420126609000,5314
2489743961,25027016,1420136322000,5315
2489385252,28672247,1420072497000,5316
2489392661,28672247,1420073531000,5317
2489439027,28672247,1420081696000,5318
2489442876,28672247,1420082593000,5319
2489445261,28672247,1420083173000,5320
2489488384,28672247,1420093576000,5321
2489494580,28672247,1420094836000,5322
2489494871,28672247,1420094890000,5323
2489532515,28651482,1420103424000,5324
2489538949,28651482,1420104821000,5325
2489490726,28681166,1420094026000,5326
2489531707,28681166,1420103247000,5327
2489655054,28681166,1420124919000,5328
2489674044,28681166,1420127361000,5329
2489849705,16718202,1420149434000,5330
2489850057,16718202,1420149472000,5331
2489537429,21049693,1420104512000,5332
2489591361,21049693,1420115066000,5333
2489384247,23259665,1420072364000,5334
2489739984,23259665,1420135805000,5335
2489589153,10704264,1420114778000,5336
2489676147,10704264,1420127646000,5337
2489850778,10704264,1420149566000,5338
2489655157,1214007,1420124931000,5339
2489655833,1214007,1420125022000,5340
2489657405,1214007,1420125226000,5341
2489660340,1214007,1420125617000,5342
2489660415,1214007,1420125629000,5343
2489442780,27250047,1420082566000,5344
2489530047,27250047,1420102892000,5345
2489531358,27250047,1420103168000,5346
2489384652,28677902,1420072412000,5347
2489385052,28677902,1420072472000,5348
2489661658,28689020,1420125798000,5349
2489663597,28689020,1420126044000,5350
2489664982,28689020,1420126229000,5351
2489386561,8664379,1420072666000,5352
2489757703,8664379,1420138050000,5353
2489758051,8664379,1420138086000,5354
2489742087,28690831,1420136069000,5355
2489743860,28690831,1420136310000,5356
2489822873,28690831,1420146195000,5357
2489824619,28690831,1420146405000,5358
2489824812,28690831,1420146426000,5359
2489824899,28690831,1420146440000,5360
2489824910,28690831,1420146440000,5361
2489824956,28690831,1420146446000,5362
2489826419,28690831,1420146632000,5363
2489827907,28690831,1420146812000,5364
2489827930,28690831,1420146816000,5365
2489830742,18683271,1420147178000,5366
2489831842,18683271,1420147315000,5367
2489390636,28678067,1420073243000,5368
2489391144,28678067,1420073314000,5369
2489392978,28678067,1420073574000,5370
2489533502,15909249,1420103646000,5371
2489533527,15909249,1420103652000,5372
2489533530,15909249,1420103652000,5373
2489372571,20724,1420070882000,5374
2489438516,427635,1420081575000,5375
2489652689,427635,1420124612000,5376
2489755571,4923196,1420137784000,5377
2489757283,4923196,1420137995000,5378
2489735867,27527364,1420135314000,5379
2489738434,27527364,1420135617000,5380
2489754080,27527364,1420137617000,5381
2489823967,6752918,1420146334000,5382
2489389432,9871647,1420073058000,5383
2489390151,9871647,1420073173000,5384
2489494878,9871647,1420094891000,5385
2489588352,9871647,1420114624000,5386
2489662130,9871647,1420125857000,5387
2489664325,9871647,1420126141000,5388
2489844918,9871647,1420148876000,5389
2489760707,27994974,1420138426000,5390
2489652699,28688564,1420124613000,5391
2489677237,28688564,1420127789000,5392
2489841972,28570242,1420148534000,5393
2489842201,28570242,1420148561000,5394
2489830737,28694686,1420147177000,5395
2489832268,28694686,1420147370000,5396
2489833040,28694686,1420147458000,5397
2489839026,28694686,1420148187000,5398
2489669919,9185792,1420126857000,5399
2489671363,9185792,1420127028000,5400
2489848238,9185792,1420149265000,5401
2489660064,28648801,1420125574000,5402
2489663449,28648801,1420126024000,5403
2489392510,19997136,1420073508000,5404
2489370504,11007288,1420070651000,5405
2489371486,11007288,1420070767000,5406
2489372654,11007288,1420070897000,5407
2489373431,11007288,1420070996000,5408
2489377257,11007288,1420071445000,5409
2489390379,11007288,1420073200000,5410
2489392847,11007288,1420073557000,5411
2489656245,11007288,1420125075000,5412
2489657712,11007288,1420125264000,5413
2489658762,11007288,1420125399000,5414
2489654649,28325202,1420124865000,5415
2489663945,28325202,1420126088000,5416
2489668862,28325202,1420126722000,5417
2489672243,28325202,1420127148000,5418
2489534636,28608126,1420103889000,5419
2489597773,28608126,1420116249000,5420
2489373355,21368887,1420070988000,5421
2489835020,21368887,1420147714000,5422
2489584833,28685888,1420113978000,5423
2489585940,28685888,1420114184000,5424
2489586037,28685888,1420114204000,5425
2489587954,28685888,1420114553000,5426
2489652167,28685888,1420124545000,5427
2489668179,28685888,1420126636000,5428
2489671721,28685888,1420127078000,5429
2489676127,28685888,1420127643000,5430
2489756307,5611582,1420137876000,5431
2489761709,5611582,1420138547000,5432
2489762419,5611582,1420138625000,5433
2489747346,28692462,1420136754000,5434
2489748037,28692462,1420136833000,5435
2489445164,27607504,1420083145000,5436
2489484989,27607504,1420092853000,5437
2489480866,8594752,1420092124000,5438
2489837976,8594752,1420148066000,5439
2489532307,28568084,1420103378000,5440
2489533247,28568084,1420103579000,5441
2489534741,28568084,1420103914000,5442
2489536249,28568084,1420104252000,5443
2489542537,28568084,1420105577000,5444
2489543162,28568084,1420105717000,5445
2489543712,28568084,1420105848000,5446
2489545523,28568084,1420106260000,5447
2489594359,21567006,1420115618000,5448
2489594403,21567006,1420115627000,5449
2489595044,21567006,1420115748000,5450
2489598553,21567006,1420116389000,5451
2489850342,22994544,1420149505000,5452
2489850944,22994544,1420149590000,5453
2489380481,28573267,1420071871000,5454
2489381044,28573267,1420071946000,5455
2489383353,28573267,1420072244000,5456
2489386321,28573267,1420072640000,5457
2489390490,28573267,1420073221000,5458
2489535710,28683878,1420104137000,5459
2489543689,28683878,1420105843000,5460
2489844883,28696537,1420148875000,5461
2489847585,28696537,1420149193000,5462
2489659597,26815351,1420125505000,5463
2489755647,26815351,1420137792000,5464
2489489381,28681773,1420093770000,5465
2489489576,28681773,1420093809000,5466
2489743953,4118776,1420136321000,5467
2489745310,4118776,1420136482000,5468
2489602151,22376157,1420116997000,5469
2489839770,22376157,1420148280000,5470
2489840573,22376157,1420148367000,5471
2489840585,22376157,1420148370000,5472
2489840593,22376157,1420148370000,5473
2489825403,28562758,1420146505000,5474
2489826247,28562758,1420146614000,5475
2489667232,20089859,1420126521000,5476
2489753103,20089859,1420137493000,5477
2489752350,10763736,1420137394000,5478
2489753885,10763736,1420137591000,5479
2489759877,10763736,1420138320000,5480
2489840134,8063653,1420148321000,5481
2489840769,8063653,1420148390000,5482
2489441206,28679478,1420082177000,5483
2489491338,28679478,1420094164000,5484
2489496198,28679478,1420095202000,5485
2489447230,28679052,1420083661000,5486
2489598584,28679052,1420116394000,5487
2489651083,26101634,1420124405000,5488
2489652531,26101634,1420124589000,5489
2489664799,25580390,1420126205000,5490
2489666057,25580390,1420126370000,5491
2489540204,18924701,1420105061000,5492
2489545432,18924701,1420106244000,5493
2489739828,18924701,1420135790000,5494
2489742489,18924701,1420136124000,5495
2489677209,13198211,1420127785000,5496
2489748430,13198211,1420136879000,5497
2489536079,13723800,1420104218000,5498
2489536083,13723800,1420104219000,5499
2489533652,28636517,1420103682000,5500
2489535637,28636517,1420104124000,5501
2489538578,28636517,1420104750000,5502
2489538979,28636517,1420104828000,5503
2489540841,28636517,1420105210000,5504
2489597310,28320857,1420116148000,5505
2489598133,28320857,1420116316000,5506
2489598135,28320857,1420116316000,5507
2489654166,28320857,1420124802000,5508
2489756483,14272567,1420137901000,5509
2489756972,14272567,1420137956000,5510
2489757456,14272567,1420138019000,5511
2489832186,322217,1420147362000,5512
2489839004,322217,1420148184000,5513
2489673643,22369870,1420127314000,5514
2489673742,22369870,1420127326000,5515
2489673744,22369870,1420127327000,5516
2489823105,23057234,1420146226000,5517
2489823112,23057234,1420146227000,5518
2489823116,23057234,1420146227000,5519
2489844318,23057234,1420148811000,5520
2489844670,23057234,1420148851000,5521
2489844671,23057234,1420148851000,5522
2489847182,23057234,1420149140000,5523
2489847468,23057234,1420149173000,5524
2489845191,28696550,1420148911000,5525
2489847751,28696550,1420149213000,5526
2489589219,28685540,1420114792000,5527
2489589760,28685540,1420114881000,5528
2489439815,28122311,1420081869000,5529
2489598752,28122311,1420116425000,5530
2489379183,447184,1420071699000,5531
2489379190,447184,1420071700000,5532
2489663469,11377698,1420126029000,5533
2489663507,11377698,1420126033000,5534
2489663510,11377698,1420126034000,5535
2489663808,11377698,1420126069000,5536
2489495007,18275824,1420094914000,5537
2489530870,18275824,1420103056000,5538
2489391017,1728382,1420073295000,5539
2489373999,7386799,1420071071000,5540
2489380404,7386799,1420071863000,5541
2489762767,27314760,1420138667000,5542
2489763389,27314760,1420138743000,5543
2489828481,28695844,1420146891000,5544
2489828493,28695844,1420146893000,5545
2489384012,28677890,1420072339000,5546
2489584393,28677890,1420113903000,5547
2489590040,28677890,1420114934000,5548
2489593726,28677890,1420115497000,5549
2489654715,28677890,1420124873000,5550
2489848486,19676271,1420149295000,5551
2489850628,19676271,1420149546000,5552
2489754751,27853724,1420137695000,5553
2489762654,27853724,1420138654000,5554
2489830168,27853724,1420147099000,5555
2489849663,27853724,1420149429000,5556
2489589270,28684927,1420114802000,5557
2489536024,28482514,1420104203000,5558
2489537287,28482514,1420104480000,5559
2489537889,28482514,1420104615000,5560
2489543819,28482514,1420105873000,5561
2489585265,17865036,1420114059000,5562
2489832329,17865036,1420147377000,5563
2489849278,17865036,1420149383000,5564
2489591756,8183154,1420115145000,5565
2489591757,8183154,1420115145000,5566
2489592285,8183154,1420115245000,5567
2489592636,8183154,1420115307000,5568
2489596296,8183154,1420115979000,5569
2489387932,27200526,1420072846000,5570
2489737769,27200526,1420135546000,5571
2489741589,27200526,1420135993000,5572
2489368104,28520835,1420070403000,5573
2489382714,28520835,1420072157000,5574
2489587698,24993905,1420114508000,5575
2489833966,24993905,1420147576000,5576
2489439325,3738521,1420081766000,5577
2489440646,3738521,1420082051000,5578
2489740302,28691830,1420135838000,5579
2489748035,28691830,1420136833000,5580
2489748327,28691830,1420136865000,5581
2489755998,28691830,1420137837000,5582
2489759314,28691830,1420138250000,5583
2489392838,3302795,1420073556000,5584
2489380538,25837286,1420071879000,5585
2489381415,25837286,1420071990000,5586
2489395386,25837286,1420073938000,5587
2489754592,25837286,1420137678000,5588
2489754833,25837286,1420137703000,5589
2489442654,28432405,1420082536000,5590
2489447735,28432405,1420083772000,5591
2489652433,28622975,1420124578000,5592
2489655474,28622975,1420124974000,5593
2489672918,28622975,1420127224000,5594
2489843201,28622975,1420148686000,5595
2489844443,28622975,1420148824000,5596
2489383451,28658120,1420072258000,5597
2489386801,28658120,1420072701000,5598
2489386849,28658120,1420072710000,5599
2489496358,28658120,1420095246000,5600
2489496538,28658120,1420095296000,5601
2489496562,28658120,1420095306000,5602
2489532575,28658120,1420103435000,5603
2489539650,28658120,1420104961000,5604
2489539691,28658120,1420104971000,5605
2489543263,28658120,1420105743000,5606
2489590063,19241830,1420114938000,5607
2489666505,19241830,1420126427000,5608
2489762622,19241830,1420138650000,5609
2489540796,14523716,1420105196000,5610
2489592363,14523716,1420115257000,5611
2489592549,14523716,1420115291000,5612
2489756326,14523716,1420137881000,5613
2489586006,28685942,1420114199000,5614
2489591423,28685942,1420115080000,5615
2489597954,28685942,1420116284000,5616
2489742507,24484660,1420136127000,5617
2489743431,24484660,1420136249000,5618
2489583570,25823250,1420113757000,5619
2489587749,25823250,1420114516000,5620
2489598352,25823250,1420116358000,5621
2489655753,25823250,1420125015000,5622
2489827190,25823250,1420146728000,5623
2489834289,25823250,1420147622000,5624
2489438352,28534780,1420081536000,5625
2489439582,28534780,1420081826000,5626
2489451253,28534780,1420084687000,5627
2489591601,28534780,1420115115000,5628
2489743536,26719979,1420136265000,5629
2489496716,28682105,1420095337000,5630
2489496902,28682105,1420095382000,5631
2489598643,28682105,1420116406000,5632
2489601071,28682105,1420116821000,5633
2489601834,28682105,1420116942000,5634
2489494559,28658676,1420094831000,5635
2489544691,28658676,1420106065000,5636
2489492488,17559364,1420094401000,5637
2489492489,17559364,1420094401000,5638
2489492857,17559364,1420094479000,5639
2489493327,17559364,1420094580000,5640
2489493519,17559364,1420094635000,5641
2489495312,17559364,1420094995000,5642
2489495313,17559364,1420094995000,5643
2489496140,17559364,1420095192000,5644
2489496141,17559364,1420095192000,5645
2489374763,18327506,1420071155000,5646
2489374782,18327506,1420071158000,5647
2489538755,18327506,1420104781000,5648
2489538761,18327506,1420104782000,5649
2489544735,18327506,1420106074000,5650
2489545317,18327506,1420106212000,5651
2489592648,18327506,1420115311000,5652
2489592667,18327506,1420115313000,5653
2489751743,18949939,1420137320000,5654
2489751947,18949939,1420137346000,5655
2489751958,18949939,1420137347000,5656
2489752181,18949939,1420137373000,5657
2489752182,18949939,1420137373000,5658
2489394158,28614658,1420073747000,5659
2489488628,28614658,1420093622000,5660
2489532032,19485653,1420103310000,5661
2489665677,19485653,1420126318000,5662
2489592085,28686165,1420115201000,5663
2489595638,28686165,1420115854000,5664
2489594296,22536837,1420115602000,5665
2489594868,22536837,1420115725000,5666
2489595105,22536837,1420115757000,5667
2489595593,22536837,1420115845000,5668
2489445576,27171723,1420083257000,5669
2489583396,27171723,1420113724000,5670
2489756797,28141186,1420137938000,5671
2489761500,28141186,1420138523000,5672
2489588484,26606376,1420114647000,5673
2489588694,26606376,1420114686000,5674
2489536822,12687888,1420104377000,5675
2489536841,12687888,1420104380000,5676
2489849473,26740285,1420149406000,5677
2489849642,26740285,1420149426000,5678
2489849648,26740285,1420149426000,5679
2489837949,28696238,1420148064000,5680
2489491046,28289855,1420094104000,5681
2489491938,23256036,1420094273000,5682
2489495053,23256036,1420094925000,5683
2489760392,26840153,1420138385000,5684
2489837822,26840153,1420148049000,5685
2489838924,26840153,1420148176000,5686
2489831049,16083073,1420147215000,5687
2489834118,16083073,1420147595000,5688
2489835147,16083073,1420147730000,5689
2489838386,16083073,1420148110000,5690
2489839816,16083073,1420148285000,5691
2489840669,16083073,1420148380000,5692
2489841038,16083073,1420148423000,5693
2489842800,16083073,1420148634000,5694
2489843500,16083073,1420148721000,5695
2489664154,9698369,1420126118000,5696
2489665684,9698369,1420126319000,5697
2489668483,9698369,1420126672000,5698
2489669873,9698369,1420126848000,5699
2489437115,9739658,1420081283000,5700
2489437116,9739658,1420081283000,5701
2489533016,24058034,1420103529000,5702
2489533379,24058034,1420103612000,5703
2489533383,24058034,1420103612000,5704
2489658209,10412386,1420125332000,5705
2489751432,10412386,1420137285000,5706
2489585063,28277239,1420114024000,5707
2489589313,28277239,1420114809000,5708
2489587476,9418501,1420114466000,5709
2489587490,9418501,1420114468000,5710
2489600422,9418501,1420116726000,5711
2489601807,9418501,1420116938000,5712
2489602013,9418501,1420116974000,5713
2489602014,9418501,1420116974000,5714
2489848112,28305830,1420149250000,5715
2489849004,28305830,1420149353000,5716
2489735898,28609967,1420135319000,5717
2489735905,28609967,1420135319000,5718
2489735917,28609967,1420135320000,5719
2489487233,28403035,1420093300000,5720
2489492701,28403035,1420094450000,5721
2489495465,28403035,1420095031000,5722
2489497354,28670685,1420095490000,5723
2489535023,28670685,1420103982000,5724
2489535192,28670685,1420104022000,5725
2489542133,28670685,1420105497000,5726
2489660039,28670685,1420125569000,5727
2489665313,28670685,1420126273000,5728
2489482156,3310075,1420092391000,5729
2489584304,3310075,1420113889000,5730
2489584325,3310075,1420113890000,5731
2489595973,28335392,1420115918000,5732
2489598993,28335392,1420116459000,5733
2489395068,12551129,1420073891000,5734
2489395128,12551129,1420073901000,5735
2489395282,12551129,1420073924000,5736
2489837183,28696204,1420147972000,5737
2489837253,28696204,1420147983000,5738
2489375215,23067055,1420071196000,5739
2489375235,23067055,1420071199000,5740
2489538952,23067055,1420104821000,5741
2489538962,23067055,1420104824000,5742
2489592912,23067055,1420115356000,5743
2489592913,23067055,1420115356000,5744
2489596595,23067055,1420116029000,5745
2489652357,23067055,1420124567000,5746
2489659440,28688932,1420125482000,5747
2489659528,28688932,1420125495000,5748
2489661198,28688932,1420125739000,5749
2489450139,27650139,1420084375000,5750
2489830897,27650139,1420147197000,5751
2489739523,28600151,1420135754000,5752
2489442347,15688111,1420082459000,5753
2489445795,15688111,1420083322000,5754
2489445884,15688111,1420083347000,5755
2489448861,15688111,1420084062000,5756
2489448900,15688111,1420084069000,5757
2489535552,22005284,1420104103000,5758
2489535635,22005284,1420104123000,5759
2489535657,22005284,1420104128000,5760
2489450011,28680045,1420084347000,5761
2489450986,28680045,1420084622000,5762
2489451464,28680045,1420084749000,5763
2489742417,28683529,1420136114000,5764
2489743242,28683529,1420136222000,5765
2489583458,28632429,1420113732000,5766
2489584231,28632429,1420113873000,5767
2489594352,28632429,1420115617000,5768
2489752830,28632429,1420137457000,5769
2489436668,7391261,1420081213000,5770
2489529606,7391261,1420102813000,5771
2489651193,7391261,1420124414000,5772
2489821242,7391261,1420146015000,5773
2489587970,25167529,1420114556000,5774
2489587971,25167529,1420114556000,5775
2489735140,28691993,1420135223000,5776
2489736106,28691993,1420135342000,5777
2489847676,27734848,1420149203000,5778
2489850343,27734848,1420149505000,5779
2489592439,21113349,1420115269000,5780
2489598943,21113349,1420116453000,5781
2489843263,21113349,1420148691000,5782
2489582710,6384774,1420113615000,5783
2489848509,6384774,1420149298000,5784
2489659939,28680732,1420125555000,5785
2489747513,28680732,1420136772000,5786
2489756995,28680732,1420137959000,5787
2489656557,28670479,1420125115000,5788
2489658985,28670479,1420125425000,5789
2489670929,28670479,1420126978000,5790
2489599815,28686456,1420116614000,5791
2489599875,28686456,1420116622000,5792
2489600654,28686456,1420116760000,5793
2489438427,25018480,1420081552000,5794
2489438668,25018480,1420081618000,5795
2489392527,13433480,1420073509000,5796
2489392669,13433480,1420073532000,5797
2489541374,28684037,1420105317000,5798
2489599366,28683773,1420116530000,5799
2489599889,28683773,1420116625000,5800
2489545256,27001976,1420106198000,5801
2489545613,27001976,1420106279000,5802
2489589750,27001976,1420114879000,5803
2489589991,27001976,1420114924000,5804
2489487972,27578872,1420093491000,5805
2489491751,27578872,1420094235000,5806
2489494286,27578872,1420094772000,5807
2489531737,27578872,1420103252000,5808
2489750144,28245222,1420137101000,5809
2489822718,28245222,1420146175000,5810
2489833298,28245222,1420147497000,5811
2489845226,28245222,1420148917000,5812
2489763685,26839235,1420138784000,5813
2489841766,26839235,1420148513000,5814
2489844599,26839235,1420148841000,5815
2489736448,8594952,1420135386000,5816
2489846893,8594952,1420149098000,5817
2489738003,7298064,1420135569000,5818
2489740448,7298064,1420135853000,5819
2489387482,22987680,1420072792000,5820
2489389368,22987680,1420073051000,5821
2489451225,13431235,1420084679000,5822
2489496023,13431235,1420095165000,5823
2489822820,28695592,1420146189000,5824
2489823111,28695592,1420146227000,5825
2489827666,28695592,1420146785000,5826
2489587152,28036367,1420114400000,5827
2489587154,28036367,1420114400000,5828
2489655143,28686883,1420124930000,5829
2489655489,28686883,1420124976000,5830
2489655548,28686883,1420124985000,5831
2489662967,28686883,1420125964000,5832
2489664036,28686883,1420126102000,5833
2489664654,28686883,1420126184000,5834
2489671456,28686883,1420127042000,5835
2489673577,28686883,1420127304000,5836
2489674358,28686883,1420127401000,5837
2489675640,28686883,1420127577000,5838
2489585927,13489668,1420114183000,5839
2489586162,13489668,1420114225000,5840
2489586164,13489668,1420114225000,5841
2489741019,1903522,1420135910000,5842
2489665907,20499942,1420126351000,5843
2489444599,28324195,1420083017000,5844
2489480696,28324195,1420092096000,5845
2489486821,28324195,1420093223000,5846
2489486895,4537276,1420093235000,5847
2489533704,4537276,1420103692000,5848
2489597886,28686384,1420116271000,5849
2489598485,28686384,1420116377000,5850
2489600333,28686384,1420116710000,5851
2489600745,28686384,1420116772000,5852
2489736200,28686384,1420135353000,5853
2489760890,28686384,1420138446000,5854
2489590983,26272541,1420114986000,5855
2489662327,26272541,1420125886000,5856
2489392481,12820537,1420073505000,5857
2489585959,12820537,1420114187000,5858
2489751201,11729990,1420137251000,5859
2489751208,11729990,1420137252000,5860
2489493664,12310046,1420094662000,5861
2489497023,12310046,1420095413000,5862
2489663348,12310046,1420126010000,5863
2489441082,27358641,1420082148000,5864
2489441394,27358641,1420082221000,5865
2489442481,27358641,1420082491000,5866
2489486783,27358641,1420093217000,5867
2489487028,27358641,1420093258000,5868
2489487238,27358641,1420093301000,5869
2489586107,27358641,1420114215000,5870
2489388553,28664617,1420072933000,5871
2489389548,28664617,1420073076000,5872
2489384857,487828,1420072439000,5873
2489389362,487828,1420073050000,5874
2489389369,487828,1420073051000,5875
2489587773,487828,1420114522000,5876
2489591895,487828,1420115168000,5877
2489601253,487828,1420116856000,5878
2489592602,13814501,1420115303000,5879
2489739339,13814501,1420135727000,5880
2489534957,28683839,1420103964000,5881
2489537805,28683839,1420104598000,5882
2489540108,28683839,1420105046000,5883
2489668624,28689323,1420126692000,5884
2489668681,28689323,1420126699000,5885
2489480923,28553191,1420092132000,5886
2489481258,28553191,1420092200000,5887
2489481655,28553191,1420092290000,5888
2489486589,28553191,1420093173000,5889
2489487286,28553191,1420093309000,5890
2489491744,28553191,1420094235000,5891
2489674623,28670944,1420127439000,5892
2489677795,28670944,1420127861000,5893
2489449790,25868941,1420084292000,5894
2489450248,25868941,1420084412000,5895
2489390777,28649464,1420073262000,5896
2489677655,28649464,1420127845000,5897
2489845987,28696582,1420148999000,5898
2489846244,28696582,1420149025000,5899
2489821467,28695422,1420146041000,5900
2489821621,28695422,1420146057000,5901
2489653297,28271921,1420124693000,5902
2489763222,28271921,1420138721000,5903
2489845300,721945,1420148922000,5904
2489845974,721945,1420148997000,5905
2489444942,26111044,1420083092000,5906
2489445463,26111044,1420083227000,5907
2489448736,26111044,1420084036000,5908
2489671817,26111044,1420127090000,5909
2489675324,26111044,1420127533000,5910
2489823767,16061421,1420146307000,5911
2489823768,16061421,1420146307000,5912
2489756651,9197069,1420137920000,5913
2489762660,9197069,1420138655000,5914
2489758888,25364922,1420138197000,5915
2489758890,25364922,1420138197000,5916
2489759535,25364922,1420138277000,5917
2489759770,25364922,1420138305000,5918
2489760833,25364922,1420138437000,5919
2489761230,25364922,1420138488000,5920
2489744475,10143061,1420136384000,5921
2489847921,10143061,1420149233000,5922
2489738458,1282929,1420135621000,5923
2489738459,1282929,1420135621000,5924
2489738471,1282929,1420135623000,5925
2489738654,1282929,1420135643000,5926
2489739802,1282929,1420135786000,5927
2489740778,1282929,1420135883000,5928
2489530951,17250849,1420103073000,5929
2489531048,17250849,1420103097000,5930
2489531751,17250849,1420103256000,5931
2489531752,17250849,1420103256000,5932
2489534273,17250849,1420103815000,5933
2489534384,17250849,1420103838000,5934
2489532504,4054838,1420103421000,5935
2489603188,4054838,1420117187000,5936
2489372166,28677636,1420070839000,5937
2489394692,28677636,1420073840000,5938
2489446148,27894580,1420083411000,5939
2489446618,27894580,1420083513000,5940
2489448713,27894580,1420084029000,5941
2489448994,27894580,1420084091000,5942
2489598149,27732382,1420116319000,5943
2489598179,27732382,1420116327000,5944
2489480620,28681415,1420092084000,5945
2489480915,28681415,1420092130000,5946
2489482730,28681415,1420092501000,5947
2489482887,28681415,1420092526000,5948
2489490200,28681415,1420093925000,5949
2489545077,28681415,1420106155000,5950
2489443388,26716791,1420082735000,5951
2489443604,26716791,1420082781000,5952
2489537054,26716791,1420104425000,5953
2489537556,26716791,1420104545000,5954
2489482964,20300177,1420092540000,5955
2489598792,20300177,1420116430000,5956
2489843014,8742122,1420148660000,5957
2489847561,8742122,1420149187000,5958
2489744312,28691351,1420136364000,5959
2489752592,28692691,1420137423000,5960
2489752638,28692691,1420137432000,5961
2489829760,28692691,1420147050000,5962
2489833315,28692691,1420147498000,5963
2489591561,10254458,1420115110000,5964
2489600326,10254458,1420116709000,5965
2489749179,10254458,1420136973000,5966
2489749604,10254458,1420137032000,5967
2489750040,10254458,1420137085000,5968
2489750392,10254458,1420137137000,5969
2489758323,10254458,1420138121000,5970
2489584150,28291462,1420113853000,5971
2489589311,28291462,1420114809000,5972
2489669628,26784900,1420126817000,5973
2489678328,26784900,1420127931000,5974
2489844527,28696526,1420148834000,5975
2489844552,28696526,1420148836000,5976
2489846668,16112833,1420149073000,5977
2489846828,16112833,1420149092000,5978
2489846956,16112833,1420149110000,5979
2489847232,16112833,1420149148000,5980
2489847424,16112833,1420149167000,5981
2489391068,9447707,1420073302000,5982
2489449943,9447707,1420084329000,5983
2489496179,9447707,1420095199000,5984
2489543454,9447707,1420105786000,5985
2489600236,9447707,1420116689000,5986
2489672851,9447707,1420127217000,5987
2489759293,9447707,1420138248000,5988
2489844970,9447707,1420148882000,5989
2489664069,28688851,1420126107000,5990
2489600060,2544305,1420116659000,5991
2489824767,2544305,1420146421000,5992
2489824770,2544305,1420146421000,5993
2489827816,2544305,1420146800000,5994
2489599349,9586456,1420116526000,5995
2489392017,8681349,1420073444000,5996
2489653862,28688707,1420124764000,5997
2489654062,28688707,1420124786000,5998
2489378698,3918508,1420071638000,5999
2489737784,3918508,1420135547000,6000
2489831345,14663768,1420147255000,6001
2489832822,14663768,1420147433000,6002
2489832823,14663768,1420147433000,6003
2489383550,7228380,1420072271000,6004
2489390611,7228380,1420073240000,6005
2489391449,7228380,1420073356000,6006
2489483854,24173349,1420092677000,6007
2489485810,24173349,1420092973000,6008
2489488670,24173349,1420093631000,6009
2489490004,24173349,1420093884000,6010
2489743479,24173349,1420136257000,6011
2489834961,24173349,1420147708000,6012
2489391672,2558636,1420073393000,6013
2489392255,2558636,1420073472000,6014
2489375938,3540121,1420071286000,6015
2489384778,3540121,1420072430000,6016
2489668500,28689319,1420126675000,6017
2489668693,28689319,1420126701000,6018
2489487317,8217574,1420093317000,6019
2489844121,8217574,1420148788000,6020
2489531465,24225028,1420103191000,6021
2489534001,24225028,1420103752000,6022
2489750184,24225028,1420137107000,6023
2489653418,28574566,1420124708000,6024
2489676875,28574566,1420127745000,6025
2489676878,28574566,1420127745000,6026
2489671513,8683784,1420127051000,6027
2489677997,8683784,1420127885000,6028
2489677999,8683784,1420127885000,6029
2489829028,4215368,1420146962000,6030
2489849551,4215368,1420149415000,6031
2489669407,21779020,1420126792000,6032
2489744563,21779020,1420136393000,6033
2489744705,21779020,1420136413000,6034
2489745198,21779020,1420136468000,6035
2489745199,21779020,1420136468000,6036
2489368592,2847947,1420070443000,6037
2489369045,2847947,1420070494000,6038
2489371525,2847947,1420070772000,6039
2489371812,2847947,1420070796000,6040
2489377715,2847947,1420071502000,6041
2489377716,2847947,1420071503000,6042
2489377915,2847947,1420071531000,6043
2489586264,2847947,1420114245000,6044
2489758089,2847947,1420138091000,6045
2489540342,28684064,1420105089000,6046
2489541453,28684064,1420105337000,6047
2489541714,28684064,1420105394000,6048
2489593006,28684064,1420115373000,6049
2489595111,28684064,1420115758000,6050
2489373812,24103115,1420071045000,6051
2489447062,18831510,1420083621000,6052
2489447066,18831510,1420083622000,6053
2489447093,18831510,1420083628000,6054
2489663608,27278419,1420126046000,6055
2489672869,27278419,1420127219000,6056
2489674682,27278419,1420127447000,6057
2489391004,28122442,1420073294000,6058
2489660625,28122442,1420125658000,6059
2489670396,28122442,1420126913000,6060
2489670782,28122442,1420126959000,6061
2489588170,22750708,1420114589000,6062
2489588427,22750708,1420114637000,6063
2489744203,3328875,1420136349000,6064
2489762984,3328875,1420138692000,6065
2489824821,3328875,1420146427000,6066
2489368876,28573657,1420070475000,6067
2489369970,28573657,1420070585000,6068
2489376724,28573657,1420071381000,6069
2489740600,26856261,1420135867000,6070
2489746584,26856261,1420136652000,6071
2489664764,5556865,1420126200000,6072
2489667666,5556865,1420126572000,6073
2489668592,5556865,1420126688000,6074
2489668593,5556865,1420126688000,6075
2489376407,28543683,1420071345000,6076
2489379763,28543683,1420071777000,6077
2489448095,128823,1420083859000,6078
2489448134,128823,1420083873000,6079
2489536985,28683926,1420104409000,6080
2489544029,28683926,1420105918000,6081
2489544650,28683926,1420106055000,6082
2489373323,27839746,1420070983000,6083
2489374230,27839746,1420071093000,6084
2489376666,27839746,1420071375000,6085
2489380174,27839746,1420071832000,6086
2489381190,27839746,1420071963000,6087
2489654467,27839746,1420124844000,6088
2489667177,27839746,1420126515000,6089
2489674544,27839746,1420127426000,6090
2489485882,28628523,1420092982000,6091
2489488403,28628523,1420093579000,6092
2489535113,28628523,1420104005000,6093
2489376808,4123077,1420071392000,6094
2489386415,4123077,1420072650000,6095
2489442020,27545988,1420082383000,6096
2489663404,27545988,1420126018000,6097
2489388401,27044282,1420072914000,6098
2489662956,27044282,1420125962000,6099
2489678163,27044282,1420127908000,6100
2489371016,4164482,1420070713000,6101
2489374513,4164482,1420071125000,6102
2489443667,4164482,1420082796000,6103
2489495787,4164482,1420095117000,6104
2489667251,4164482,1420126524000,6105
2489823526,28695624,1420146280000,6106
2489833457,28695624,1420147516000,6107
2489763498,21399098,1420138758000,6108
2489828228,21399098,1420146858000,6109
2489821263,15307649,1420146018000,6110
2489821557,15307649,1420146050000,6111
2489659915,26933595,1420125553000,6112
2489661818,26933595,1420125819000,6113
2489662371,26933595,1420125892000,6114
2489533098,28683751,1420103545000,6115
2489533477,28683751,1420103639000,6116
2489535666,28683751,1420104129000,6117
2489386316,28677951,1420072640000,6118
2489387154,28677951,1420072757000,6119
2489821184,13527365,1420146011000,6120
2489821662,13527365,1420146063000,6121
2489836202,28282282,1420147854000,6122
2489597274,9461481,1420116141000,6123
2489757690,9461481,1420138047000,6124
2489849114,9461481,1420149366000,6125
2489487232,28668561,1420093299000,6126
2489587251,28668561,1420114422000,6127
2489664051,28668561,1420126104000,6128
2489494035,28659998,1420094731000,6129
2489742589,28659998,1420136138000,6130
2489826096,3418867,1420146596000,6131
2489847089,3418867,1420149128000,6132
2489738923,24306450,1420135673000,6133
2489740459,24306450,1420135853000,6134
2489743374,24306450,1420136240000,6135
2489760676,24306450,1420138422000,6136
2489823245,24306450,1420146245000,6137
2489651263,28589009,1420124421000,6138
2489656712,28589009,1420125136000,6139
2489383120,18126008,1420072210000,6140
2489385305,18126008,1420072506000,6141
2489387606,18126008,1420072807000,6142
2489392414,22632242,1420073493000,6143
2489824626,22632242,1420146405000,6144
2489828661,22632242,1420146916000,6145
2489829081,22632242,1420146969000,6146
2489830141,22632242,1420147095000,6147
2489751150,28508258,1420137246000,6148
2489755486,28508258,1420137774000,6149
2489829625,28508258,1420147035000,6150
2489655448,28562593,1420124970000,6151
2489658836,28562593,1420125407000,6152
2489661884,28562593,1420125827000,6153
2489668305,28562593,1420126653000,6154
2489674056,28547709,1420127364000,6155
2489825854,28547709,1420146565000,6156
2489450412,28671057,1420084463000,6157
2489450646,28671057,1420084527000,6158
2489450944,28671057,1420084613000,6159
2489451030,28671057,1420084633000,6160
2489451163,28671057,1420084665000,6161
2489542210,19430049,1420105516000,6162
2489542214,19430049,1420105516000,6163
2489485458,28681584,1420092928000,6164
2489488547,28681584,1420093610000,6165
2489490153,28681584,1420093913000,6166
2489490410,28681584,1420093961000,6167
2489734921,28681584,1420135201000,6168
2489747193,28681584,1420136735000,6169
2489749589,28681584,1420137030000,6170
2489759640,28681584,1420138289000,6171
2489444353,23267971,1420082968000,6172
2489446464,23267971,1420083483000,6173
2489448460,25477005,1420083964000,6174
2489488077,25477005,1420093512000,6175
2489536535,28372435,1420104314000,6176
2489538554,28372435,1420104745000,6177
2489538956,28372435,1420104822000,6178
2489545641,28372435,1420106288000,6179
2489588796,28685781,1420114707000,6180
2489589557,28685781,1420114851000,6181
2489591442,28685781,1420115085000,6182
2489661766,22949170,1420125811000,6183
2489661787,22949170,1420125814000,6184
2489662200,22949170,1420125868000,6185
2489749868,5362507,1420137067000,6186
2489822155,5362507,1420146118000,6187
2489844177,5362507,1420148796000,6188
2489750937,28692612,1420137216000,6189
2489751445,28692612,1420137286000,6190
2489531746,13266601,1420103253000,6191
2489534143,13266601,1420103783000,6192
2489534145,13266601,1420103783000,6193
2489534146,13266601,1420103785000,6194
2489543793,13266601,1420105868000,6195
2489545803,13266601,1420106324000,6196
2489672344,13266601,1420127162000,6197
2489762452,9710679,1420138629000,6198
2489762453,9710679,1420138629000,6199
2489386970,20682452,1420072726000,6200
2489388193,20682452,1420072882000,6201
2489393159,20682452,1420073602000,6202
2489447717,20682452,1420083766000,6203
2489660883,27263070,1420125693000,6204
2489369947,10441188,1420070583000,6205
2489381117,10441188,1420071954000,6206
2489386861,10441188,1420072712000,6207
2489389794,10441188,1420073116000,6208
2489541824,10441188,1420105422000,6209
2489543938,10441188,1420105898000,6210
2489595088,10441188,1420115755000,6211
2489753750,10441188,1420137575000,6212
2489758080,10441188,1420138091000,6213
2489763361,10441188,1420138740000,6214
2489763463,10441188,1420138754000,6215
2489828676,10441188,1420146918000,6216
2489529672,27531859,1420102821000,6217
2489529674,27531859,1420102821000,6218
2489531232,27531859,1420103137000,6219
2489545336,14794708,1420106220000,6220
2489588490,14794708,1420114649000,6221
2489589757,14794708,1420114880000,6222
2489760850,14794708,1420138441000,6223
2489761293,14794708,1420138497000,6224
2489822129,14794708,1420146114000,6225
2489829537,14794708,1420147023000,6226
2489832964,14794708,1420147448000,6227
2489372155,7691631,1420070837000,6228
2489660513,7691631,1420125644000,6229
2489664062,7691631,1420126105000,6230
2489668298,7691631,1420126652000,6231
2489825835,7691631,1420146562000,6232
2489838625,20395712,1420148140000,6233
2489838629,20395712,1420148140000,6234
2489838666,20395712,1420148144000,6235
2489439819,2234102,1420081870000,6236
2489659529,2234102,1420125495000,6237
2489737647,2234102,1420135535000,6238
2489743458,2234102,1420136254000,6239
2489676422,2715466,1420127685000,6240
2489677242,2715466,1420127790000,6241
2489677245,2715466,1420127790000,6242
2489677248,2715466,1420127790000,6243
2489677700,2715466,1420127850000,6244
2489491370,16180807,1420094170000,6245
2489831768,16180807,1420147305000,6246
2489845536,16180807,1420148951000,6247
2489653742,22619256,1420124749000,6248
2489654137,22619256,1420124797000,6249
2489654231,22619256,1420124812000,6250
2489654851,22619256,1420124892000,6251
2489654859,22619256,1420124892000,6252
2489449093,25349351,1420084118000,6253
2489543892,25349351,1420105888000,6254
2489674765,28689561,1420127458000,6255
2489674864,28689561,1420127469000,6256
2489675832,28689561,1420127605000,6257
2489676680,28689561,1420127716000,6258
2489677668,28689561,1420127846000,6259
2489825166,23282991,1420146470000,6260
2489833957,23282991,1420147574000,6261
2489541846,28684141,1420105428000,6262
2489542721,28684141,1420105623000,6263
2489542971,24816264,1420105673000,6264
2489544277,24816264,1420105966000,6265
2489672571,22018209,1420127187000,6266
2489672591,22018209,1420127189000,6267
2489672594,22018209,1420127189000,6268
2489672596,22018209,1420127189000,6269
2489672806,22018209,1420127211000,6270
2489674074,22018209,1420127365000,6271
2489738366,24150125,1420135607000,6272
2489743195,24150125,1420136215000,6273
2489747586,28691571,1420136778000,6274
2489755168,28691571,1420137739000,6275
2489845049,28691571,1420148892000,6276
2489371532,15572464,1420070773000,6277
2489373111,15572464,1420070953000,6278
2489375709,15572464,1420071260000,6279
2489388557,15572464,1420072934000,6280
2489596374,16709805,1420115993000,6281
2489736469,16709805,1420135389000,6282
2489658187,28688889,1420125329000,6283
2489658258,28688889,1420125341000,6284
2489745515,23606689,1420136508000,6285
2489753109,23606689,1420137493000,6286
2489754656,23606689,1420137684000,6287
2489754772,23606689,1420137697000,6288
2489829989,28671930,1420147075000,6289
2489832244,28671930,1420147368000,6290
2489837369,28671930,1420147997000,6291
2489845350,28671930,1420148930000,6292
2489664743,20348665,1420126197000,6293
2489672581,20348665,1420127188000,6294
2489829682,28673865,1420147041000,6295
2489830104,28673865,1420147091000,6296
2489847471,28673865,1420149173000,6297
2489848674,28673865,1420149319000,6298
2489850166,28673865,1420149483000,6299
2489583065,28524086,1420113664000,6300
2489583587,28524086,1420113759000,6301
2489369089,28677568,1420070498000,6302
2489369540,28677568,1420070541000,6303
2489381223,28677568,1420071967000,6304
2489384999,28677568,1420072461000,6305
2489495217,28677568,1420094963000,6306
2489741029,28262865,1420135911000,6307
2489761811,28262865,1420138559000,6308
2489442215,14566037,1420082429000,6309
2489443080,14566037,1420082653000,6310
2489756266,28522200,1420137870000,6311
2489757406,28522200,1420138011000,6312
2489757472,28522200,1420138022000,6313
2489824921,28522200,1420146442000,6314
2489826781,28522200,1420146676000,6315
2489828105,28522200,1420146841000,6316
2489829248,28522200,1420146988000,6317
2489586901,22720148,1420114350000,6318
2489588350,22720148,1420114624000,6319
2489593081,22720148,1420115385000,6320
2489824763,28694992,1420146420000,6321
2489825630,28694992,1420146539000,6322
2489826498,28694992,1420146642000,6323
2489827462,28694992,1420146761000,6324
2489543195,28424202,1420105728000,6325
2489847155,28424202,1420149137000,6326
2489850434,28424202,1420149519000,6327
2489738397,28679181,1420135612000,6328
2489758245,28679181,1420138111000,6329
2489755392,28691351,1420137764000,6330
2489759458,28691351,1420138268000,6331
2489668101,28689296,1420126627000,6332
2489674316,28689296,1420127395000,6333
2489674884,28689296,1420127471000,6334
2489677870,28689296,1420127870000,6335
2489735270,28689296,1420135239000,6336
2489583110,2932410,1420113672000,6337
2489584487,2932410,1420113919000,6338
2489585107,2932410,1420114032000,6339
2489586346,2932410,1420114257000,6340
2489587413,2932410,1420114454000,6341
2489598820,2932410,1420116434000,6342
2489599204,2932410,1420116495000,6343
2489600072,20385604,1420116662000,6344
2489600073,20385604,1420116662000,6345
2489600154,20385604,1420116675000,6346
2489601220,20385604,1420116850000,6347
2489584911,27493087,1420113994000,6348
2489586305,27493087,1420114249000,6349
2489656538,85307,1420125112000,6350
2489656545,85307,1420125113000,6351
2489741816,85307,1420136022000,6352
2489530471,7833168,1420102973000,6353
2489738521,7833168,1420135629000,6354
2489745552,7833168,1420136513000,6355
2489757448,7833168,1420138018000,6356
2489833638,28664370,1420147540000,6357
2489835243,28664370,1420147740000,6358
2489597630,9117329,1420116212000,6359
2489655234,9117329,1420124940000,6360
2489536482,28683835,1420104302000,6361
2489536616,28683835,1420104336000,6362
2489481492,28551236,1420092254000,6363
2489482318,28551236,1420092422000,6364
2489482492,28551236,1420092466000,6365
2489485343,28551236,1420092905000,6366
2489486479,28551236,1420093148000,6367
2489492716,28551236,1420094454000,6368
2489382337,6007295,1420072108000,6369
2489597457,6007295,1420116175000,6370
2489444849,27984126,1420083072000,6371
2489588880,27984126,1420114723000,6372
2489446466,4790302,1420083483000,6373
2489447901,4790302,1420083809000,6374
2489755173,4790302,1420137739000,6375
2489543272,28668090,1420105743000,6376
2489441647,28679098,1420082281000,6377
2489442662,28679098,1420082539000,6378
2489446973,28679098,1420083598000,6379
2489390114,28657371,1420073165000,6380
2489394948,28657371,1420073876000,6381
2489660641,7158734,1420125660000,6382
2489660981,7158734,1420125707000,6383
2489662744,7158734,1420125937000,6384
2489651806,23064298,1420124497000,6385
2489658929,23064298,1420125418000,6386
2489376438,28567150,1420071349000,6387
2489376439,28567150,1420071349000,6388
2489656699,11588081,1420125134000,6389
2489658463,11588081,1420125359000,6390
2489664921,11588081,1420126220000,6391
2489669029,11588081,1420126747000,6392
2489844879,11588081,1420148872000,6393
2489533426,28682795,1420103624000,6394
2489543478,28682795,1420105793000,6395
2489738484,28691938,1420135627000,6396
2489738487,28691938,1420135627000,6397
2489742050,12543001,1420136060000,6398
2489743029,12543001,1420136193000,6399
2489743030,12543001,1420136193000,6400
2489667836,28588886,1420126592000,6401
2489667838,28588886,1420126592000,6402
2489667841,28588886,1420126593000,6403
2489662676,28687713,1420125929000,6404
2489750154,28692571,1420137105000,6405
2489751012,28692571,1420137226000,6406
2489669624,7613257,1420126817000,6407
2489829050,7613257,1420146966000,6408
2489835047,7613257,1420147717000,6409
2489600070,7191565,1420116661000,6410
2489666463,7191565,1420126422000,6411
2489383169,13110052,1420072218000,6412
2489390280,13110052,1420073188000,6413
2489441012,13110052,1420082132000,6414
2489445013,13110052,1420083112000,6415
2489448423,13110052,1420083954000,6416
2489388962,28676506,1420072987000,6417
2489395062,28676506,1420073890000,6418
2489446648,28676506,1420083518000,6419
2489388918,28678024,1420072981000,6420
2489389047,28678024,1420072999000,6421
2489390894,28678024,1420073278000,6422
2489541340,21575321,1420105307000,6423
2489541419,21575321,1420105327000,6424
2489541509,21575321,1420105347000,6425
2489541585,21575321,1420105362000,6426
2489583536,28685825,1420113750000,6427
2489588515,28685825,1420114655000,6428
2489590104,28685825,1420114949000,6429
2489591375,28685825,1420115070000,6430
2489537464,17883395,1420104520000,6431
2489545870,17883395,1420106340000,6432
2489595773,16040092,1420115878000,6433
2489662381,16040092,1420125893000,6434
2489532266,28682481,1420103367000,6435
2489537164,28682481,1420104446000,6436
2489584978,28682481,1420114009000,6437
2489585863,28682481,1420114170000,6438
2489665012,25123582,1420126232000,6439
2489828490,25123582,1420146893000,6440
2489662302,28689058,1420125883000,6441
2489668329,28689058,1420126656000,6442
2489539789,25621067,1420104986000,6443
2489845753,25621067,1420148973000,6444
2489828328,24619429,1420146872000,6445
2489834220,24619429,1420147608000,6446
2489843704,24619429,1420148743000,6447
2489850544,24619429,1420149534000,6448
2489735656,26236660,1420135281000,6449
2489823916,26236660,1420146328000,6450
2489825644,26236660,1420146540000,6451
2489828094,26236660,1420146839000,6452
2489829479,26236660,1420147017000,6453
2489830358,26236660,1420147125000,6454
2489831745,26236660,1420147303000,6455
2489663176,28689073,1420125990000,6456
2489670321,28689073,1420126903000,6457
2489394055,6756503,1420073730000,6458
2489394263,6756503,1420073765000,6459
2489488320,28681726,1420093567000,6460
2489488674,28681726,1420093632000,6461
2489603058,25228241,1420117164000,6462
2489761536,25228241,1420138526000,6463
2489761538,25228241,1420138527000,6464
2489761548,25228241,1420138528000,6465
2489828160,25228241,1420146849000,6466
2489829662,25228241,1420147038000,6467
2489834542,25228241,1420147656000,6468
2489840191,25228241,1420148327000,6469
2489848269,25228241,1420149268000,6470
2489848982,25228241,1420149351000,6471
2489592770,20167283,1420115331000,6472
2489841093,13200040,1420148430000,6473
2489842191,13200040,1420148560000,6474
2489584312,17578093,1420113889000,6475
2489587536,17578093,1420114481000,6476
2489588506,17578093,1420114653000,6477
2489591587,17578093,1420115112000,6478
2489593750,17578093,1420115502000,6479
2489594609,17578093,1420115672000,6480
2489437926,28679203,1420081448000,6481
2489438159,28679203,1420081499000,6482
2489439427,28679203,1420081789000,6483
2489832834,28643548,1420147434000,6484
2489836800,28643548,1420147928000,6485
2489836905,28643548,1420147941000,6486
2489837265,28643548,1420147984000,6487
2489750862,28691222,1420137206000,6488
2489750868,28691222,1420137206000,6489
2489390086,2138392,1420073159000,6490
2489744054,2138392,1420136335000,6491
2489386412,8973396,1420072650000,6492
2489540548,8973396,1420105136000,6493
2489390666,28678068,1420073248000,6494
2489391475,28678068,1420073359000,6495
2489529658,28621960,1420102820000,6496
2489531386,28621960,1420103174000,6497
2489588868,17317039,1420114719000,6498
2489589070,17317039,1420114762000,6499
2489596279,17317039,1420115977000,6500
2489663011,28520276,1420125970000,6501
2489439599,27571118,1420081829000,6502
2489442417,27571118,1420082478000,6503
2489443012,27571118,1420082635000,6504
2489837133,28696203,1420147967000,6505
2489840310,28696203,1420148343000,6506
2489841572,28696203,1420148489000,6507
2489393342,28550096,1420073629000,6508
2489381250,18089434,1420071971000,6509
2489381586,18089434,1420072012000,6510
2489382267,18089434,1420072098000,6511
2489382730,18089434,1420072160000,6512
2489383246,18089434,1420072226000,6513
2489395193,18089434,1420073911000,6514
2489395760,18089434,1420073998000,6515
2489381788,28635513,1420072035000,6516
2489382190,28635513,1420072086000,6517
2489834849,23345226,1420147697000,6518
2489838754,23345226,1420148158000,6519
2489748179,7671768,1420136849000,6520
2489749595,7671768,1420137031000,6521
2489439967,28253700,1420081906000,6522
2489480194,28253700,1420092016000,6523
2489487699,28253700,1420093421000,6524
2489492003,28253700,1420094285000,6525
2489492447,28253700,1420094389000,6526
2489446485,25179549,1420083485000,6527
2489447363,25179549,1420083698000,6528
2489748055,14440270,1420136835000,6529
2489369470,23820834,1420070535000,6530
2489382347,23820834,1420072108000,6531
2489660756,28199714,1420125675000,6532
2489661954,28199714,1420125837000,6533
2489445391,27145188,1420083206000,6534
2489445392,27145188,1420083206000,6535
2489825385,15622938,1420146502000,6536
2489825388,15622938,1420146502000,6537
2489826872,15622938,1420146689000,6538
2489826876,15622938,1420146689000,6539
2489827620,15622938,1420146778000,6540
2489827625,15622938,1420146779000,6541
2489829496,15622938,1420147019000,6542
2489829498,15622938,1420147019000,6543
2489536306,11082008,1420104261000,6544
2489536351,11082008,1420104273000,6545
2489734965,28649123,1420135208000,6546
2489735441,28649123,1420135259000,6547
2489846237,28649123,1420149024000,6548
2489738184,2722709,1420135585000,6549
2489738191,2722709,1420135585000,6550
2489738452,2722709,1420135620000,6551
2489738457,2722709,1420135620000,6552
2489532679,13440802,1420103460000,6553
2489533064,13440802,1420103538000,6554
2489533802,13440802,1420103711000,6555
2489533809,13440802,1420103712000,6556
2489437063,19371890,1420081276000,6557
2489437948,19371890,1420081451000,6558
2489439821,19371890,1420081871000,6559
2489541848,28659190,1420105430000,6560
2489543713,28659190,1420105848000,6561
2489381956,26051556,1420072058000,6562
2489389405,26051556,1420073054000,6563
2489659822,26051556,1420125539000,6564
2489843686,26051556,1420148741000,6565
2489845595,26051556,1420148957000,6566
2489823186,28693867,1420146237000,6567
2489835820,28693867,1420147811000,6568
2489485878,1093083,1420092982000,6569
2489837371,22070567,1420147997000,6570
2489840028,22070567,1420148310000,6571
2489840576,22070567,1420148370000,6572
2489545454,21974198,1420106249000,6573
2489545543,21974198,1420106264000,6574
2489545582,21974198,1420106272000,6575
2489545951,21974198,1420106360000,6576
2489759956,16644238,1420138331000,6577
2489760159,16644238,1420138360000,6578
2489760720,16644238,1420138428000,6579
2489749784,28692550,1420137056000,6580
2489754134,28692550,1420137624000,6581
2489754947,28692550,1420137718000,6582
2489585320,20859259,1420114065000,6583
2489585371,20859259,1420114070000,6584
2489585409,20859259,1420114075000,6585
2489591271,20859259,1420115047000,6586
2489439925,21311436,1420081891000,6587
2489441294,21311436,1420082201000,6588
2489447261,21311436,1420083669000,6589
2489448537,21311436,1420083984000,6590
2489448960,21311436,1420084082000,6591
2489448961,21311436,1420084082000,6592
2489667160,24492133,1420126513000,6593
2489674077,24492133,1420127365000,6594
2489753333,21179108,1420137523000,6595
2489835071,21179108,1420147720000,6596
2489835073,21179108,1420147720000,6597
2489835457,21179108,1420147769000,6598
2489583261,20524262,1420113698000,6599
2489584753,20524262,1420113964000,6600
2489592512,3035586,1420115285000,6601
2489832864,3035586,1420147437000,6602
2489737249,27296417,1420135497000,6603
2489738477,27296417,1420135627000,6604
2489741701,27296417,1420136005000,6605
2489741784,27296417,1420136018000,6606
2489743702,27296417,1420136286000,6607
2489823440,27296417,1420146266000,6608
2489484685,10642750,1420092808000,6609
2489674427,10642750,1420127411000,6610
2489653693,10765478,1420124743000,6611
2489759257,10765478,1420138245000,6612
2489759466,10765478,1420138268000,6613
2489440707,28679524,1420082066000,6614
2489442165,28679524,1420082416000,6615
2489444488,28679524,1420082997000,6616
2489373626,28617774,1420071023000,6617
2489375321,28617774,1420071209000,6618
2489737594,20917403,1420135530000,6619
2489738368,20917403,1420135607000,6620
2489821373,20917403,1420146029000,6621
2489381384,28668128,1420071987000,6622
2489383091,28668128,1420072207000,6623
2489653116,28668128,1420124671000,6624
2489743853,28668128,1420136309000,6625
2489831923,28668128,1420147325000,6626
2489842394,28668128,1420148581000,6627
2489850903,28668128,1420149584000,6628
2489385338,28677925,1420072510000,6629
2489385384,28677925,1420072514000,6630
2489530933,2773207,1420103070000,6631
2489542147,2773207,1420105501000,6632
2489583320,24067121,1420113708000,6633
2489583323,24067121,1420113708000,6634
2489539031,1071489,1420104837000,6635
2489596776,1071489,1420116058000,6636
2489440824,26076638,1420082092000,6637
2489544310,26076638,1420105973000,6638
2489586228,28685659,1420114238000,6639
2489590861,28685659,1420114964000,6640
2489382574,10653604,1420072137000,6641
2489382592,10653604,1420072139000,6642
2489382595,10653604,1420072140000,6643
2489538991,2967509,1420104831000,6644
2489830260,2967509,1420147110000,6645
2489375826,10237433,1420071274000,6646
2489375845,10237433,1420071276000,6647
2489593365,10237433,1420115434000,6648
2489593378,10237433,1420115436000,6649
2489653843,10237433,1420124761000,6650
2489653867,10237433,1420124764000,6651
2489744661,20869702,1420136408000,6652
2489754801,20869702,1420137700000,6653
2489828818,20869702,1420146937000,6654
2489843382,20869702,1420148707000,6655
2489760554,4780232,1420138410000,6656
2489763683,4780232,1420138784000,6657
2489492280,25783325,1420094354000,6658
2489493045,25783325,1420094522000,6659
2489493589,25783325,1420094650000,6660
2489493845,25783325,1420094695000,6661
2489828073,239916,1420146836000,6662
2489834455,239916,1420147645000,6663
2489836812,239916,1420147930000,6664
2489677855,22805021,1420127866000,6665
2489677860,22805021,1420127866000,6666
2489665065,28270952,1420126241000,6667
2489666718,28270952,1420126456000,6668
2489666790,28270952,1420126464000,6669
2489667532,28270952,1420126557000,6670
2489667916,28270952,1420126601000,6671
2489668605,28270952,1420126691000,6672
2489668856,28270952,1420126722000,6673
2489668879,28270952,1420126725000,6674
2489669963,28270952,1420126862000,6675
2489670074,28270952,1420126873000,6676
2489678724,28270952,1420127981000,6677
2489754372,17368872,1420137654000,6678
2489830520,17368872,1420147149000,6679
2489831379,17368872,1420147259000,6680
2489750472,28692585,1420137150000,6681
2489750698,28692585,1420137176000,6682
2489835764,24963380,1420147806000,6683
2489837293,24963380,1420147987000,6684
2489841121,24963380,1420148435000,6685
2489841590,24963380,1420148490000,6686
2489841649,24963380,1420148498000,6687
2489841729,24963380,1420148509000,6688
2489756573,28692859,1420137911000,6689
2489756907,28692859,1420137949000,6690
2489762316,28692859,1420138613000,6691
2489443277,17155564,1420082709000,6692
2489675850,17155564,1420127607000,6693
2489823135,28695607,1420146230000,6694
2489823759,28695607,1420146306000,6695
2489824550,28695607,1420146396000,6696
2489383787,23008502,1420072304000,6697
2489384592,23008502,1420072405000,6698
2489384843,23008502,1420072438000,6699
2489386768,23008502,1420072695000,6700
2489387615,23008502,1420072807000,6701
2489388014,23008502,1420072857000,6702
2489654800,4883030,1420124883000,6703
2489654924,4883030,1420124901000,6704
2489666756,4883030,1420126460000,6705
2489369910,28468923,1420070578000,6706
2489375314,28468923,1420071209000,6707
2489383616,28468923,1420072279000,6708
2489542138,28684160,1420105501000,6709
2489542715,28684160,1420105620000,6710
2489542987,28684160,1420105676000,6711
2489438749,28679598,1420081638000,6712
2489438792,28679598,1420081648000,6713
2489588242,25629754,1420114606000,6714
2489588393,25629754,1420114631000,6715
2489442988,15805863,1420082626000,6716
2489445469,15805863,1420083228000,6717
2489536947,28256214,1420104400000,6718
2489670501,28256214,1420126925000,6719
2489657727,28539496,1420125266000,6720
2489658356,28539496,1420125350000,6721
2489659027,28539496,1420125428000,6722
2489659662,28539496,1420125516000,6723
2489660585,28539496,1420125652000,6724
2489662164,28539496,1420125861000,6725
2489663107,28539496,1420125980000,6726
2489664169,28539496,1420126121000,6727
2489665995,28539496,1420126361000,6728
2489666424,28539496,1420126417000,6729
2489668490,28539496,1420126675000,6730
2489834047,28673150,1420147585000,6731
2489834240,28673150,1420147611000,6732
2489835839,24306221,1420147813000,6733
2489835841,24306221,1420147813000,6734
2489837245,24306221,1420147982000,6735
2489651285,28417357,1420124424000,6736
2489652814,28417357,1420124631000,6737
2489654130,28417357,1420124796000,6738
2489657863,28417357,1420125284000,6739
2489660013,28417357,1420125565000,6740
2489660550,28417357,1420125648000,6741
2489662541,28417357,1420125911000,6742
2489663397,28417357,1420126017000,6743
2489663933,28417357,1420126086000,6744
2489737214,28417357,1420135492000,6745
2489737537,28417357,1420135524000,6746
2489746962,28417357,1420136707000,6747
2489664197,28409919,1420126125000,6748
2489738207,28409919,1420135587000,6749
2489386813,28677966,1420072703000,6750
2489386855,28677966,1420072711000,6751
2489393543,28677966,1420073655000,6752
2489592090,28677966,1420115202000,6753
2489593178,28677966,1420115400000,6754
2489653022,28677966,1420124655000,6755
2489653249,28677966,1420124688000,6756
2489677404,10798864,1420127811000,6757
2489752725,10798864,1420137443000,6758
2489753872,10798864,1420137589000,6759
2489837018,27964821,1420147957000,6760
2489837796,27964821,1420148047000,6761
2489842539,27964821,1420148600000,6762
2489847168,27964821,1420149138000,6763
2489533309,9433979,1420103595000,6764
2489665795,9433979,1420126335000,6765
2489535667,24366589,1420104129000,6766
2489588505,24366589,1420114652000,6767
2489589352,24366589,1420114815000,6768
2489589355,24366589,1420114815000,6769
2489663717,24366589,1420126060000,6770
2489672521,24366589,1420127181000,6771
2489599885,28686420,1420116624000,6772
2489601034,28686420,1420116815000,6773
2489667880,2285190,1420126598000,6774
2489667888,2285190,1420126598000,6775
2489827140,2285190,1420146722000,6776
2489493073,15061404,1420094527000,6777
2489833340,15061404,1420147501000,6778
2489833341,15061404,1420147502000,6779
2489756617,27184770,1420137915000,6780
2489821071,27184770,1420146004000,6781
2489827245,27184770,1420146735000,6782
2489830290,27184770,1420147115000,6783
2489821318,23774398,1420146023000,6784
2489822327,23774398,1420146134000,6785
2489827200,23774398,1420146729000,6786
2489832273,23774398,1420147370000,6787
2489833173,23774398,1420147477000,6788
2489838140,23774398,1420148084000,6789
2489822405,28695576,1420146144000,6790
2489822554,28695576,1420146159000,6791
2489481693,28681459,1420092298000,6792
2489484112,28681459,1420092717000,6793
2489845454,1487482,1420148942000,6794
2489845523,1487482,1420148948000,6795
2489543329,28684213,1420105758000,6796
2489543993,28684213,1420105911000,6797
2489589591,28686081,1420114859000,6798
2489655309,28686081,1420124953000,6799
2489746778,28560747,1420136681000,6800
2489821245,28560747,1420146016000,6801
2489821246,28560747,1420146016000,6802
2489829426,28694901,1420147012000,6803
2489836381,28694901,1420147877000,6804
2489843741,28694901,1420148746000,6805
2489495030,20703418,1420094921000,6806
2489666187,20703418,1420126384000,6807
2489533546,28671505,1420103656000,6808
2489539668,28671505,1420104966000,6809
2489373769,15477991,1420071040000,6810
2489376628,15477991,1420071370000,6811
2489672088,28689464,1420127126000,6812
2489672210,28689464,1420127145000,6813
2489672635,28689464,1420127193000,6814
2489395521,15441866,1420073957000,6815
2489395522,15441866,1420073957000,6816
2489831848,24301115,1420147316000,6817
2489594082,28418365,1420115562000,6818
2489596367,28418365,1420115991000,6819
2489442720,26396162,1420082557000,6820
2489586288,26396162,1420114249000,6821
2489670949,26396162,1420126980000,6822
2489748538,26396162,1420136891000,6823
2489750246,26396162,1420137116000,6824
2489760918,26396162,1420138449000,6825
2489827094,26396162,1420146717000,6826
2489756544,28692856,1420137907000,6827
2489756598,28692856,1420137913000,6828
2489828504,23037513,1420146895000,6829
2489833579,23037513,1420147530000,6830
2489480424,10055153,1420092052000,6831
2489481127,10055153,1420092168000,6832
2489483262,10055153,1420092584000,6833
2489494349,10055153,1420094782000,6834
2489494350,10055153,1420094782000,6835
2489494352,10055153,1420094782000,6836
2489494354,10055153,1420094782000,6837
2489494356,10055153,1420094783000,6838
2489602594,28686580,1420117074000,6839
2489602753,28686580,1420117106000,6840
2489373108,8424579,1420070952000,6841
2489379423,8424579,1420071733000,6842
2489742785,28692270,1420136163000,6843
2489743045,28692270,1420136196000,6844
2489759113,1226446,1420138223000,6845
2489759145,1226446,1420138228000,6846
2489759965,1226446,1420138331000,6847
2489741168,28692052,1420135931000,6848
2489744860,28692052,1420136431000,6849
2489586738,26112139,1420114326000,6850
2489591836,26112139,1420115159000,6851
2489493799,28288625,1420094682000,6852
2489496285,28288625,1420095228000,6853
2489678354,18096710,1420127936000,6854
2489678355,18096710,1420127936000,6855
2489678705,18096710,1420127979000,6856
2489442196,28653585,1420082424000,6857
2489483740,28653585,1420092652000,6858
2489490082,28653585,1420093897000,6859
2489530228,28653585,1420102931000,6860
2489584249,28653585,1420113875000,6861
2489602866,28653585,1420117128000,6862
2489752700,28653585,1420137439000,6863
2489821794,3151221,1420146077000,6864
2489830898,3151221,1420147197000,6865
2489742969,28692278,1420136184000,6866
2489747691,28692278,1420136791000,6867
2489444758,28679854,1420083055000,6868
2489445548,28679854,1420083252000,6869
2489378574,680132,1420071621000,6870
2489381572,680132,1420072012000,6871
2489668533,680132,1420126681000,6872
2489844201,28060602,1420148797000,6873
2489845107,28060602,1420148898000,6874
2489743187,28604391,1420136214000,6875
2489658645,28588971,1420125379000,6876
2489659100,28588971,1420125438000,6877
2489738343,27815460,1420135603000,6878
2489834459,27815460,1420147646000,6879
2489834517,27815460,1420147653000,6880
2489844081,28696502,1420148784000,6881
2489667565,19004288,1420126561000,6882
2489846048,19004288,1420149005000,6883
2489667885,16377196,1420126598000,6884
2489676015,16377196,1420127630000,6885
2489676775,16377196,1420127731000,6886
2489677660,16377196,1420127845000,6887
2489678793,16377196,1420127992000,6888
2489385205,20281714,1420072490000,6889
2489380251,26648139,1420071841000,6890
2489383155,26648139,1420072217000,6891
2489385004,26648139,1420072462000,6892
2489541384,26648139,1420105319000,6893
2489759762,1610067,1420138304000,6894
2489761294,1610067,1420138498000,6895
2489761372,1610067,1420138508000,6896
2489654533,28371164,1420124852000,6897
2489667951,28371164,1420126606000,6898
2489740380,27849327,1420135847000,6899
2489740381,27849327,1420135847000,6900
2489740591,27849327,1420135867000,6901
2489741644,27849327,1420135999000,6902
2489745836,27849327,1420136548000,6903
2489753610,27849327,1420137557000,6904
2489760524,27849327,1420138404000,6905
2489835704,27849327,1420147798000,6906
2489840263,27849327,1420148335000,6907
2489840264,27849327,1420148335000,6908
2489583629,28681299,1420113766000,6909
2489583698,28681299,1420113776000,6910
2489585021,28681299,1420114019000,6911
2489585088,28681299,1420114029000,6912
2489592007,28681299,1420115190000,6913
2489596794,28681299,1420116060000,6914
2489602209,28681299,1420117006000,6915
2489603206,28681299,1420117192000,6916
2489757932,28692923,1420138075000,6917
2489761202,28692923,1420138485000,6918
2489761481,28692923,1420138520000,6919
2489762432,28692923,1420138626000,6920
2489481691,28680332,1420092297000,6921
2489489102,28680332,1420093708000,6922
2489539764,28680332,1420104982000,6923
2489593534,17262653,1420115461000,6924
2489829446,16404818,1420147014000,6925
2489849686,16404818,1420149431000,6926
2489591807,5510151,1420115155000,6927
2489597928,5510151,1420116279000,6928
2489652664,5510151,1420124607000,6929
2489674762,5510151,1420127458000,6930
2489827395,5510151,1420146754000,6931
2489592116,25023592,1420115207000,6932
2489593191,25023592,1420115404000,6933
2489594567,25023592,1420115662000,6934
2489372065,28657642,1420070827000,6935
2489372066,28657642,1420070827000,6936
2489372490,28657642,1420070873000,6937
2489374114,28657642,1420071081000,6938
2489376228,28657642,1420071322000,6939
2489376278,28657642,1420071327000,6940
2489391736,7427289,1420073402000,6941
2489746291,7427289,1420136609000,6942
2489386960,28562333,1420072725000,6943
2489653616,28562333,1420124732000,6944
2489657484,28562333,1420125235000,6945
2489659886,28562333,1420125549000,6946
2489662083,28562333,1420125853000,6947
2489662086,28562333,1420125853000,6948
2489540888,25799039,1420105217000,6949
2489542772,25799039,1420105633000,6950
2489830051,28684981,1420147084000,6951
2489824151,27784297,1420146354000,6952
2489824323,27784297,1420146371000,6953
2489830719,27784297,1420147175000,6954
2489830750,27784297,1420147179000,6955
2489830860,27784297,1420147192000,6956
2489830889,27784297,1420147195000,6957
2489492008,28681881,1420094286000,6958
2489493199,28681881,1420094550000,6959
2489761438,28467717,1420138516000,6960
2489761956,28467717,1420138575000,6961
2489762488,28467717,1420138634000,6962
2489763016,28467717,1420138697000,6963
2489747865,318103,1420136813000,6964
2489747920,318103,1420136818000,6965
2489839227,318103,1420148216000,6966
2489839698,318103,1420148269000,6967
2489741365,25423675,1420135962000,6968
2489744633,25423675,1420136406000,6969
2489750531,25423675,1420137157000,6970
2489756740,25423675,1420137930000,6971
2489758157,25423675,1420138100000,6972
2489758533,25423675,1420138151000,6973
2489759797,25423675,1420138309000,6974
2489760324,25423675,1420138377000,6975
2489760837,25423675,1420138438000,6976
2489743322,28601408,1420136232000,6977
2489748913,28601408,1420136938000,6978
2489542825,28667278,1420105643000,6979
2489542827,28667278,1420105643000,6980
2489654429,23593166,1420124839000,6981
2489658561,23593166,1420125371000,6982
2489660424,23593166,1420125630000,6983
2489660425,23593166,1420125630000,6984
2489443398,28670748,1420082737000,6985
2489444601,28670748,1420083017000,6986
2489737979,28670748,1420135566000,6987
2489664895,28689167,1420126217000,6988
2489675587,28689167,1420127568000,6989
2489655162,15871314,1420124932000,6990
2489656590,15871314,1420125119000,6991
2489603067,14027980,1420117167000,6992
2489748173,14027980,1420136846000,6993
2489593282,28686208,1420115416000,6994
2489593305,28686208,1420115421000,6995
2489593664,28686208,1420115483000,6996
2489595296,28686208,1420115792000,6997
2489595945,856493,1420115913000,6998
2489759109,856493,1420138223000,6999
2489834348,856493,1420147632000,7000
2489582737,2794457,1420113619000,7001
2489582783,2794457,1420113624000,7002
2489582785,2794457,1420113624000,7003
2489584778,2794457,1420113970000,7004
2489584799,2794457,1420113974000,7005
2489584805,2794457,1420113974000,7006
2489655055,2794457,1420124919000,7007
2489655108,2794457,1420124925000,7008
2489655110,2794457,1420124925000,7009
2489740782,2794457,1420135884000,7010
2489740873,2794457,1420135892000,7011
2489740877,2794457,1420135892000,7012
2489445941,21105091,1420083362000,7013
2489437600,28679427,1420081373000,7014
2489440106,28679427,1420081937000,7015
2489584213,9857439,1420113869000,7016
2489584218,9857439,1420113869000,7017
2489584226,9857439,1420113872000,7018
2489368843,28677526,1420070470000,7019
2489377896,28677526,1420071527000,7020
2489490861,25665871,1420094055000,7021
2489490875,25665871,1420094057000,7022
2489394027,24963888,1420073726000,7023
2489488268,24963888,1420093552000,7024
2489839513,24963888,1420148249000,7025
2489837322,28696209,1420147991000,7026
2489838388,28696209,1420148110000,7027
2489840102,28696209,1420148319000,7028
2489842045,28696209,1420148541000,7029
2489846407,28696209,1420149044000,7030
2489847781,28696209,1420149218000,7031
2489848460,28696209,1420149293000,7032
2489848470,28696209,1420149294000,7033
2489848737,28696209,1420149325000,7034
2489656184,27317504,1420125070000,7035
2489668871,27317504,1420126723000,7036
2489738848,27645112,1420135666000,7037
2489738853,27645112,1420135666000,7038
2489385352,28677926,1420072512000,7039
2489386775,28677926,1420072696000,7040
2489736186,19519093,1420135351000,7041
2489749336,19519093,1420136997000,7042
2489442738,28678214,1420082560000,7043
2489584615,28678214,1420113943000,7044
2489736474,28678214,1420135391000,7045
2489738252,28678214,1420135592000,7046
2489738552,28678214,1420135632000,7047
2489740885,28678214,1420135893000,7048
2489741209,28678214,1420135938000,7049
2489741566,28678214,1420135990000,7050
2489658240,28688893,1420125337000,7051
2489658287,28688893,1420125344000,7052
2489659078,28688893,1420125435000,7053
2489664651,28688893,1420126184000,7054
2489665083,28688893,1420126243000,7055
2489654240,28687111,1420124813000,7056
2489655336,28687111,1420124955000,7057
2489746696,26726495,1420136669000,7058
2489749151,26726495,1420136970000,7059
2489755347,22583028,1420137760000,7060
2489755350,22583028,1420137760000,7061
2489748938,26726290,1420136941000,7062
2489757130,26726290,1420137976000,7063
2489825320,12703045,1420146495000,7064
2489830389,12703045,1420147130000,7065
2489836098,12703045,1420147840000,7066
2489836576,12703045,1420147902000,7067
2489837510,12703045,1420148014000,7068
2489838764,12703045,1420148159000,7069
2489846866,12703045,1420149096000,7070
2489822711,28632072,1420146174000,7071
2489831727,28632072,1420147300000,7072
2489742655,21244505,1420136147000,7073
2489742656,21244505,1420136147000,7074
2489742660,21244505,1420136147000,7075
2489740661,17353120,1420135873000,7076
2489745167,17353120,1420136465000,7077
2489745168,17353120,1420136466000,7078
2489745169,17353120,1420136466000,7079
2489747450,17353120,1420136764000,7080
2489749243,17353120,1420136982000,7081
2489488000,28681635,1420093495000,7082
2489488638,28681635,1420093624000,7083
2489492710,28681635,1420094453000,7084
2489496139,28681635,1420095192000,7085
2489496670,28681635,1420095330000,7086
2489497342,28681635,1420095487000,7087
2489481015,25769285,1420092151000,7088
2489530703,25769285,1420103021000,7089
2489677941,4164482,1420127877000,7090
2489678334,4164482,1420127931000,7091
2489750096,4164482,1420137094000,7092
2489750107,4164482,1420137095000,7093
2489752426,4164482,1420137404000,7094
2489763639,4164482,1420138778000,7095
2489829450,4164482,1420147014000,7096
2489830426,4164482,1420147133000,7097
2489830625,4164482,1420147163000,7098
2489838409,4164482,1420148113000,7099
2489672310,272722,1420127157000,7100
2489821627,27643619,1420146058000,7101
2489822163,27643619,1420146118000,7102
2489822592,27643619,1420146162000,7103
2489822902,27643619,1420146199000,7104
2489823387,27643619,1420146261000,7105
2489545239,20092494,1420106192000,7106
2489849372,20092494,1420149394000,7107
2489532804,27598962,1420103484000,7108
2489658617,27598962,1420125377000,7109
2489840589,27598962,1420148370000,7110
2489532982,28666126,1420103524000,7111
2489601634,28666126,1420116911000,7112
2489384009,9365475,1420072338000,7113
2489384024,9365475,1420072340000,7114
2489531656,9365475,1420103235000,7115
2489531667,9365475,1420103237000,7116
2489744995,18358550,1420136444000,7117
2489745987,18358550,1420136567000,7118
2489749764,18358550,1420137054000,7119
2489752141,18358550,1420137369000,7120
2489758158,18358550,1420138100000,7121
2489658726,28688904,1420125393000,7122
2489658878,28688904,1420125411000,7123
2489384615,28677149,1420072407000,7124
2489385134,28677149,1420072480000,7125
2489373803,15111821,1420071044000,7126
2489593067,15111821,1420115383000,7127
2489657171,15111821,1420125192000,7128
2489663046,15111821,1420125974000,7129
2489834037,8003417,1420147584000,7130
2489834647,8003417,1420147670000,7131
2489834715,8003417,1420147678000,7132
2489735654,28023472,1420135281000,7133
2489743628,28023472,1420136275000,7134
2489481470,28010924,1420092250000,7135
2489655339,28010924,1420124955000,7136
2489656637,28010924,1420125126000,7137
2489735819,28010924,1420135305000,7138
2489744800,28010924,1420136423000,7139
2489746714,28010924,1420136672000,7140
2489746715,28010924,1420136672000,7141
2489748038,28010924,1420136833000,7142
2489748549,28010924,1420136894000,7143
2489755951,28010924,1420137830000,7144
2489442902,12801352,1420082603000,7145
2489443010,12801352,1420082635000,7146
2489443091,12801352,1420082657000,7147
2489443263,12801352,1420082706000,7148
2489443330,12801352,1420082719000,7149
2489443343,12801352,1420082723000,7150
2489443427,12801352,1420082746000,7151
2489444145,12801352,1420082922000,7152
2489444265,12801352,1420082948000,7153
2489446977,12801352,1420083600000,7154
2489850591,12801352,1420149542000,7155
2489539109,27652560,1420104852000,7156
2489541538,27652560,1420105357000,7157
2489545554,27652560,1420106265000,7158
2489739002,27178317,1420135683000,7159
2489843469,27178317,1420148718000,7160
2489843644,27178317,1420148737000,7161
2489846848,27178317,1420149093000,7162
2489849452,27178317,1420149404000,7163
2489754440,23267141,1420137664000,7164
2489842360,23267141,1420148575000,7165
2489651734,28688587,1420124484000,7166
2489653703,28688587,1420124744000,7167
2489656415,28688587,1420125097000,7168
2489660659,28688587,1420125662000,7169
2489661576,28688587,1420125789000,7170
2489664740,28688587,1420126196000,7171
2489758052,28692929,1420138086000,7172
2489758564,28692929,1420138156000,7173
2489760191,28692929,1420138364000,7174
2489543227,13157283,1420105737000,7175
2489739588,13157283,1420135762000,7176
2489739800,13157283,1420135787000,7177
2489739907,13157283,1420135796000,7178
2489739910,13157283,1420135796000,7179
2489821528,20896284,1420146048000,7180
2489824840,20896284,1420146431000,7181
2489375418,28237285,1420071222000,7182
2489742092,28237285,1420136069000,7183
2489491791,28681838,1420094244000,7184
2489531555,27822119,1420103212000,7185
2489654008,27213484,1420124779000,7186
2489741344,28692201,1420135959000,7187
2489599494,28667945,1420116552000,7188
2489600284,28667945,1420116699000,7189
2489752636,28667945,1420137432000,7190
2489543427,12228746,1420105780000,7191
2489664725,12228746,1420126195000,7192
2489670227,12228746,1420126891000,7193
2489844227,12228746,1420148801000,7194
2489490912,19114225,1420094069000,7195
2489492359,19114225,1420094371000,7196
2489835797,28696139,1420147810000,7197
2489745177,28592765,1420136466000,7198
2489753458,28592765,1420137537000,7199
2489591485,28686139,1420115095000,7200
2489595015,28686139,1420115745000,7201
2489369391,28490006,1420070527000,7202
2489374207,28490006,1420071089000,7203
2489372574,28653992,1420070882000,7204
2489374636,28653992,1420071139000,7205
2489739688,28692156,1420135774000,7206
2489750657,28692156,1420137170000,7207
2489751388,28692156,1420137279000,7208
2489752496,28692156,1420137411000,7209
2489749790,24350958,1420137057000,7210
2489438620,20607260,1420081605000,7211
2489743888,20607260,1420136314000,7212
2489747466,20607260,1420136767000,7213
2489747467,20607260,1420136767000,7214
2489747913,20607260,1420136818000,7215
2489751952,20607260,1420137346000,7216
2489751953,20607260,1420137346000,7217
2489828123,20607260,1420146844000,7218
2489491299,28681853,1420094158000,7219
2489491344,28681853,1420094165000,7220
2489491829,28681853,1420094253000,7221
2489374944,28677219,1420071169000,7222
2489381204,28677219,1420071966000,7223
2489383576,28677219,1420072274000,7224
2489437506,28664490,1420081355000,7225
2489595569,28664490,1420115840000,7226
2489595905,28664490,1420115903000,7227
2489753361,28692729,1420137528000,7228
2489754813,28692729,1420137702000,7229
2489377685,18096565,1420071497000,7230
2489390357,18096565,1420073198000,7231
2489530610,28671143,1420103001000,7232
2489530612,28671143,1420103001000,7233
2489531602,28671143,1420103227000,7234
2489542581,28671143,1420105587000,7235
2489602776,28473313,1420117111000,7236
2489602998,28473313,1420117154000,7237
2489603221,28473313,1420117195000,7238
2489661401,1725199,1420125765000,7239
2489665567,1725199,1420126305000,7240
2489675673,1725199,1420127584000,7241
2489677002,1725199,1420127760000,7242
2489678536,1725199,1420127956000,7243
2489763762,1725199,1420138796000,7244
2489821765,1725199,1420146075000,7245
2489823182,1725199,1420146237000,7246
2489836331,1725199,1420147871000,7247
2489436663,28532046,1420081212000,7248
2489439212,28532046,1420081742000,7249
2489443473,28532046,1420082756000,7250
2489446539,28532046,1420083493000,7251
2489827488,3351871,1420146763000,7252
2489829842,3351871,1420147058000,7253
2489830533,3351871,1420147150000,7254
2489833106,3351871,1420147468000,7255
2489836726,3351871,1420147921000,7256
2489837311,3351871,1420147990000,7257
2489736392,9371509,1420135378000,7258
2489737061,9371509,1420135476000,7259
2489740715,9371509,1420135878000,7260
2489835473,25013539,1420147770000,7261
2489837570,25013539,1420148019000,7262
2489838335,25013539,1420148104000,7263
2489841857,25013539,1420148523000,7264
2489843840,25013539,1420148757000,7265
2489374720,22773766,1420071149000,7266
2489376463,22773766,1420071350000,7267
2489436919,22773766,1420081252000,7268
2489481724,28295033,1420092307000,7269
2489489026,28295033,1420093693000,7270
2489490117,28295033,1420093905000,7271
2489444915,25220934,1420083086000,7272
2489530207,25220934,1420102926000,7273
2489827484,28693194,1420146763000,7274
2489832457,28693194,1420147392000,7275
2489586818,28685116,1420114336000,7276
2489587426,28685116,1420114456000,7277
2489593953,28686230,1420115536000,7278
2489594168,28686230,1420115578000,7279
2489594290,28686230,1420115600000,7280
2489596900,28686230,1420116079000,7281
2489596910,28686230,1420116081000,7282
2489447681,28603609,1420083761000,7283
2489449848,28603609,1420084308000,7284
2489657468,28603609,1420125232000,7285
2489666701,28689237,1420126453000,7286
2489668728,28689237,1420126706000,7287
2489675710,28689237,1420127589000,7288
2489821891,2356531,1420146087000,7289
2489821894,2356531,1420146087000,7290
2489822096,2356531,1420146108000,7291
2489386748,10025737,1420072695000,7292
2489760374,10025737,1420138383000,7293
2489600254,28059800,1420116693000,7294
2489600258,28059800,1420116695000,7295
2489372298,862712,1420070853000,7296
2489382500,862712,1420072128000,7297
2489829190,251729,1420146981000,7298
2489843270,251729,1420148693000,7299
2489844885,251729,1420148875000,7300
2489844889,251729,1420148875000,7301
2489438315,26650146,1420081528000,7302
2489531193,26650146,1420103129000,7303
2489653592,26650146,1420124729000,7304
2489823915,26650146,1420146328000,7305
2489536694,21429655,1420104353000,7306
2489761205,21429655,1420138485000,7307
2489538911,28683992,1420104812000,7308
2489539824,28683992,1420104991000,7309
2489835048,28626465,1420147717000,7310
2489840173,28626465,1420148325000,7311
2489744471,28692334,1420136383000,7312
2489744726,28692334,1420136415000,7313
2489492486,28681907,1420094400000,7314
2489493528,28681907,1420094636000,7315
2489495253,28681907,1420094974000,7316
2489495718,28681907,1420095097000,7317
2489529990,28683614,1420102880000,7318
2489530366,28683614,1420102955000,7319
2489657989,9714183,1420125303000,7320
2489665479,9714183,1420126293000,7321
2489739522,9714183,1420135754000,7322
2489741943,9714183,1420136043000,7323
2489751457,9714183,1420137288000,7324
2489753692,9714183,1420137568000,7325
2489828033,28574971,1420146831000,7326
2489829696,28574971,1420147041000,7327
2489488019,27427504,1420093499000,7328
2489488222,27427504,1420093542000,7329
2489488310,27427504,1420093564000,7330
2489599457,27427504,1420116547000,7331
2489743990,27427504,1420136325000,7332
2489383276,28677872,1420072231000,7333
2489386956,28677872,1420072724000,7334
2489387594,28677872,1420072806000,7335
2489388037,28677872,1420072858000,7336
2489392058,28677872,1420073449000,7337
2489540608,22504134,1420105152000,7338
2489540885,22504134,1420105217000,7339
2489541578,22504134,1420105362000,7340
2489542824,22504134,1420105643000,7341
2489543619,22504134,1420105828000,7342
2489545041,22504134,1420106149000,7343
2489388765,28678017,1420072962000,7344
2489488009,28678017,1420093497000,7345
2489439645,28453818,1420081837000,7346
2489439756,28453818,1420081857000,7347
2489741638,22579190,1420135998000,7348
2489746423,22579190,1420136628000,7349
2489746552,22579190,1420136646000,7350
2489748459,22579190,1420136882000,7351
2489748461,22579190,1420136882000,7352
2489751392,22579190,1420137279000,7353
2489751393,22579190,1420137279000,7354
2489821501,22579190,1420146044000,7355
2489821502,22579190,1420146044000,7356
2489824058,22579190,1420146346000,7357
2489438194,3535284,1420081506000,7358
2489438198,3535284,1420081506000,7359
2489760372,28305171,1420138382000,7360
2489761140,28305171,1420138478000,7361
2489543381,4267325,1420105768000,7362
2489545872,4267325,1420106341000,7363
2489838214,9516996,1420148091000,7364
2489840543,9516996,1420148365000,7365
2489484578,16396294,1420092792000,7366
2489496112,16396294,1420095185000,7367
2489535519,16396294,1420104096000,7368
2489388146,100181,1420072877000,7369
2489831117,16587088,1420147225000,7370
2489834754,16587088,1420147682000,7371
2489838965,16587088,1420148179000,7372
2489659016,20893223,1420125427000,7373
2489662651,20893223,1420125925000,7374
2489663877,20893223,1420126079000,7375
2489668102,20893223,1420126627000,7376
2489669112,20893223,1420126757000,7377
2489747093,20893223,1420136722000,7378
2489748490,20893223,1420136886000,7379
2489447430,15443552,1420083710000,7380
2489491942,15443552,1420094273000,7381
2489380981,28677199,1420071937000,7382
2489382327,28677199,1420072105000,7383
2489834800,27549688,1420147689000,7384
2489843366,27549688,1420148706000,7385
2489439082,24880537,1420081712000,7386
2489439469,24880537,1420081799000,7387
2489440009,24880537,1420081916000,7388
2489841364,28656574,1420148466000,7389
2489841622,28656574,1420148494000,7390
2489841623,28656574,1420148494000,7391
2489440930,28498378,1420082112000,7392
2489444356,28498378,1420082968000,7393
2489492769,28498378,1420094464000,7394
2489374754,28671838,1420071154000,7395
2489842130,28671838,1420148554000,7396
2489595940,28335438,1420115912000,7397
2489599007,28335438,1420116460000,7398
2489375281,10958379,1420071205000,7399
2489657125,10958379,1420125186000,7400
2489380291,22036106,1420071847000,7401
2489380292,22036106,1420071847000,7402
2489601249,4180476,1420116855000,7403
2489676319,4180476,1420127673000,7404
2489754665,4180476,1420137685000,7405
2489754666,4180476,1420137685000,7406
2489379790,24962727,1420071780000,7407
2489655079,24962727,1420124922000,7408
2489589558,2285310,1420114851000,7409
2489589563,2285310,1420114851000,7410
2489589756,2285310,1420114880000,7411
2489589758,2285310,1420114881000,7412
2489657395,28688856,1420125225000,7413
2489734911,28280194,1420135201000,7414
2489736979,28280194,1420135465000,7415
2489368189,9457897,1420070409000,7416
2489373528,9457897,1420071008000,7417
2489376088,9457897,1420071306000,7418
2489383097,9457897,1420072209000,7419
2489385307,9457897,1420072506000,7420
2489391785,9457897,1420073407000,7421
2489393890,9457897,1420073706000,7422
2489436623,9457897,1420081209000,7423
2489438200,9457897,1420081506000,7424
2489442118,9457897,1420082408000,7425
2489743805,22433546,1420136304000,7426
2489748849,22433546,1420136930000,7427
2489752793,22433546,1420137452000,7428
2489752795,22433546,1420137452000,7429
2489480974,14681876,1420092143000,7430
2489482695,14681876,1420092496000,7431
2489484656,27743657,1420092804000,7432
2489490737,27743657,1420094028000,7433
2489490738,27743657,1420094028000,7434
2489847999,27743657,1420149240000,7435
2489536218,12241186,1420104245000,7436
2489660050,12241186,1420125572000,7437
2489591475,12201538,1420115091000,7438
2489595402,12201538,1420115813000,7439
2489753349,26932870,1420137524000,7440
2489843043,26932870,1420148665000,7441
2489846233,26932870,1420149024000,7442
2489849096,26932870,1420149365000,7443
2489373113,26346969,1420070953000,7444
2489373172,26346969,1420070959000,7445
2489377058,26346969,1420071420000,7446
2489591033,9101161,1420114996000,7447
2489594824,9101161,1420115716000,7448
2489662001,9101161,1420125844000,7449
2489662003,9101161,1420125844000,7450
2489662410,9101161,1420125896000,7451
2489595549,28686292,1420115838000,7452
2489595908,28686292,1420115904000,7453
2489822728,1675632,1420146177000,7454
2489823383,1675632,1420146260000,7455
2489824581,1675632,1420146399000,7456
2489824590,1675632,1420146400000,7457
2489824620,1675632,1420146405000,7458
2489372092,27698424,1420070829000,7459
2489662904,8088589,1420125956000,7460
2489674090,8088589,1420127367000,7461
2489839722,8088589,1420148273000,7462
2489378303,22736886,1420071584000,7463
2489378306,22736886,1420071584000,7464
2489378320,22736886,1420071586000,7465
2489488414,22736886,1420093582000,7466
2489490207,22736886,1420093926000,7467
2489529676,22736886,1420102822000,7468
2489836111,26659631,1420147843000,7469
2489845144,26659631,1420148903000,7470
2489487285,19258868,1420093309000,7471
2489748686,24727800,1420136909000,7472
2489841886,24727800,1420148526000,7473
2489832062,888060,1420147345000,7474
2489839890,888060,1420148294000,7475
2489839902,888060,1420148295000,7476
2489598114,27342352,1420116314000,7477
2489598668,27342352,1420116409000,7478
2489597900,17073472,1420116274000,7479
2489598698,17073472,1420116417000,7480
2489742026,26296337,1420136055000,7481
2489742856,26296337,1420136171000,7482
2489492162,27944217,1420094325000,7483
2489530754,27944217,1420103033000,7484
2489531273,27944217,1420103148000,7485
2489531599,27944217,1420103226000,7486
2489531978,27944217,1420103302000,7487
2489437078,27988583,1420081278000,7488
2489437331,27988583,1420081323000,7489
2489437517,27988583,1420081358000,7490
2489437793,27988583,1420081415000,7491
2489438076,27988583,1420081479000,7492
2489532211,27944217,1420103353000,7493
2489532398,27944217,1420103396000,7494
2489532605,27944217,1420103443000,7495
2489532826,27944217,1420103490000,7496
2489846435,27965830,1420149047000,7497
2489848375,27965830,1420149281000,7498
2489538239,25273957,1420104675000,7499
2489541888,25273957,1420105440000,7500
2489370370,28642721,1420070633000,7501
2489827046,28642721,1420146711000,7502
2489831850,28642721,1420147316000,7503
2489836140,28642721,1420147847000,7504
2489376775,12741028,1420071389000,7505
2489378587,12741028,1420071622000,7506
2489380213,12741028,1420071836000,7507
2489824874,12741028,1420146435000,7508
2489824986,12741028,1420146452000,7509
2489531857,28683690,1420103272000,7510
2489494738,27874929,1420094867000,7511
2489497427,27874929,1420095511000,7512
2489535687,27874929,1420104132000,7513
2489493084,28681940,1420094530000,7514
2489493109,28681940,1420094535000,7515
2489745635,28681940,1420136522000,7516
2489672926,23991324,1420127225000,7517
2489675236,23991324,1420127522000,7518
2489532494,28683722,1420103418000,7519
2489533420,28683722,1420103622000,7520
2489664747,28689166,1420126198000,7521
2489667242,28689166,1420126523000,7522
2489825794,21454448,1420146557000,7523
2489829390,21454448,1420147008000,7524
2489494840,24830401,1420094886000,7525
2489496191,24830401,1420095201000,7526
2489496350,24830401,1420095245000,7527
2489496481,24830401,1420095282000,7528
2489496577,24830401,1420095309000,7529
2489584601,28685874,1420113940000,7530
2489585438,28685874,1420114080000,7531
2489585881,28685874,1420114175000,7532
2489586181,28685874,1420114230000,7533
2489834509,14305727,1420147652000,7534
2489843695,14305727,1420148742000,7535
2489388391,19872456,1420072912000,7536
2489481808,19872456,1420092329000,7537
2489743452,19872456,1420136253000,7538
2489378193,15814642,1420071569000,7539
2489378348,15814642,1420071589000,7540
2489835966,25467551,1420147825000,7541
2489842769,25467551,1420148631000,7542
2489596747,28322529,1420116053000,7543
2489654132,28322529,1420124796000,7544
2489663787,28322529,1420126067000,7545
2489664025,28322529,1420126100000,7546
2489673135,28322529,1420127249000,7547
2489442649,28679747,1420082535000,7548
2489443685,28679747,1420082801000,7549
2489450047,28679747,1420084354000,7550
2489481429,28681451,1420092244000,7551
2489481536,28681451,1420092260000,7552
2489482995,28681451,1420092545000,7553
2489592843,28564114,1420115346000,7554
2489749632,28564114,1420137036000,7555
2489821544,25083875,1420146049000,7556
2489830058,25083875,1420147085000,7557
2489544476,20872110,1420106011000,7558
2489544907,20872110,1420106113000,7559
2489584949,28666819,1420114002000,7560
2489590988,28666819,1420114988000,7561
2489666399,28666819,1420126411000,7562
2489675951,28290180,1420127622000,7563
2489676629,28290180,1420127710000,7564
2489677835,28290180,1420127865000,7565
2489745602,28290180,1420136518000,7566
2489380108,10487363,1420071822000,7567
2489532799,10487363,1420103484000,7568
2489532800,10487363,1420103484000,7569
2489535083,10487363,1420103999000,7570
2489536071,10487363,1420104216000,7571
2489536072,10487363,1420104216000,7572
2489537447,10487363,1420104518000,7573
2489537448,10487363,1420104518000,7574
2489740402,24834835,1420135847000,7575
2489742834,24834835,1420136170000,7576
2489753144,24834835,1420137498000,7577
2489671519,24720119,1420127053000,7578
2489671539,24720119,1420127054000,7579
2489675447,28093923,1420127552000,7580
2489678712,28093923,1420127979000,7581
2489748417,28093923,1420136875000,7582
2489748891,28093923,1420136936000,7583
2489752569,28093923,1420137418000,7584
2489755816,28093923,1420137812000,7585
2489756867,28093923,1420137945000,7586
2489758513,28093923,1420138147000,7587
2489759563,28093923,1420138278000,7588
2489762444,28093923,1420138628000,7589
2489763003,28093923,1420138695000,7590
2489763537,28093923,1420138764000,7591
2489443887,26350432,1420082860000,7592
2489846977,26885537,1420149113000,7593
2489850000,26885537,1420149465000,7594
2489738757,28050254,1420135656000,7595
2489741893,28050254,1420136036000,7596
2489742198,28050254,1420136087000,7597
2489544388,19848935,1420105991000,7598
2489372880,28474720,1420070921000,7599
2489373794,28474720,1420071043000,7600
2489374316,28474720,1420071103000,7601
2489833627,28695953,1420147539000,7602
2489837416,28695953,1420148002000,7603
2489585200,28685906,1420114050000,7604
2489585252,28685906,1420114059000,7605
2489372964,19698280,1420070932000,7606
2489372965,19698280,1420070932000,7607
2489374441,19698280,1420071118000,7608
2489379052,19698280,1420071682000,7609
2489372284,4454793,1420070852000,7610
2489597044,4454793,1420116107000,7611
2489821549,4454793,1420146049000,7612
2489439260,15476375,1420081752000,7613
2489535526,15476375,1420104098000,7614
2489657649,15476375,1420125256000,7615
2489751396,26627862,1420137280000,7616
2489762540,26627862,1420138640000,7617
2489582655,24810492,1420113610000,7618
2489582994,24810492,1420113655000,7619
2489583346,24810492,1420113712000,7620
2489583467,24810492,1420113734000,7621
2489601614,24810492,1420116908000,7622
2489660311,24810492,1420125613000,7623
2489739026,24810492,1420135686000,7624
2489741323,24810492,1420135956000,7625
2489744261,24810492,1420136356000,7626
2489744643,24810492,1420136407000,7627
2489745131,24810492,1420136462000,7628
2489745384,24810492,1420136491000,7629
2489745831,24810492,1420136546000,7630
2489746131,24810492,1420136585000,7631
2489384573,21642960,1420072403000,7632
2489387807,21642960,1420072831000,7633
2489390393,21642960,1420073202000,7634
2489439141,28646115,1420081727000,7635
2489439792,28646115,1420081863000,7636
2489440436,28646115,1420082005000,7637
2489823991,28646115,1420146338000,7638
2489652273,17253131,1420124559000,7639
2489660016,17253131,1420125565000,7640
2489755050,28692794,1420137727000,7641
2489759269,28692794,1420138246000,7642
2489842190,28696413,1420148560000,7643
2489842466,28696413,1420148590000,7644
2489391924,27779283,1420073428000,7645
2489740842,27779283,1420135889000,7646
2489740987,27779283,1420135905000,7647
2489747356,27779283,1420136755000,7648
2489747784,27779283,1420136803000,7649
2489826791,27779283,1420146677000,7650
2489822852,28313382,1420146192000,7651
2489829564,28313382,1420147025000,7652
2489536330,11038593,1420104266000,7653
2489538118,11038593,1420104655000,7654
2489746221,11038593,1420136598000,7655
2489534652,28614333,1420103893000,7656
2489545864,28614333,1420106339000,7657
2489754971,27458466,1420137719000,7658
2489754975,27458466,1420137719000,7659
2489658839,28688908,1420125407000,7660
2489664413,28688908,1420126154000,7661
2489662047,27547153,1420125849000,7662
2489667022,27547153,1420126496000,7663
2489587176,28685983,1420114405000,7664
2489591045,28685983,1420115000000,7665
2489591921,28685983,1420115173000,7666
2489587066,28677344,1420114381000,7667
2489588450,28677344,1420114641000,7668
2489591242,28677344,1420115043000,7669
2489591243,28677344,1420115043000,7670
2489661831,3069402,1420125821000,7671
2489661832,3069402,1420125821000,7672
2489661833,3069402,1420125821000,7673
2489752583,3069402,1420137422000,7674
2489530473,23454409,1420102974000,7675
2489534083,23454409,1420103769000,7676
2489748025,28647217,1420136831000,7677
2489752897,28647217,1420137466000,7678
2489497083,24603634,1420095431000,7679
2489589577,24603634,1420114855000,7680
2489749104,24603634,1420136965000,7681
2489751678,24603634,1420137317000,7682
2489752972,24603634,1420137473000,7683
2489756216,24603634,1420137865000,7684
2489746090,25012906,1420136580000,7685
2489757841,25012906,1420138066000,7686
2489543538,5618793,1420105806000,7687
2489750195,5618793,1420137110000,7688
2489758632,5618793,1420138162000,7689
2489390723,28672554,1420073254000,7690
2489395175,28672554,1420073908000,7691
2489447226,28672554,1420083659000,7692
2489450192,28672554,1420084394000,7693
2489833537,28696042,1420147525000,7694
2489835211,28696042,1420147737000,7695
2489584095,5176034,1420113845000,7696
2489585649,5176034,1420114122000,7697
2489389734,18126008,1420073109000,7698
2489391782,18126008,1420073407000,7699
2489393889,18126008,1420073706000,7700
2489436617,18126008,1420081208000,7701
2489438195,18126008,1420081506000,7702
2489439499,18126008,1420081808000,7703
2489440902,18126008,1420082107000,7704
2489442111,18126008,1420082407000,7705
2489443260,18126008,1420082706000,7706
2489823206,26590344,1420146240000,7707
2489850626,26590344,1420149546000,7708
2489840050,28696325,1420148314000,7709
2489840274,28696325,1420148339000,7710
2489449639,28680032,1420084254000,7711
2489451537,28680032,1420084767000,7712
2489584217,11600974,1420113869000,7713
2489584635,11600974,1420113945000,7714
2489492942,28059374,1420094499000,7715
2489596789,28059374,1420116059000,7716
2489443924,21796043,1420082867000,7717
2489443995,21796043,1420082885000,7718
2489444069,21796043,1420082905000,7719
2489388419,13315305,1420072916000,7720
2489388703,13315305,1420072956000,7721
2489654656,28688734,1420124865000,7722
2489656877,28688734,1420125159000,7723
2489657425,28688734,1420125227000,7724
2489658994,28688734,1420125426000,7725
2489659501,28688734,1420125491000,7726
2489659564,28688734,1420125500000,7727
2489659567,28688734,1420125501000,7728
2489661602,28688734,1420125790000,7729
2489663790,28688734,1420126067000,7730
2489667090,28689255,1420126505000,7731
2489668927,28689255,1420126732000,7732
2489373349,28615167,1420070986000,7733
2489481161,28615167,1420092173000,7734
2489584234,27906310,1420113873000,7735
2489584975,27906310,1420114009000,7736
2489488491,28681737,1420093600000,7737
2489488539,28681737,1420093608000,7738
2489495109,9556384,1420094941000,7739
2489495589,9556384,1420095063000,7740
2489442630,28663468,1420082529000,7741
2489593552,27225689,1420115464000,7742
2489654913,27225689,1420124899000,7743
2489659526,27860137,1420125494000,7744
2489661526,27860137,1420125782000,7745
2489663612,27860137,1420126046000,7746
2489663995,27860137,1420126095000,7747
2489664431,27860137,1420126156000,7748
2489665173,27860137,1420126256000,7749
2489665360,27860137,1420126278000,7750
2489665566,27860137,1420126305000,7751
2489667053,27860137,1420126499000,7752
2489677226,28285625,1420127786000,7753
2489669128,21629498,1420126758000,7754
2489673654,21629498,1420127314000,7755
2489674402,25844648,1420127408000,7756
2489677902,25844648,1420127871000,7757
2489583951,18437855,1420113823000,7758
2489602569,18437855,1420117070000,7759
2489825242,28011403,1420146485000,7760
2489826973,28011403,1420146701000,7761
2489828554,28011403,1420146903000,7762
2489830228,28011403,1420147106000,7763
2489835954,28011403,1420147823000,7764
2489837200,28011403,1420147974000,7765
2489838668,28011403,1420148144000,7766
2489842620,28011403,1420148610000,7767
2489844606,28011403,1420148842000,7768
2489848151,28011403,1420149254000,7769
2489671241,28689425,1420127015000,7770
2489675675,28689425,1420127584000,7771
2489675677,28689425,1420127584000,7772
2489544472,1700621,1420106011000,7773
2489838910,1700621,1420148174000,7774
2489675648,28689529,1420127579000,7775
2489677832,28689529,1420127865000,7776
2489386089,28676958,1420072602000,7777
2489390156,28676958,1420073173000,7778
2489390157,28676958,1420073173000,7779
2489583103,7317163,1420113672000,7780
2489590966,7317163,1420114984000,7781
2489737057,7317163,1420135476000,7782
2489737058,7317163,1420135476000,7783
2489743553,7317163,1420136267000,7784
2489485964,28681609,1420093011000,7785
2489487162,28681609,1420093285000,7786
2489599060,28681609,1420116467000,7787
2489373344,5625464,1420070986000,7788
2489585686,5625464,1420114135000,7789
2489373928,27676237,1420071063000,7790
2489826446,27676237,1420146636000,7791
2489827163,27676237,1420146724000,7792
2489821933,28695436,1420146092000,7793
2489822956,28695436,1420146206000,7794
2489830177,28695436,1420147100000,7795
2489735202,28691764,1420135231000,7796
2489760282,28691764,1420138371000,7797
2489830044,28691764,1420147084000,7798
2489831895,28691764,1420147321000,7799
2489760839,11723339,1420138438000,7800
2489760856,11723339,1420138441000,7801
2489585835,25177624,1420114162000,7802
2489594756,25177624,1420115703000,7803
2489674465,25177624,1420127417000,7804
2489676179,25177624,1420127651000,7805
2489676188,25177624,1420127654000,7806
2489735191,25177624,1420135230000,7807
2489739754,25177624,1420135782000,7808
2489740155,25177624,1420135820000,7809
2489746549,25177624,1420136646000,7810
2489753917,25177624,1420137596000,7811
2489762966,25177624,1420138690000,7812
2489825551,25177624,1420146525000,7813
2489540316,28684062,1420105082000,7814
2489542974,28684062,1420105673000,7815
2489395348,23724212,1420073933000,7816
2489395358,23724212,1420073936000,7817
2489379482,28676383,1420071742000,7818
2489390538,28676383,1420073227000,7819
2489663940,16598287,1420126087000,7820
2489750132,16598287,1420137098000,7821
2489535214,8155345,1420104029000,7822
2489535215,8155345,1420104030000,7823
2489438288,26987808,1420081521000,7824
2489448987,26987808,1420084089000,7825
2489449079,26987808,1420084114000,7826
2489449453,26987808,1420084209000,7827
2489482665,26987808,1420092492000,7828
2489482940,26987808,1420092536000,7829
2489392002,28567797,1420073443000,7830
2489392576,28567797,1420073519000,7831
2489388263,28658311,1420072896000,7832
2489740559,28658311,1420135863000,7833
2489535446,28683866,1420104077000,7834
2489536346,28683866,1420104272000,7835
2489492999,28562986,1420094514000,7836
2489831794,28562986,1420147306000,7837
2489653900,6838904,1420124768000,7838
2489655580,6838904,1420124989000,7839
2489490821,22394357,1420094047000,7840
2489597443,22394357,1420116173000,7841
2489745775,22394357,1420136540000,7842
2489538405,28683978,1420104715000,7843
2489539376,28683978,1420104916000,7844
2489442239,809601,1420082436000,7845
2489850376,809601,1420149512000,7846
2489368472,28677493,1420070431000,7847
2489375216,28677493,1420071196000,7848
2489437239,28677493,1420081306000,7849
2489438634,28677493,1420081610000,7850
2489442422,28677493,1420082479000,7851
2489599702,5196724,1420116593000,7852
2489599706,5196724,1420116593000,7853
2489743490,27924304,1420136259000,7854
2489743491,27924304,1420136259000,7855
2489588286,28463713,1420114611000,7856
2489593034,28463713,1420115379000,7857
2489739401,21003908,1420135737000,7858
2489740903,21003908,1420135894000,7859
2489751412,21003908,1420137282000,7860
2489450223,21967508,1420084403000,7861
2489761100,21967508,1420138471000,7862
2489761167,21967508,1420138481000,7863
2489761238,21967508,1420138489000,7864
2489761277,21967508,1420138494000,7865
2489828157,22364415,1420146849000,7866
2489837263,22364415,1420147984000,7867
2489652375,28369560,1420124568000,7868
2489660913,28369560,1420125698000,7869
2489821268,28695395,1420146018000,7870
2489825847,28695395,1420146565000,7871
2489757392,23464006,1420138010000,7872
2489757799,23464006,1420138060000,7873
2489531263,7204596,1420103147000,7874
2489532375,7204596,1420103391000,7875
2489483784,28061920,1420092662000,7876
2489738329,28061920,1420135602000,7877
2489827438,28061920,1420146759000,7878
2489833151,28061920,1420147474000,7879
2489845917,28061920,1420148992000,7880
2489846190,28061920,1420149019000,7881
2489451193,25995058,1420084671000,7882
2489837694,990804,1420148032000,7883
2489837754,990804,1420148042000,7884
2489388373,28535230,1420072912000,7885
2489535042,28535230,1420103986000,7886
2489544716,28535230,1420106073000,7887
2489598715,27249662,1420116419000,7888
2489598782,27249662,1420116428000,7889
2489601281,27249662,1420116859000,7890
2489601456,27249662,1420116886000,7891
2489448655,28636369,1420084014000,7892
2489593200,28636369,1420115404000,7893
2489602347,28636369,1420117031000,7894
2489667349,28636369,1420126536000,7895
2489594541,1413319,1420115659000,7896
2489827694,1413319,1420146787000,7897
2489735618,27040229,1420135278000,7898
2489745327,27040229,1420136484000,7899
2489835577,27040229,1420147780000,7900
2489735550,28691977,1420135271000,7901
2489736055,28691977,1420135335000,7902
2489737827,28691977,1420135550000,7903
2489738396,28691977,1420135612000,7904
2489739334,28691977,1420135727000,7905
2489822827,28274187,1420146189000,7906
2489822926,28274187,1420146203000,7907
2489584395,25237311,1420113903000,7908
2489588994,25237311,1420114744000,7909
2489591517,25237311,1420115100000,7910
2489593146,25237311,1420115394000,7911
2489593636,25237311,1420115477000,7912
2489593856,25237311,1420115519000,7913
2489593997,25237311,1420115546000,7914
2489594319,25237311,1420115609000,7915
2489595685,25237311,1420115863000,7916
2489598083,25237311,1420116308000,7917
2489599716,25237311,1420116594000,7918
2489542033,20324264,1420105473000,7919
2489542420,20324264,1420105557000,7920
2489542650,20324264,1420105604000,7921
2489543543,20324264,1420105807000,7922
2489749290,28271565,1420136991000,7923
2489757731,28271565,1420138052000,7924
2489530081,28683399,1420102901000,7925
2489534281,28683399,1420103818000,7926
2489741260,28691325,1420135946000,7927
2489743527,28691325,1420136263000,7928
2489744787,28691325,1420136422000,7929
2489744971,28691325,1420136442000,7930
2489747666,28691325,1420136788000,7931
2489597357,28686364,1420116157000,7932
2489598987,28686364,1420116458000,7933
2489601858,28686364,1420116947000,7934
2489602586,28686364,1420117071000,7935
2489672483,15435839,1420127179000,7936
2489746852,15435839,1420136692000,7937
2489369598,28647308,1420070545000,7938
2489370645,28647308,1420070666000,7939
2489371392,28647308,1420070756000,7940
2489589309,8823857,1420114809000,7941
2489592534,8823857,1420115287000,7942
2489587046,28685968,1420114377000,7943
2489587223,28685968,1420114415000,7944
2489587397,28685968,1420114450000,7945
2489596875,28685968,1420116074000,7946
2489657174,1335198,1420125192000,7947
2489666872,1335198,1420126476000,7948
2489746136,17120460,1420136586000,7949
2489755276,17120460,1420137749000,7950
2489755663,17120460,1420137794000,7951
2489758432,17120460,1420138137000,7952
2489762858,17120460,1420138679000,7953
2489380063,12459565,1420071815000,7954
2489383512,12459565,1420072268000,7955
2489598590,12459565,1420116395000,7956
2489740779,12459565,1420135884000,7957
2489822197,12459565,1420146124000,7958
2489446798,28657424,1420083556000,7959
2489447095,28657424,1420083628000,7960
2489447777,28657424,1420083782000,7961
2489394582,26843964,1420073820000,7962
2489530012,26843964,1420102885000,7963
2489757121,26843964,1420137975000,7964
2489379575,28677789,1420071755000,7965
2489379694,28677789,1420071769000,7966
2489382346,28677789,1420072108000,7967
2489486791,28679498,1420093217000,7968
2489493173,28679498,1420094546000,7969
2489754403,27625738,1420137659000,7970
2489760786,27625738,1420138433000,7971
2489761213,27625738,1420138486000,7972
2489585070,28573772,1420114025000,7973
2489587324,28573772,1420114435000,7974
2489393561,27844858,1420073658000,7975
2489395513,27844858,1420073954000,7976
2489395624,27844858,1420073975000,7977
2489536711,378226,1420104358000,7978
2489536713,378226,1420104358000,7979
2489536805,378226,1420104375000,7980
2489496092,5143809,1420095182000,7981
2489531253,5143809,1420103146000,7982
2489829906,5143809,1420147066000,7983
2489488965,11603668,1420093681000,7984
2489489531,11603668,1420093805000,7985
2489489618,11603668,1420093815000,7986
2489489866,11603668,1420093864000,7987
2489489978,11603668,1420093880000,7988
2489489981,11603668,1420093880000,7989
2489490167,11603668,1420093916000,7990
2489530647,28389231,1420103010000,7991
2489531043,28389231,1420103096000,7992
2489537596,28389231,1420104556000,7993
2489847255,28647974,1420149149000,7994
2489847706,28647974,1420149206000,7995
2489382492,27953405,1420072126000,7996
2489744647,27953405,1420136407000,7997
2489443493,28578790,1420082760000,7998
2489444142,28578790,1420082922000,7999
2489595730,28686301,1420115869000,8000
2489595913,28686301,1420115905000,8001
2489492941,19096087,1420094499000,8002
2489493042,19096087,1420094522000,8003
2489493043,19096087,1420094522000,8004
2489493654,19096087,1420094660000,8005
2489493658,19096087,1420094661000,8006
2489497553,19096087,1420095547000,8007
2489497554,19096087,1420095547000,8008
2489442815,28679753,1420082578000,8009
2489443035,28679753,1420082642000,8010
2489369870,10611388,1420070575000,8011
2489381344,10611388,1420071982000,8012
2489755323,7599693,1420137756000,8013
2489755521,7599693,1420137779000,8014
2489444562,21444864,1420083010000,8015
2489448098,21444864,1420083859000,8016
2489673896,21444864,1420127344000,8017
2489821269,21444864,1420146018000,8018
2489822244,21444864,1420146129000,8019
2489823978,21444864,1420146336000,8020
2489824250,21444864,1420146365000,8021
2489653352,22317183,1420124700000,8022
2489670522,22317183,1420126928000,8023
2489583747,28685839,1420113788000,8024
2489584989,28685839,1420114013000,8025
2489586210,28685839,1420114235000,8026
2489439128,27689646,1420081722000,8027
2489442609,27689646,1420082527000,8028
2489741354,27689646,1420135960000,8029
2489756074,27689646,1420137847000,8030
2489756571,27689646,1420137910000,8031
2489756785,27689646,1420137936000,8032
2489760002,27689646,1420138338000,8033
2489761527,27689646,1420138526000,8034
2489762607,27689646,1420138649000,8035
2489846657,27689646,1420149072000,8036
2489664679,25943660,1420126187000,8037
2489664683,25943660,1420126188000,8038
2489664694,25943660,1420126189000,8039
2489599777,6297520,1420116605000,8040
2489601272,6297520,1420116857000,8041
2489838359,5303104,1420148107000,8042
2489844659,5303104,1420148850000,8043
2489654991,27594758,1420124910000,8044
2489661775,27594758,1420125812000,8045
2489735876,27594758,1420135315000,8046
2489758009,27594758,1420138081000,8047
2489490309,28681818,1420093943000,8048
2489491298,28681818,1420094157000,8049
2489491644,28681818,1420094219000,8050
2489669819,28681818,1420126842000,8051
2489597132,28560759,1420116120000,8052
2489744150,28560759,1420136343000,8053
2489373628,28676895,1420071023000,8054
2489375363,28676895,1420071216000,8055
2489826843,26153532,1420146686000,8056
2489828027,26153532,1420146830000,8057
2489832061,26153532,1420147345000,8058
2489834614,26153532,1420147664000,8059
2489835080,26153532,1420147722000,8060
2489835425,26153532,1420147764000,8061
2489835636,26153532,1420147789000,8062
2489835898,26153532,1420147818000,8063
2489837579,26153532,1420148020000,8064
2489837683,26153532,1420148032000,8065
2489839104,26153532,1420148199000,8066
2489843176,26153532,1420148682000,8067
2489371972,15045751,1420070814000,8068
2489442217,15045751,1420082430000,8069
2489535258,15045751,1420104040000,8070
2489741448,15045751,1420135973000,8071
2489598671,19066123,1420116411000,8072
2489599878,19066123,1420116624000,8073
2489600226,19066123,1420116686000,8074
2489761793,28693088,1420138558000,8075
2489761984,28693088,1420138578000,8076
2489438901,28367827,1420081667000,8077
2489484313,28367827,1420092755000,8078
2489828380,25140346,1420146877000,8079
2489828945,25140346,1420146953000,8080
2489846480,25140346,1420149052000,8081
2489831896,27390041,1420147321000,8082
2489832626,27390041,1420147411000,8083
2489833301,27390041,1420147497000,8084
2489833768,27390041,1420147553000,8085
2489835528,27390041,1420147775000,8086
2489836213,27390041,1420147856000,8087
2489836614,27390041,1420147908000,8088
2489837038,27390041,1420147957000,8089
2489837447,27390041,1420148006000,8090
2489838128,27390041,1420148083000,8091
2489843908,27390041,1420148766000,8092
2489843911,27390041,1420148767000,8093
2489846300,27390041,1420149032000,8094
2489846941,27390041,1420149107000,8095
2489847248,27390041,1420149148000,8096
2489847681,27390041,1420149203000,8097
2489587204,28685984,1420114411000,8098
2489587257,28685984,1420114423000,8099
2489384060,28257573,1420072346000,8100
2489384911,28257573,1420072449000,8101
2489444107,28257573,1420082913000,8102
2489540507,28257573,1420105131000,8103
2489541436,28257573,1420105332000,8104
2489652501,28257573,1420124586000,8105
2489657551,28257573,1420125245000,8106
2489673400,28257573,1420127281000,8107
2489677534,28257573,1420127830000,8108
2489754552,28257573,1420137675000,8109
2489759388,28692988,1420138262000,8110
2489759477,28692988,1420138270000,8111
2489759903,28692988,1420138324000,8112
2489600379,28686393,1420116720000,8113
2489821935,28693458,1420146092000,8114
2489822266,28693458,1420146129000,8115
2489824132,28693458,1420146351000,8116
2489824957,28693458,1420146446000,8117
2489847913,28696673,1420149233000,8118
2489848030,28696673,1420149243000,8119
2489848063,28696673,1420149246000,8120
2489848145,28696673,1420149254000,8121
2489848170,28696673,1420149257000,8122
2489535077,28672373,1420103997000,8123
2489535455,28672373,1420104079000,8124
2489741167,28672373,1420135931000,8125
2489755655,21983187,1420137793000,8126
2489756661,21983187,1420137922000,8127
2489592779,18430108,1420115331000,8128
2489835362,18430108,1420147756000,8129
2489828473,28695843,1420146890000,8130
2489830126,28695843,1420147094000,8131
2489835227,28695843,1420147738000,8132
2489376920,22088187,1420071402000,8133
2489832723,28696006,1420147421000,8134
2489832786,28696006,1420147428000,8135
2489822380,18891663,1420146139000,8136
2489822954,18891663,1420146206000,8137
2489823207,18891663,1420146240000,8138
2489440765,9243402,1420082080000,8139
2489539208,9243402,1420104873000,8140
2489674120,2055863,1420127370000,8141
2489677939,2055863,1420127877000,8142
2489377012,28673012,1420071411000,8143
2489379481,28673012,1420071742000,8144
2489598340,16631109,1420116355000,8145
2489600337,16631109,1420116711000,8146
2489746650,9431642,1420136660000,8147
2489746812,9431642,1420136687000,8148
2489762449,9431642,1420138629000,8149
2489389268,28022077,1420073033000,8150
2489830891,28022077,1420147196000,8151
2489835599,28022077,1420147784000,8152
2489836729,28022077,1420147922000,8153
2489847475,28022077,1420149173000,8154
2489437244,28679550,1420081307000,8155
2489441800,28679550,1420082320000,8156
2489530296,7266007,1420102941000,8157
2489823172,7266007,1420146235000,8158
2489486328,28681629,1420093106000,8159
2489487763,28681629,1420093445000,8160
2489488127,28681629,1420093522000,8161
2489544399,28627282,1420105994000,8162
2489583910,28627282,1420113817000,8163
2489538637,28380413,1420104761000,8164
2489539910,28380413,1420105007000,8165
2489752006,7576469,1420137352000,8166
2489752142,7576469,1420137369000,8167
2489671049,27308984,1420126991000,8168
2489672587,27308984,1420127189000,8169
2489374736,18327618,1420071153000,8170
2489374740,18327618,1420071153000,8171
2489538723,18327618,1420104776000,8172
2489538741,18327618,1420104778000,8173
2489592624,18327618,1420115306000,8174
2489592640,18327618,1420115308000,8175
2489670541,13234786,1420126930000,8176
2489665288,28325138,1420126271000,8177
2489668135,28325138,1420126631000,8178
2489821581,13739356,1420146052000,8179
2489834110,13739356,1420147594000,8180
2489836258,13739356,1420147863000,8181
2489836260,13739356,1420147863000,8182
2489837209,13739356,1420147976000,8183
2489837838,13739356,1420148051000,8184
2489440328,28676820,1420081974000,8185
2489741190,28676820,1420135935000,8186
2489741576,28676820,1420135991000,8187
2489754818,28676820,1420137702000,8188
2489543584,6888841,1420105819000,8189
2489383247,28677869,1420072228000,8190
2489384312,28677869,1420072369000,8191
2489544707,20375802,1420106068000,8192
2489676352,20375802,1420127676000,8193
2489442459,15149030,1420082487000,8194
2489368573,21481110,1420070440000,8195
2489368965,21481110,1420070485000,8196
2489369426,21481110,1420070530000,8197
2489369882,21481110,1420070575000,8198
2489370278,21481110,1420070621000,8199
2489370640,21481110,1420070666000,8200
2489371005,21481110,1420070711000,8201
2489371387,21481110,1420070756000,8202
2489658573,28688902,1420125373000,8203
2489659262,28688902,1420125459000,8204
2489663572,28688902,1420126042000,8205
2489740685,9741468,1420135875000,8206
2489740732,9741468,1420135880000,8207
2489494995,28210736,1420094911000,8208
2489597908,28210736,1420116275000,8209
2489481639,27857519,1420092285000,8210
2489483405,27857519,1420092602000,8211
2489487050,27857519,1420093264000,8212
2489494825,27857519,1420094884000,8213
2489495824,27857519,1420095126000,8214
2489845586,28696563,1420148957000,8215
2489848458,28696563,1420149292000,8216
2489826395,28695750,1420146630000,8217
2489828321,28695750,1420146871000,8218
2489829797,28695750,1420147053000,8219
2489830933,28695750,1420147200000,8220
2489827986,22036291,1420146824000,8221
2489830052,22036291,1420147084000,8222
2489821325,24962289,1420146023000,8223
2489599463,25670907,1420116548000,8224
2489601849,25670907,1420116946000,8225
2489834385,28696076,1420147637000,8226
2489838626,28696076,1420148140000,8227
2489542145,28560067,1420105501000,8228
2489542731,28560067,1420105625000,8229
2489437147,8257106,1420081289000,8230
2489654104,8257106,1420124791000,8231
2489672387,8257106,1420127167000,8232
2489742419,28692255,1420136117000,8233
2489823779,28676103,1420146309000,8234
2489829072,28676103,1420146968000,8235
2489830712,28676103,1420147175000,8236
2489833067,28676103,1420147461000,8237
2489758002,28605746,1420138081000,8238
2489758530,28605746,1420138151000,8239
2489759577,28605746,1420138280000,8240
2489529888,6970256,1420102860000,8241
2489735372,28691924,1420135251000,8242
2489741781,28691924,1420136018000,8243
2489743449,28691924,1420136252000,8244
2489836220,28691924,1420147857000,8245
2489837719,28691924,1420148037000,8246
2489842601,28691924,1420148607000,8247
2489385748,19514776,1420072556000,8248
2489386510,19514776,1420072660000,8249
2489389524,19514776,1420073072000,8250
2489389781,19514776,1420073114000,8251
2489377698,28677737,1420071498000,8252
2489377968,28677737,1420071539000,8253
2489381438,28677737,1420071993000,8254
2489448441,20905572,1420083959000,8255
2489490776,20905572,1420094036000,8256
2489660651,20905572,1420125660000,8257
2489660823,20905572,1420125683000,8258
2489736460,20905572,1420135388000,8259
2489737522,20905572,1420135524000,8260
2489754914,20905572,1420137714000,8261
2489761385,20905572,1420138509000,8262
2489836334,20905572,1420147871000,8263
2489845394,28696555,1420148933000,8264
2489847589,28696555,1420149193000,8265
2489848011,28696555,1420149241000,8266
2489598830,27047383,1420116435000,8267
2489598999,27047383,1420116459000,8268
2489533241,18049133,1420103576000,8269
2489833946,18049133,1420147574000,8270
2489594481,28662433,1420115646000,8271
2489597557,28662433,1420116196000,8272
2489823409,28562730,1420146263000,8273
2489826735,28562730,1420146671000,8274
2489827240,28562730,1420146735000,8275
2489661925,28689036,1420125834000,8276
2489665280,28689036,1420126270000,8277
2489665311,28689036,1420126273000,8278
2489652995,28688676,1420124652000,8279
2489653744,28688676,1420124749000,8280
2489654253,28688676,1420124815000,8281
2489654975,28688676,1420124908000,8282
2489751507,28692638,1420137295000,8283
2489756688,1430051,1420137924000,8284
2489760748,1430051,1420138430000,8285
2489822719,1430051,1420146175000,8286
2489438909,28289664,1420081670000,8287
2489591795,18991173,1420115153000,8288
2489822495,28516885,1420146150000,8289
2489826751,28516885,1420146673000,8290
2489386250,24087734,1420072627000,8291
2489386622,24087734,1420072675000,8292
2489387834,24087734,1420072836000,8293
2489388958,24087734,1420072987000,8294
2489389264,24087734,1420073033000,8295
2489821899,24087734,1420146087000,8296
2489588114,20460976,1420114578000,8297
2489597719,20460976,1420116237000,8298
2489828227,22012350,1420146858000,8299
2489833085,22012350,1420147464000,8300
2489669203,16710027,1420126767000,8301
2489670304,16710027,1420126900000,8302
2489674902,16710027,1420127473000,8303
2489657729,7939844,1420125266000,8304
2489660713,7939844,1420125670000,8305
2489667817,7939844,1420126589000,8306
2489667945,7939844,1420126605000,8307
2489539205,28684009,1420104873000,8308
2489541614,28684009,1420105368000,8309
2489592504,24415704,1420115282000,8310
2489592776,24415704,1420115331000,8311
2489387471,13982751,1420072791000,8312
2489541080,13982751,1420105256000,8313
2489438045,989037,1420081473000,8314
2489440323,989037,1420081973000,8315
2489440530,989037,1420082024000,8316
2489480377,989037,1420092045000,8317
2489487361,989037,1420093330000,8318
2489844350,989037,1420148814000,8319
2489846755,989037,1420149083000,8320
2489828275,28693657,1420146866000,8321
2489833886,28693657,1420147566000,8322
2489587694,488258,1420114507000,8323
2489593128,488258,1420115392000,8324
2489391044,26879520,1420073299000,8325
2489669308,28092184,1420126777000,8326
2489669315,28092184,1420126778000,8327
2489669327,28092184,1420126778000,8328
2489669333,28092184,1420126782000,8329
2489489072,2230932,1420093701000,8330
2489489220,2230932,1420093730000,8331
2489751463,24928671,1420137289000,8332
2489751784,24928671,1420137327000,8333
2489826909,24928671,1420146694000,8334
2489838858,24928671,1420148168000,8335
2489436956,28128093,1420081256000,8336
2489439265,28128093,1420081753000,8337
2489442041,28128093,1420082388000,8338
2489739606,27175667,1420135765000,8339
2489741104,27175667,1420135923000,8340
2489759836,27175667,1420138314000,8341
2489759954,27175667,1420138331000,8342
2489759962,27175667,1420138331000,8343
2489822790,27175667,1420146185000,8344
2489754386,28641406,1420137655000,8345
2489758050,28641406,1420138086000,8346
2489822410,24166203,1420146144000,8347
2489823246,24166203,1420146245000,8348
2489823877,24166203,1420146322000,8349
2489844451,24166203,1420148825000,8350
2489377606,28651421,1420071486000,8351
2489390536,28651421,1420073227000,8352
2489821974,28544636,1420146097000,8353
2489829443,28544636,1420147013000,8354
2489739359,26384935,1420135732000,8355
2489759644,28692996,1420138290000,8356
2489760595,28692996,1420138412000,8357
2489763364,28692996,1420138740000,8358
2489486132,28681621,1420093053000,8359
2489487031,28681621,1420093259000,8360
2489487655,28681621,1420093406000,8361
2489491931,28681621,1420094270000,8362
2489385898,27741629,1420072576000,8363
2489391971,27741629,1420073437000,8364
2489446414,27741629,1420083473000,8365
2489835877,27741629,1420147816000,8366
2489750500,22304317,1420137153000,8367
2489752269,22304317,1420137383000,8368
2489442407,28479115,1420082476000,8369
2489442794,28479115,1420082571000,8370
2489480826,1028340,1420092119000,8371
2489594764,1028340,1420115706000,8372
2489601358,1028340,1420116870000,8373
2489754892,1028340,1420137712000,8374
2489829678,1028340,1420147041000,8375
2489485133,24552846,1420092872000,8376
2489534948,24552846,1420103960000,8377
2489539283,24552846,1420104894000,8378
2489589835,24552846,1420114893000,8379
2489593043,24552846,1420115380000,8380
2489594291,24552846,1420115601000,8381
2489441398,25746767,1420082223000,8382
2489451004,15233844,1420084626000,8383
2489451465,15233844,1420084749000,8384
2489493380,28681954,1420094598000,8385
2489493392,28681954,1420094601000,8386
2489739092,26125786,1420135697000,8387
2489739958,26125786,1420135801000,8388
2489597902,16965425,1420116275000,8389
2489743062,16965425,1420136198000,8390
2489602105,25201361,1420116990000,8391
2489847230,25201361,1420149148000,8392
2489443784,1283503,1420082831000,8393
2489834642,1283503,1420147670000,8394
2489738948,22885199,1420135677000,8395
2489739693,22885199,1420135774000,8396
2489835573,22885199,1420147780000,8397
2489847153,22885199,1420149137000,8398
2489441970,28679725,1420082366000,8399
2489442436,28679725,1420082482000,8400
2489536824,14732311,1420104377000,8401
2489597888,14732311,1420116273000,8402
2489541783,7276954,1420105412000,8403
2489541867,7276954,1420105436000,8404
2489497368,27858314,1420095495000,8405
2489497700,27858314,1420095588000,8406
2489821363,28694495,1420146028000,8407
2489821739,28694495,1420146072000,8408
2489652473,2681795,1420124583000,8409
2489652848,2681795,1420124636000,8410
2489652850,2681795,1420124636000,8411
2489484181,28681538,1420092727000,8412
2489484263,28681538,1420092747000,8413
2489484652,28681538,1420092803000,8414
2489485457,28681538,1420092927000,8415
2489486325,28681538,1420093105000,8416
2489659572,28681538,1420125502000,8417
2489660379,28681538,1420125622000,8418
2489533908,26370311,1420103731000,8419
2489850033,26370311,1420149469000,8420
2489744414,19784390,1420136376000,8421
2489751552,19784390,1420137300000,8422
2489486964,22483215,1420093246000,8423
2489761578,22483215,1420138532000,8424
2489762977,22483215,1420138692000,8425
2489672846,9188565,1420127217000,8426
2489673166,9188565,1420127252000,8427
2489673221,9188565,1420127259000,8428
2489673486,9188565,1420127293000,8429
2489821728,9188565,1420146071000,8430
2489591872,27358641,1420115165000,8431
2489673764,11744736,1420127329000,8432
2489825072,28584616,1420146460000,8433
2489827322,28584616,1420146747000,8434
2489843934,15173821,1420148768000,8435
2489845579,15173821,1420148957000,8436
2489847277,15173821,1420149153000,8437
2489850777,15173821,1420149566000,8438
2489486903,23015644,1420093236000,8439
2489663841,23015644,1420126075000,8440
2489667559,1312588,1420126559000,8441
2489371792,27287395,1420070795000,8442
2489438563,27287395,1420081585000,8443
2489482939,27287395,1420092536000,8444
2489531366,27287395,1420103170000,8445
2489584773,27287395,1420113969000,8446
2489653915,27287395,1420124770000,8447
2489738021,27287395,1420135571000,8448
2489824836,27287395,1420146430000,8449
2489496138,12799539,1420095192000,8450
2489666688,12799539,1420126451000,8451
2489666908,12799539,1420126481000,8452
2489667663,12799539,1420126572000,8453
2489668465,12799539,1420126670000,8454
2489587777,28686004,1420114523000,8455
2489588261,28686004,1420114608000,8456
2489825127,28452223,1420146465000,8457
2489825590,28452223,1420146533000,8458
2489825669,28452223,1420146543000,8459
2489585116,25091670,1420114034000,8460
2489600313,25091670,1420116706000,8461
2489600824,25091670,1420116785000,8462
2489750111,25091670,1420137095000,8463
2489751303,25091670,1420137267000,8464
2489751900,25091670,1420137341000,8465
2489541942,28531214,1420105454000,8466
2489542864,28531214,1420105653000,8467
2489542886,28531214,1420105657000,8468
2489447309,28583035,1420083683000,8469
2489533343,28583035,1420103605000,8470
2489536353,28583035,1420104274000,8471
2489538361,28583035,1420104706000,8472
2489661975,28556853,1420125841000,8473
2489661979,28556853,1420125841000,8474
2489662031,28556853,1420125847000,8475
2489530575,28683108,1420102995000,8476
2489532623,28683108,1420103447000,8477
2489533532,28683108,1420103652000,8478
2489542716,28683108,1420105620000,8479
2489483467,28681267,1420092612000,8480
2489484360,28681267,1420092761000,8481
2489656247,6888841,1420125075000,8482
2489602228,26947325,1420117009000,8483
2489736239,26947325,1420135358000,8484
2489601115,18380546,1420116831000,8485
2489828451,18380546,1420146887000,8486
2489662556,17841826,1420125914000,8487
2489672828,17841826,1420127214000,8488
2489735268,28691998,1420135239000,8489
2489738492,28691998,1420135627000,8490
2489745560,28691998,1420136514000,8491
2489381580,17271429,1420072012000,8492
2489390083,17271429,1420073159000,8493
2489592566,4524181,1420115296000,8494
2489668044,4524181,1420126620000,8495
2489380640,27032782,1420071892000,8496
2489381466,27032782,1420071997000,8497
2489589368,27032782,1420114817000,8498
2489665227,27032782,1420126263000,8499
2489674027,27032782,1420127359000,8500
2489755579,827722,1420137785000,8501
2489760398,827722,1420138387000,8502
2489538757,20638956,1420104781000,8503
2489543215,20638956,1420105733000,8504
2489588399,20638956,1420114631000,8505
2489370643,28667487,1420070666000,8506
2489372856,28667487,1420070918000,8507
2489530582,28683641,1420102996000,8508
2489543328,28683641,1420105758000,8509
2489486338,24985270,1420093108000,8510
2489487947,24985270,1420093484000,8511
2489488378,24985270,1420093575000,8512
2489443475,28679134,1420082756000,8513
2489447808,28679134,1420083788000,8514
2489449627,28679134,1420084251000,8515
2489385984,28620211,1420072589000,8516
2489386496,28620211,1420072660000,8517
2489387934,28620211,1420072847000,8518
2489388117,28620211,1420072872000,8519
2489393842,28620211,1420073700000,8520
2489445290,3118246,1420083181000,8521
2489541237,3118246,1420105283000,8522
2489542440,3118246,1420105562000,8523
2489544989,3118246,1420106134000,8524
2489442128,28085814,1420082409000,8525
2489495099,28085814,1420094937000,8526
2489742747,5755905,1420136157000,8527
2489743326,5755905,1420136232000,8528
2489743876,5755905,1420136312000,8529
2489744301,5755905,1420136362000,8530
2489745092,5755905,1420136457000,8531
2489745291,5755905,1420136478000,8532
2489746574,5755905,1420136650000,8533
2489747555,5755905,1420136775000,8534
2489748057,5755905,1420136835000,8535
2489752185,5755905,1420137373000,8536
2489482127,28634871,1420092381000,8537
2489597722,28634871,1420116238000,8538
2489395099,19575934,1420073896000,8539
2489657482,19575934,1420125234000,8540
2489665619,19575934,1420126312000,8541
2489669229,19575934,1420126768000,8542
2489669233,19575934,1420126769000,8543
2489491436,28681742,1420094179000,8544
2489492327,28681742,1420094362000,8545
2489391844,28649263,1420073414000,8546
2489749050,28649263,1420136957000,8547
2489752241,28649263,1420137380000,8548
2489752242,28649263,1420137380000,8549
2489493846,4530099,1420094695000,8550
2489494892,4530099,1420094893000,8551
2489496200,4530099,1420095202000,8552
2489373805,22475245,1420071044000,8553
2489391935,22475245,1420073429000,8554
2489656629,28341555,1420125125000,8555
2489663792,28341555,1420126068000,8556
2489670302,28341555,1420126900000,8557
2489444144,5469376,1420082922000,8558
2489444342,5469376,1420082964000,8559
2489438582,28663559,1420081592000,8560
2489438758,28663559,1420081641000,8561
2489439124,28663559,1420081722000,8562
2489439583,28663559,1420081826000,8563
2489439884,28663559,1420081881000,8564
2489439964,28663559,1420081904000,8565
2489440088,28663559,1420081933000,8566
2489440237,28663559,1420081958000,8567
2489441630,28663559,1420082276000,8568
2489822390,28310991,1420146141000,8569
2489822964,28310991,1420146208000,8570
2489824450,28310991,1420146385000,8571
2489828386,28310991,1420146878000,8572
2489490009,8559429,1420093884000,8573
2489490015,8559429,1420093886000,8574
2489671918,25299690,1420127104000,8575
2489672321,25299690,1420127159000,8576
2489672794,25299690,1420127209000,8577
2489540003,28684046,1420105026000,8578
2489543147,28684046,1420105712000,8579
2489543785,28684046,1420105867000,8580
2489846982,28696624,1420149114000,8581
2489848484,28696624,1420149295000,8582
2489447679,15036156,1420083761000,8583
2489448086,15036156,1420083857000,8584
2489386660,21396295,1420072680000,8585
2489387073,21396295,1420072744000,8586
2489387391,21396295,1420072782000,8587
2489387393,21396295,1420072782000,8588
2489387809,21396295,1420072831000,8589
2489389698,21396295,1420073104000,8590
2489389854,21396295,1420073124000,8591
2489657334,28688852,1420125216000,8592
2489659136,28688852,1420125443000,8593
2489389716,27692744,1420073108000,8594
2489448249,27692744,1420083903000,8595
2489493925,27692744,1420094710000,8596
2489542608,27692744,1420105593000,8597
2489598043,27692744,1420116303000,8598
2489671924,27692744,1420127105000,8599
2489756476,27692744,1420137900000,8600
2489843384,27692744,1420148707000,8601
2489444190,7248956,1420082933000,8602
2489486673,7248956,1420093188000,8603
2489487173,7248956,1420093288000,8604
2489592639,7248956,1420115308000,8605
2489835633,27827254,1420147789000,8606
2489839750,27827254,1420148278000,8607
2489843438,27827254,1420148713000,8608
2489844566,27827254,1420148838000,8609
2489668926,28278891,1420126732000,8610
2489738369,28278891,1420135607000,8611
2489747854,28278891,1420136811000,8612
2489750869,28278891,1420137206000,8613
2489745951,28484909,1420136563000,8614
2489746067,28484909,1420136577000,8615
2489737360,24964080,1420135507000,8616
2489744810,24964080,1420136424000,8617
2489373127,28676081,1420070953000,8618
2489384899,28676081,1420072447000,8619
2489385678,28676081,1420072549000,8620
2489394255,28676081,1420073764000,8621
2489821762,28676081,1420146074000,8622
2489843457,28676081,1420148716000,8623
2489848706,28676081,1420149322000,8624
2489369566,28677581,1420070543000,8625
2489371220,28677581,1420070737000,8626
2489676591,28689643,1420127705000,8627
2489676755,28689643,1420127727000,8628
2489847371,28641196,1420149161000,8629
2489368349,28635402,1420070420000,8630
2489371875,28635402,1420070802000,8631
2489372854,28635402,1420070918000,8632
2489375573,28635402,1420071239000,8633
2489379675,28635402,1420071767000,8634
2489370171,28649126,1420070607000,8635
2489371728,28649126,1420070790000,8636
2489583202,7468498,1420113688000,8637
2489583978,7468498,1420113829000,8638
2489662022,596892,1420125846000,8639
2489836465,596892,1420147887000,8640
2489586525,1828795,1420114289000,8641
2489657443,1828795,1420125229000,8642
2489661365,1828795,1420125761000,8643
2489833665,1828795,1420147544000,8644
2489387168,25114751,1420072760000,8645
2489489190,25114751,1420093724000,8646
2489586483,28684669,1420114281000,8647
2489738179,28684669,1420135584000,8648
2489444967,28279454,1420083101000,8649
2489450024,28279454,1420084349000,8650
2489840049,28696324,1420148314000,8651
2489747176,28692455,1420136733000,8652
2489747256,28692455,1420136745000,8653
2489749156,28692455,1420136970000,8654
2489822976,1227499,1420146209000,8655
2489843269,1227499,1420148692000,8656
2489846091,1227499,1420149008000,8657
2489847981,1227499,1420149238000,8658
2489737752,28692084,1420135545000,8659
2489738573,28692084,1420135633000,8660
2489832086,28692084,1420147347000,8661
2489369428,22066165,1420070530000,8662
2489370892,22066165,1420070698000,8663
2489371644,22066165,1420070782000,8664
2489372243,22066165,1420070847000,8665
2489384491,22066165,1420072394000,8666
2489389748,22066165,1420073113000,8667
2489752319,6770930,1420137390000,8668
2489756432,6770930,1420137893000,8669
2489761634,6770930,1420138538000,8670
2489751779,18792457,1420137327000,8671
2489756880,18792457,1420137947000,8672
2489496385,19966401,1420095251000,8673
2489496493,19966401,1420095285000,8674
2489662595,28666386,1420125917000,8675
2489663772,28666386,1420126065000,8676
2489602057,28686552,1420116981000,8677
2489602274,28686552,1420117016000,8678
2489850049,28696761,1420149471000,8679
2489850329,28696761,1420149504000,8680
2489375558,26163802,1420071238000,8681
2489375575,26163802,1420071239000,8682
2489539171,26163802,1420104866000,8683
2489539180,26163802,1420104868000,8684
2489593159,26163802,1420115396000,8685
2489593169,26163802,1420115399000,8686
2489596728,26163802,1420116049000,8687
2489652488,26163802,1420124584000,8688
2489653550,26163802,1420124723000,8689
2489653560,26163802,1420124724000,8690
2489541454,28636517,1420105337000,8691
2489542015,28636517,1420105470000,8692
2489542295,28636517,1420105531000,8693
2489542749,28636517,1420105628000,8694
2489543213,28636517,1420105733000,8695
2489588154,28636517,1420114586000,8696
2489589767,28636517,1420114883000,8697
2489593272,28636517,1420115415000,8698
2489593699,28636517,1420115492000,8699
2489490492,28548752,1420093970000,8700
2489659288,28548752,1420125462000,8701
2489666585,28548752,1420126438000,8702
2489741225,28548752,1420135941000,8703
2489756747,28548752,1420137931000,8704
2489824390,28548752,1420146380000,8705
2489842674,28548752,1420148620000,8706
2489748437,26799640,1420136879000,8707
2489750216,26799640,1420137112000,8708
2489373373,21633312,1420070989000,8709
2489494351,21633312,1420094783000,8710
2489596298,21633312,1420115981000,8711
2489597948,21633312,1420116284000,8712
2489755909,21633312,1420137826000,8713
2489756501,21633312,1420137903000,8714
2489389823,28663515,1420073119000,8715
2489480967,28663515,1420092143000,8716
2489585158,26983637,1420114043000,8717
2489589165,26983637,1420114780000,8718
2489589638,26983637,1420114868000,8719
2489594267,26983637,1420115597000,8720
2489750405,3117603,1420137140000,8721
2489750516,3117603,1420137156000,8722
2489751261,3117603,1420137261000,8723
2489844353,3066355,1420148815000,8724
2489845869,3066355,1420148987000,8725
2489584491,24586890,1420113921000,8726
2489592473,24586890,1420115276000,8727
2489656980,24586890,1420125172000,8728
2489658026,24586890,1420125307000,8729
2489675943,25571625,1420127621000,8730
2489676024,25571625,1420127630000,8731
2489374587,14843113,1420071133000,8732
2489374730,14843113,1420071153000,8733
2489762230,28693120,1420138608000,8734
2489835000,28693120,1420147712000,8735
2489837870,28693120,1420148054000,8736
2489838132,28693120,1420148083000,8737
2489543577,28530795,1420105817000,8738
2489544464,28530795,1420106009000,8739
2489665377,26362830,1420126279000,8740
2489754110,26362830,1420137622000,8741
2489754111,26362830,1420137622000,8742
2489588875,28623764,1420114722000,8743
2489597341,28623764,1420116153000,8744
2489597308,2626725,1420116148000,8745
2489601348,2626725,1420116868000,8746
2489602296,2626725,1420117021000,8747
2489589320,20965586,1420114812000,8748
2489599465,20965586,1420116549000,8749
2489735555,20965586,1420135272000,8750
2489825586,20965586,1420146533000,8751
2489827497,20965586,1420146765000,8752
2489382805,833839,1420072170000,8753
2489824966,833839,1420146448000,8754
2489825704,833839,1420146546000,8755
2489826401,833839,1420146630000,8756
2489827041,833839,1420146710000,8757
2489830623,833839,1420147162000,8758
2489747814,18225857,1420136805000,8759
2489748170,18225857,1420136846000,8760
2489751326,28691325,1420137269000,8761
2489752736,28691325,1420137444000,8762
2489755181,28691325,1420137740000,8763
2489757002,28691325,1420137960000,8764
2489758959,28691325,1420138207000,8765
2489760538,28691325,1420138407000,8766
2489761804,28691325,1420138558000,8767
2489449225,28614791,1420084149000,8768
2489667794,28614791,1420126586000,8769
2489839880,28614791,1420148292000,8770
2489656368,16587283,1420125090000,8771
2489843514,16587283,1420148723000,8772
2489538063,28683967,1420104643000,8773
2489539038,28683967,1420104840000,8774
2489601819,27385652,1420116941000,8775
2489748451,28692504,1420136881000,8776
2489749105,28692504,1420136965000,8777
2489753570,28692504,1420137553000,8778
2489754778,28692504,1420137697000,8779
2489756736,28692504,1420137929000,8780
2489757272,28692504,1420137993000,8781
2489758627,28692504,1420138162000,8782
2489380287,28677800,1420071846000,8783
2489380884,28677800,1420071924000,8784
2489445708,28538501,1420083297000,8785
2489495684,28538501,1420095088000,8786
2489586928,28538501,1420114356000,8787
2489655770,28538501,1420125016000,8788
2489663736,28538501,1420126063000,8789
2489664999,28538501,1420126231000,8790
2489672095,28538501,1420127128000,8791
2489672380,28538501,1420127166000,8792
2489675355,28538501,1420127538000,8793
2489741999,28538501,1420136052000,8794
2489750380,28538501,1420137136000,8795
2489835701,28538501,1420147798000,8796
2489842320,28538501,1420148572000,8797
2489655945,28414980,1420125040000,8798
2489661368,28414980,1420125761000,8799
2489670399,28414980,1420126913000,8800
2489671981,28414980,1420127112000,8801
2489736414,28692027,1420135381000,8802
2489592498,22110186,1420115281000,8803
2489592501,22110186,1420115281000,8804
2489389853,18747374,1420073124000,8805
2489391072,18747374,1420073303000,8806
2489369932,27626910,1420070580000,8807
2489370054,27626910,1420070596000,8808
2489370265,27626910,1420070621000,8809
2489370266,27626910,1420070621000,8810
2489750963,26231614,1420137218000,8811
2489751848,26231614,1420137334000,8812
2489492714,28681245,1420094454000,8813
2489495510,28681245,1420095043000,8814
2489651887,28585802,1420124504000,8815
2489661222,28585802,1420125743000,8816
2489828294,24332880,1420146868000,8817
2489828765,24332880,1420146931000,8818
2489828770,24332880,1420146931000,8819
2489833329,24332880,1420147501000,8820
2489755887,28692826,1420137822000,8821
2489756409,28692826,1420137890000,8822
2489759540,28692826,1420138277000,8823
2489760340,28692826,1420138378000,8824
2489439588,28525333,1420081828000,8825
2489440722,28525333,1420082070000,8826
2489448568,28525333,1420083989000,8827
2489586661,28122229,1420114315000,8828
2489587850,28122229,1420114536000,8829
2489529812,28683245,1420102844000,8830
2489530702,28683245,1420103021000,8831
2489533163,28683245,1420103561000,8832
2489541066,14930360,1420105252000,8833
2489541526,14930360,1420105354000,8834
2489541998,14930360,1420105465000,8835
2489739444,14930360,1420135744000,8836
2489841980,28696403,1420148535000,8837
2489842114,28696403,1420148552000,8838
2489379213,28214445,1420071703000,8839
2489379713,28214445,1420071772000,8840
2489390062,28678049,1420073155000,8841
2489390074,28678049,1420073158000,8842
2489482426,26990298,1420092454000,8843
2489482962,26990298,1420092540000,8844
2489370782,18201810,1420070686000,8845
2489379002,18201810,1420071676000,8846
2489379952,18201810,1420071802000,8847
2489823104,18201810,1420146226000,8848
2489825284,18201810,1420146489000,8849
2489826921,18201810,1420146695000,8850
2489827002,18201810,1420146705000,8851
2489828847,18201810,1420146940000,8852
2489829105,18201810,1420146972000,8853
2489829778,18201810,1420147051000,8854
2489830352,18201810,1420147122000,8855
2489831300,18201810,1420147250000,8856
2489831636,18201810,1420147291000,8857
2489831969,18201810,1420147332000,8858
2489654071,28650025,1420124788000,8859
2489654538,28650025,1420124853000,8860
2489655366,28650025,1420124959000,8861
2489655820,28650025,1420125021000,8862
2489656131,28650025,1420125065000,8863
2489656365,28650025,1420125090000,8864
2489656812,28650025,1420125151000,8865
2489657108,28650025,1420125186000,8866
2489657385,28650025,1420125223000,8867
2489657534,28650025,1420125241000,8868
2489752176,27989201,1420137372000,8869
2489759285,27989201,1420138247000,8870
2489839939,18232566,1420148299000,8871
2489840426,18232566,1420148356000,8872
2489844634,18232566,1420148846000,8873
2489822506,26259737,1420146151000,8874
2489823681,26259737,1420146298000,8875
2489824884,26259737,1420146436000,8876
2489828355,26259737,1420146876000,8877
2489829464,26259737,1420147015000,8878
2489840805,26259737,1420148395000,8879
2489595082,28686271,1420115753000,8880
2489595117,28686271,1420115759000,8881
2489595671,28686271,1420115860000,8882
2489736502,28691447,1420135395000,8883
2489738057,28691447,1420135575000,8884
2489482841,328597,1420092516000,8885
2489482843,328597,1420092516000,8886
2489678125,328597,1420127901000,8887
2489534798,12871240,1420103928000,8888
2489583274,12871240,1420113700000,8889
2489532241,28344250,1420103360000,8890
2489538742,28344250,1420104778000,8891
2489542199,28344250,1420105512000,8892
2489487601,28680611,1420093390000,8893
2489653808,28680611,1420124756000,8894
2489738550,24820168,1420135632000,8895
2489751033,24820168,1420137230000,8896
2489450408,28680068,1420084463000,8897
2489450596,28680068,1420084517000,8898
2489450939,28680068,1420084612000,8899
2489673688,17682029,1420127318000,8900
2489763470,17682029,1420138754000,8901
2489380355,15769737,1420071857000,8902
2489437429,15769737,1420081340000,8903
2489758176,22093724,1420138103000,8904
2489759209,22093724,1420138239000,8905
2489584038,20769576,1420113839000,8906
2489584533,20769576,1420113929000,8907
2489588435,20769576,1420114638000,8908
2489443819,28679804,1420082843000,8909
2489445421,28679804,1420083212000,8910
2489445651,28679804,1420083282000,8911
2489376598,28010520,1420071366000,8912
2489444892,681907,1420083080000,8913
2489444893,681907,1420083080000,8914
2489444895,681907,1420083080000,8915
2489447795,681907,1420083785000,8916
2489448386,681907,1420083944000,8917
2489826296,28695747,1420146620000,8918
2489826407,28695747,1420146631000,8919
2489833930,28695747,1420147572000,8920
2489836935,28695747,1420147946000,8921
2489658936,5844600,1420125419000,8922
2489659859,5844600,1420125546000,8923
2489662419,5844600,1420125897000,8924
2489831129,8564620,1420147226000,8925
2489831524,8564620,1420147276000,8926
2489832398,8564620,1420147386000,8927
2489385222,13044600,1420072492000,8928
2489585203,13044600,1420114050000,8929
2489667802,13044600,1420126588000,8930
2489673977,13044600,1420127354000,8931
2489674747,13044600,1420127455000,8932
2489741683,13044600,1420136003000,8933
2489826925,28695360,1420146696000,8934
2489835238,28695360,1420147739000,8935
2489839031,28695360,1420148188000,8936
2489839217,28695360,1420148215000,8937
2489841100,28695360,1420148432000,8938
2489754084,12043673,1420137617000,8939
2489757705,12043673,1420138050000,8940
2489759229,12043673,1420138242000,8941
2489480368,13888363,1420092043000,8942
2489480842,13888363,1420092120000,8943
2489438461,28441905,1420081563000,8944
2489494975,28441905,1420094907000,8945
2489841499,28696386,1420148480000,8946
2489844611,28696386,1420148844000,8947
2489585794,6377564,1420114155000,8948
2489587701,6377564,1420114508000,8949
2489588314,6377564,1420114616000,8950
2489591838,6377564,1420115159000,8951
2489378097,28206813,1420071556000,8952
2489387876,28206813,1420072841000,8953
2489448699,25523738,1420084025000,8954
2489490505,25523738,1420093973000,8955
2489490810,25523738,1420094045000,8956
2489600915,28686493,1420116799000,8957
2489601285,28686493,1420116860000,8958
2489601288,28686493,1420116861000,8959
2489439235,28630505,1420081747000,8960
2489440103,28630505,1420081936000,8961
2489537776,10433124,1420104591000,8962
2489537777,10433124,1420104591000,8963
2489825230,28132113,1420146480000,8964
2489826692,28132113,1420146666000,8965
2489837777,3257475,1420148043000,8966
2489837780,3257475,1420148044000,8967
2489657251,1126093,1420125204000,8968
2489658395,1126093,1420125352000,8969
2489658618,1126093,1420125377000,8970
2489658657,1126093,1420125383000,8971
2489539364,16811456,1420104911000,8972
2489539945,16811456,1420105014000,8973
2489538241,26924791,1420104676000,8974
2489657573,26924791,1420125247000,8975
2489374340,28677674,1420071108000,8976
2489394232,28677674,1420073760000,8977
2489840149,28696328,1420148324000,8978
2489840277,28696328,1420148339000,8979
2489671360,28689426,1420127028000,8980
2489673178,28689426,1420127253000,8981
2489376948,22087319,1420071405000,8982
2489383340,22087319,1420072242000,8983
2489391734,22087319,1420073401000,8984
2489393707,22087319,1420073680000,8985
2489672230,28687058,1420127147000,8986
2489673466,28687058,1420127289000,8987
2489734963,28687058,1420135208000,8988
2489677614,22576859,1420127840000,8989
2489677615,22576859,1420127840000,8990
2489678602,22576859,1420127966000,8991
2489591125,25510625,1420115016000,8992
2489658594,25510625,1420125374000,8993
2489751202,25510625,1420137251000,8994
2489827177,25510625,1420146726000,8995
2489824825,28695674,1420146430000,8996
2489661137,28689006,1420125730000,8997
2489673080,28689006,1420127244000,8998
2489673835,28689006,1420127335000,8999
2489674050,28689006,1420127361000,9000
2489674157,28689006,1420127375000,9001
2489674238,28689006,1420127386000,9002
2489674338,28689006,1420127398000,9003
2489588349,22120282,1420114624000,9004
2489588357,22120282,1420114626000,9005
2489595234,22120282,1420115779000,9006
2489447379,28285840,1420083699000,9007
2489449713,28285840,1420084272000,9008
2489653268,28285840,1420124689000,9009
2489742727,28285840,1420136157000,9010
2489490125,28680887,1420093908000,9011
2489491302,28680887,1420094158000,9012
2489368733,6834703,1420070457000,9013
2489383745,6834703,1420072298000,9014
2489533173,6834703,1420103563000,9015
2489600500,6834703,1420116737000,9016
2489659182,6834703,1420125448000,9017
2489743007,6834703,1420136190000,9018
2489736922,5509523,1420135455000,9019
2489739114,5509523,1420135699000,9020
2489742218,5509523,1420136089000,9021
2489662719,28661528,1420125933000,9022
2489663386,28661528,1420126015000,9023
2489663577,28661528,1420126042000,9024
2489447525,12048721,1420083729000,9025
2489483233,12048721,1420092579000,9026
2489483949,12048721,1420092695000,9027
2489494819,12048721,1420094884000,9028
2489601217,12048721,1420116848000,9029
2489834089,12048721,1420147592000,9030
2489834090,12048721,1420147592000,9031
2489835418,28696128,1420147764000,9032
2489846891,28696128,1420149098000,9033
2489391808,27032923,1420073410000,9034
2489394857,27032923,1420073861000,9035
2489438675,27032923,1420081621000,9036
2489447208,27032923,1420083653000,9037
2489531938,27032923,1420103297000,9038
2489586669,27032923,1420114316000,9039
2489587273,27032923,1420114425000,9040
2489588041,27032923,1420114569000,9041
2489592430,27032923,1420115267000,9042
2489592431,27032923,1420115267000,9043
2489592446,27032923,1420115270000,9044
2489660018,27032923,1420125565000,9045
2489441373,28679700,1420082218000,9046
2489441458,28679700,1420082239000,9047
2489441788,28679700,1420082318000,9048
2489480933,17454060,1420092135000,9049
2489830656,26610864,1420147166000,9050
2489849893,26610864,1420149455000,9051
2489850160,26610864,1420149482000,9052
2489850186,26610864,1420149485000,9053
2489850188,26610864,1420149486000,9054
2489531794,26825448,1420103261000,9055
2489531800,26825448,1420103261000,9056
2489532720,26825448,1420103469000,9057
2489532783,26825448,1420103481000,9058
2489532785,26825448,1420103481000,9059
2489532859,26825448,1420103497000,9060
2489532884,26825448,1420103504000,9061
2489755713,28692819,1420137798000,9062
2489756723,28692819,1420137928000,9063
2489835786,28696138,1420147809000,9064
2489836290,28696138,1420147868000,9065
2489747184,28690726,1420136734000,9066
2489747949,28690726,1420136821000,9067
2489749489,28690726,1420137017000,9068
2489437521,15551953,1420081359000,9069
2489676847,15551953,1420127741000,9070
2489677283,15551953,1420127796000,9071
2489676068,9970049,1420127635000,9072
2489748540,9970049,1420136891000,9073
2489833702,5070389,1420147548000,9074
2489835385,5070389,1420147759000,9075
2489448633,28535029,1420084009000,9076
2489493458,28535029,1420094616000,9077
2489653587,28606497,1420124729000,9078
2489676102,28606497,1420127638000,9079
2489480987,10143118,1420092147000,9080
2489496954,10143118,1420095396000,9081
2489743022,21254781,1420136192000,9082
2489747796,21254781,1420136803000,9083
2489748663,21254781,1420136907000,9084
2489382856,28633224,1420072178000,9085
2489386527,24358947,1420072662000,9086
2489746400,27458186,1420136625000,9087
2489760903,27458186,1420138447000,9088
2489441315,26091899,1420082206000,9089
2489446744,26091899,1420083541000,9090
2489446749,26091899,1420083541000,9091
2489482333,24759176,1420092426000,9092
2489482944,24759176,1420092537000,9093
2489374057,28677666,1420071076000,9094
2489374184,28677666,1420071086000,9095
2489376018,28677666,1420071297000,9096
2489368166,28677545,1420070408000,9097
2489372916,28677545,1420070924000,9098
2489373222,28677545,1420070966000,9099
2489450578,14021271,1420084513000,9100
2489451175,14021271,1420084668000,9101
2489488971,14021271,1420093682000,9102
2489480071,4924151,1420092000000,9103
2489385832,8935948,1420072568000,9104
2489386058,8935948,1420072599000,9105
2489669808,8935948,1420126840000,9106
2489734916,8935948,1420135201000,9107
2489738890,8935948,1420135670000,9108
2489740152,8935948,1420135820000,9109
2489741853,8935948,1420136031000,9110
2489670836,18931048,1420126964000,9111
2489673165,18931048,1420127252000,9112
2489755305,27990933,1420137754000,9113
2489756264,27990933,1420137870000,9114
2489761107,27990933,1420138473000,9115
2489834475,28696084,1420147649000,9116
2489834512,28696084,1420147652000,9117
2489836221,28696084,1420147857000,9118
2489836356,28696084,1420147874000,9119
2489659229,7424579,1420125454000,9120
2489660452,7424579,1420125634000,9121
2489843129,24483422,1420148676000,9122
2489845207,24483422,1420148912000,9123
2489848975,24483422,1420149351000,9124
2489849516,24483422,1420149411000,9125
2489534042,23355453,1420103762000,9126
2489534133,23355453,1420103779000,9127
2489666089,28689204,1420126374000,9128
2489676439,28689204,1420127686000,9129
2489495524,28681695,1420095047000,9130
2489656072,27960934,1420125055000,9131
2489657812,27960934,1420125279000,9132
2489653128,28541151,1420124673000,9133
2489654281,28541151,1420124820000,9134
2489656162,28541151,1420125067000,9135
2489657832,28541151,1420125282000,9136
2489738430,26918132,1420135617000,9137
2489739586,26918132,1420135762000,9138
2489662558,26444215,1420125914000,9139
2489662563,26444215,1420125914000,9140
2489747340,27585569,1420136753000,9141
2489842582,27585569,1420148605000,9142
2489437464,28679555,1420081347000,9143
2489442324,28679555,1420082454000,9144
2489544376,26681883,1420105989000,9145
2489544992,26681883,1420106135000,9146
2489655102,28688753,1420124924000,9147
2489655682,28688753,1420125005000,9148
2489837401,2532658,1420148000000,9149
2489839024,2532658,1420148187000,9150
2489736746,28691914,1420135431000,9151
2489739404,28691914,1420135737000,9152
2489740950,28691914,1420135900000,9153
2489742381,28691914,1420136111000,9154
2489746317,28691914,1420136615000,9155
2489749085,28691914,1420136963000,9156
2489752336,28691914,1420137392000,9157
2489753110,28691914,1420137493000,9158
2489389766,14275631,1420073113000,9159
2489394016,14275631,1420073725000,9160
2489736775,26248950,1420135436000,9161
2489743003,26248950,1420136189000,9162
2489388835,28678022,1420072971000,9163
2489388957,28678022,1420072987000,9164
2489390656,28678022,1420073245000,9165
2489395359,28678022,1420073936000,9166
2489830665,28695927,1420147170000,9167
2489831867,28695927,1420147317000,9168
2489832570,28695927,1420147406000,9169
2489376937,28677645,1420071404000,9170
2489381478,28677645,1420071998000,9171
2489846921,28691863,1420149103000,9172
2489849197,28691863,1420149374000,9173
2489373157,6589168,1420070958000,9174
2489373973,6589168,1420071068000,9175
2489374742,6589168,1420071153000,9176
2489437930,18455702,1420081449000,9177
2489439098,18455702,1420081717000,9178
2489481313,15403089,1420092215000,9179
2489833334,15403089,1420147501000,9180
2489844162,25725698,1420148794000,9181
2489846662,25725698,1420149072000,9182
2489848490,25725698,1420149296000,9183
2489443088,28679765,1420082656000,9184
2489491211,28679765,1420094144000,9185
2489387877,28616049,1420072841000,9186
2489439660,28616049,1420081838000,9187
2489441628,28616049,1420082276000,9188
2489443234,28616049,1420082695000,9189
2489531441,28622991,1420103186000,9190
2489740754,28622991,1420135881000,9191
2489746359,28622991,1420136619000,9192
2489746616,28690763,1420136657000,9193
2489746622,28690763,1420136657000,9194
2489825351,28690763,1420146498000,9195
2489825424,28690763,1420146508000,9196
2489825468,28690763,1420146514000,9197
2489825472,28690763,1420146514000,9198
2489825726,28690763,1420146549000,9199
2489826086,28690763,1420146595000,9200
2489846471,28690763,1420149051000,9201
2489848867,28690763,1420149339000,9202
2489756725,28274414,1420137928000,9203
2489763746,28274414,1420138793000,9204
2489823515,28274414,1420146278000,9205
2489825971,28274414,1420146581000,9206
2489845292,28274414,1420148922000,9207
2489846018,28274414,1420149002000,9208
2489835199,28677929,1420147735000,9209
2489658637,24798482,1420125378000,9210
2489659046,24798482,1420125431000,9211
2489386173,26402585,1420072618000,9212
2489450770,26402585,1420084565000,9213
2489588532,26402585,1420114657000,9214
2489752261,27237305,1420137381000,9215
2489758140,27237305,1420138097000,9216
2489758912,27237305,1420138201000,9217
2489444504,26295345,1420083001000,9218
2489491826,26295345,1420094253000,9219
2489760225,26295345,1420138367000,9220
2489655870,27273059,1420125029000,9221
2489664939,27273059,1420126223000,9222
2489437416,28658792,1420081338000,9223
2489439548,28658792,1420081818000,9224
2489584546,28668460,1420113932000,9225
2489586876,28668460,1420114345000,9226
2489601836,28668460,1420116943000,9227
2489601890,28668460,1420116953000,9228
2489601892,28668460,1420116953000,9229
2489651096,28668460,1420124408000,9230
2489651483,28668460,1420124449000,9231
2489651718,28668460,1420124482000,9232
2489651936,28668460,1420124513000,9233
2489651939,28668460,1420124513000,9234
2489374943,28677683,1420071169000,9235
2489378160,28677683,1420071565000,9236
2489378917,28677683,1420071666000,9237
2489482417,15062370,1420092451000,9238
2489482581,15062370,1420092481000,9239
2489482596,15062370,1420092483000,9240
2489482612,15062370,1420092486000,9241
2489665801,26614039,1420126335000,9242
2489674618,26614039,1420127439000,9243
2489757915,26614039,1420138073000,9244
2489440632,2206311,1420082049000,9245
2489442703,2206311,1420082554000,9246
2489827144,28695782,1420146724000,9247
2489827323,28695782,1420146747000,9248
2489843512,7680893,1420148723000,9249
2489843685,7680893,1420148741000,9250
2489846324,7680893,1420149035000,9251
2489450545,28678726,1420084503000,9252
2489451271,28678726,1420084693000,9253
2489438253,28616522,1420081514000,9254
2489440021,28616522,1420081918000,9255
2489443571,28616522,1420082775000,9256
2489445390,28616522,1420083206000,9257
2489480564,28616522,1420092075000,9258
2489481338,28616522,1420092222000,9259
2489487483,28616522,1420093359000,9260
2489490355,28616522,1420093951000,9261
2489490373,28616522,1420093955000,9262
2489490681,28616522,1420094013000,9263
2489491037,28616522,1420094102000,9264
2489662420,27342399,1420125897000,9265
2489663416,27342399,1420126020000,9266
2489663767,27342399,1420126065000,9267
2489529622,28683286,1420102815000,9268
2489531436,28683286,1420103185000,9269
2489492055,28430942,1420094295000,9270
2489672977,28430942,1420127231000,9271
2489491805,4683915,1420094248000,9272
2489493459,4683915,1420094617000,9273
2489495506,4683915,1420095043000,9274
2489496740,4683915,1420095342000,9275
2489655535,4683915,1420124984000,9276
2489655539,4683915,1420124984000,9277
2489656902,4683915,1420125162000,9278
2489385250,1851118,1420072497000,9279
2489839731,1851118,1420148274000,9280
2489738858,27079441,1420135667000,9281
2489755654,27079441,1420137793000,9282
2489750122,22165300,1420137096000,9283
2489753889,22165300,1420137592000,9284
2489757322,22165300,1420138000000,9285
2489757590,22165300,1420138039000,9286
2489760132,22165300,1420138356000,9287
2489760140,22165300,1420138357000,9288
2489760150,22165300,1420138358000,9289
2489760413,22165300,1420138389000,9290
2489760460,22165300,1420138396000,9291
2489752174,28666915,1420137372000,9292
2489762560,28666915,1420138644000,9293
2489747774,11197636,1420136801000,9294
2489755470,11197636,1420137772000,9295
2489450875,28302941,1420084591000,9296
2489603033,28302941,1420117161000,9297
2489382392,28328967,1420072113000,9298
2489383918,28328967,1420072327000,9299
2489387974,28328967,1420072851000,9300
2489489817,25651214,1420093852000,9301
2489491512,25651214,1420094193000,9302
2489375217,25811730,1420071196000,9303
2489382277,25811730,1420072099000,9304
2489389056,25811730,1420073001000,9305
2489395140,25811730,1420073902000,9306
2489440577,25811730,1420082034000,9307
2489444195,25811730,1420082934000,9308
2489448012,25811730,1420083839000,9309
2489451429,25811730,1420084739000,9310
2489485028,25811730,1420092858000,9311
2489489355,25811730,1420093760000,9312
2489493671,25811730,1420094663000,9313
2489497613,25811730,1420095563000,9314
2489533629,25811730,1420103678000,9315
2489739702,8124664,1420135776000,9316
2489746640,8124664,1420136659000,9317
2489753046,8124664,1420137483000,9318
2489582797,28685580,1420113627000,9319
2489590068,28685580,1420114939000,9320
2489594989,28685580,1420115742000,9321
2489375720,19961056,1420071261000,9322
2489437397,19961056,1420081335000,9323
2489497496,19961056,1420095532000,9324
2489587447,19961056,1420114460000,9325
2489763333,19961056,1420138735000,9326
2489589500,28636389,1420114840000,9327
2489591139,28636389,1420115020000,9328
2489591735,28636389,1420115142000,9329
2489592490,28636389,1420115281000,9330
2489373312,28647496,1420070981000,9331
2489378240,28647496,1420071574000,9332
2489584290,28685226,1420113884000,9333
2489585780,28685226,1420114150000,9334
2489833360,28696033,1420147504000,9335
2489833666,28696033,1420147544000,9336
2489539322,2329766,1420104903000,9337
2489437262,28556154,1420081311000,9338
2489439602,28556154,1420081830000,9339
2489451280,3558374,1420084697000,9340
2489451596,3558374,1420084789000,9341
2489444305,21719002,1420082955000,9342
2489449229,21719002,1420084150000,9343
2489758010,21719002,1420138081000,9344
2489763051,21719002,1420138704000,9345
2489829930,28643636,1420147069000,9346
2489830241,28643636,1420147108000,9347
2489530420,24770454,1420102963000,9348
2489530617,24770454,1420103002000,9349
2489539279,28510098,1420104892000,9350
2489540696,28510098,1420105171000,9351
2489541108,28510098,1420105262000,9352
2489541389,28510098,1420105320000,9353
2489542709,28510098,1420105618000,9354
2489543163,28510098,1420105717000,9355
2489599768,28686455,1420116604000,9356
2489600013,28686455,1420116649000,9357
2489602841,28686455,1420117123000,9358
2489651534,24245833,1420124456000,9359
2489742049,24245833,1420136060000,9360
2489756756,24245833,1420137932000,9361
2489826023,28690401,1420146587000,9362
2489849053,28690401,1420149360000,9363
2489754612,14434013,1420137680000,9364
2489755106,14434013,1420137734000,9365
2489755162,14434013,1420137739000,9366
2489755344,14434013,1420137759000,9367
2489535320,24902957,1420104050000,9368
2489531158,28236313,1420103122000,9369
2489585375,28236313,1420114070000,9370
2489596358,28236313,1420115990000,9371
2489596645,28236313,1420116038000,9372
2489597089,28236313,1420116113000,9373
2489598026,28236313,1420116297000,9374
2489598416,28236313,1420116368000,9375
2489599609,28236313,1420116570000,9376
2489600037,28236313,1420116654000,9377
2489601454,28236313,1420116886000,9378
2489602255,28236313,1420117013000,9379
2489841224,16459750,1420148448000,9380
2489848566,16459750,1420149304000,9381
2489389894,12278235,1420073129000,9382
2489586646,12278235,1420114314000,9383
2489586705,12278235,1420114322000,9384
2489736649,27993556,1420135417000,9385
2489755903,27993556,1420137825000,9386
2489600157,27940659,1420116675000,9387
2489600434,27940659,1420116730000,9388
2489821848,23807273,1420146082000,9389
2489829999,23807273,1420147079000,9390
2489735178,28691624,1420135228000,9391
2489735193,28691624,1420135230000,9392
2489754684,28691624,1420137686000,9393
2489754698,28691624,1420137689000,9394
2489755550,28691624,1420137781000,9395
2489755890,28691624,1420137823000,9396
2489758138,28691624,1420138097000,9397
2489448754,28249537,1420084039000,9398
2489653325,28249537,1420124698000,9399
2489592978,8962829,1420115368000,9400
2489592979,8962829,1420115368000,9401
2489593445,8962829,1420115446000,9402
2489593446,8962829,1420115446000,9403
2489747303,8962829,1420136749000,9404
2489751329,28691607,1420137269000,9405
2489752043,28691607,1420137357000,9406
2489753698,28691607,1420137568000,9407
2489370889,14871077,1420070698000,9408
2489445635,14871077,1420083277000,9409
2489446117,14871077,1420083403000,9410
2489449286,14871077,1420084167000,9411
2489449763,14871077,1420084283000,9412
2489737813,14871077,1420135550000,9413
2489490657,7421821,1420094005000,9414
2489842210,7421821,1420148562000,9415
2489847313,7421821,1420149156000,9416
2489741694,28423636,1420136004000,9417
2489837837,28423636,1420148051000,9418
2489847452,28643822,1420149168000,9419
2489848750,28643822,1420149327000,9420
2489387378,28664750,1420072781000,9421
2489387629,28664750,1420072808000,9422
2489389454,28664750,1420073061000,9423
2489653184,23067055,1420124679000,9424
2489653209,23067055,1420124683000,9425
2489746727,22918688,1420136674000,9426
2489749955,22918688,1420137075000,9427
2489594274,28257620,1420115598000,9428
2489595702,28257620,1420115865000,9429
2489595703,28257620,1420115865000,9430
2489837207,13704035,1420147976000,9431
2489838349,13704035,1420148106000,9432
2489540376,28684065,1420105099000,9433
2489540963,28684065,1420105236000,9434
2489541373,28684065,1420105317000,9435
2489544517,28684065,1420106021000,9436
2489546060,28684065,1420106386000,9437
2489654823,28535737,1420124887000,9438
2489657122,28535737,1420125186000,9439
2489661885,28535737,1420125827000,9440
2489670891,28535737,1420126973000,9441
2489673583,28535737,1420127304000,9442
2489368899,8733622,1420070478000,9443
2489369217,8733622,1420070513000,9444
2489369304,8733622,1420070520000,9445
2489369306,8733622,1420070520000,9446
2489369661,8733622,1420070553000,9447
2489841993,28696161,1420148537000,9448
2489842005,28696161,1420148537000,9449
2489842009,28696161,1420148539000,9450
2489842012,28696161,1420148539000,9451
2489842014,28696161,1420148539000,9452
2489536818,26946708,1420104376000,9453
2489536911,26946708,1420104392000,9454
2489536965,26946708,1420104404000,9455
2489539083,26946708,1420104846000,9456
2489761076,15738276,1420138468000,9457
2489763484,15738276,1420138756000,9458
2489821661,27317800,1420146063000,9459
2489821840,27317800,1420146082000,9460
2489833195,27317800,1420147481000,9461
2489846139,27317800,1420149013000,9462
2489849494,27317800,1420149409000,9463
2489823936,28695627,1420146330000,9464
2489824916,28695627,1420146441000,9465
2489825785,28695627,1420146556000,9466
2489827005,28695627,1420146705000,9467
2489538073,28482346,1420104645000,9468
2489538383,28482346,1420104710000,9469
2489538825,28482346,1420104794000,9470
2489539729,28482346,1420104976000,9471
2489540755,28482346,1420105187000,9472
2489675226,28482346,1420127521000,9473
2489677004,28482346,1420127760000,9474
2489677632,28482346,1420127842000,9475
2489678023,28482346,1420127888000,9476
2489736059,28482346,1420135336000,9477
2489736475,28482346,1420135391000,9478
2489755308,28482346,1420137754000,9479
2489757945,28482346,1420138075000,9480
2489823032,11579620,1420146215000,9481
2489823033,11579620,1420146215000,9482
2489656906,28688826,1420125163000,9483
2489661731,28688826,1420125807000,9484
2489586890,12495928,1420114348000,9485
2489670570,12495928,1420126933000,9486
2489495959,28651439,1420095155000,9487
2489593400,28651439,1420115441000,9488
2489598554,27963166,1420116389000,9489
2489834355,27963166,1420147632000,9490
2489744348,24835467,1420136369000,9491
2489745709,24835467,1420136532000,9492
2489536708,12423504,1420104356000,9493
2489593679,12423504,1420115487000,9494
2489652454,28688652,1420124582000,9495
2489654357,28688652,1420124830000,9496
2489654700,28688652,1420124870000,9497
2489666092,28688652,1420126374000,9498
2489375960,28588953,1420071289000,9499
2489496973,28588953,1420095399000,9500
2489537862,28266594,1420104611000,9501
2489538657,28266594,1420104763000,9502
2489828181,15388678,1420146852000,9503
2489829374,15388678,1420147004000,9504
2489829467,15388678,1420147015000,9505
2489829469,15388678,1420147015000,9506
2489388376,23083156,1420072912000,9507
2489821432,23083156,1420146038000,9508
2489390982,14991487,1420073290000,9509
2489391325,14991487,1420073339000,9510
2489391929,14991487,1420073428000,9511
2489392123,14991487,1420073458000,9512
2489392474,14991487,1420073503000,9513
2489592529,28686181,1420115287000,9514
2489592972,28686181,1420115367000,9515
2489849558,28686181,1420149416000,9516
2489849569,28686181,1420149417000,9517
2489382612,7963570,1420072143000,9518
2489390214,7963570,1420073180000,9519
2489847845,13234786,1420149225000,9520
2489601622,28686530,1420116911000,9521
2489601660,28686530,1420116914000,9522
2489602420,28686530,1420117045000,9523
2489603066,28686530,1420117167000,9524
2489657376,28686530,1420125222000,9525
2489821758,28686530,1420146074000,9526
2489582649,28685794,1420113609000,9527
2489582838,28685794,1420113634000,9528
2489836589,27010312,1420147904000,9529
2489845921,27010312,1420148992000,9530
2489368138,24147122,1420070405000,9531
2489369061,24147122,1420070494000,9532
2489383074,24147122,1420072204000,9533
2489383709,24147122,1420072291000,9534
2489753187,27009391,1420137503000,9535
2489756412,27009391,1420137890000,9536
2489443308,28213876,1420082715000,9537
2489443309,28213876,1420082715000,9538
2489449752,28213876,1420084279000,9539
2489449753,28213876,1420084280000,9540
2489490979,12363387,1420094084000,9541
2489678359,12363387,1420127936000,9542
2489756345,12363387,1420137883000,9543
2489597081,25647006,1420116111000,9544
2489597907,25647006,1420116275000,9545
2489598531,25647006,1420116385000,9546
2489595680,27965400,1420115862000,9547
2489596483,27965400,1420116012000,9548
2489659703,27874172,1420125521000,9549
2489660622,27874172,1420125657000,9550
2489493311,19853934,1420094575000,9551
2489495831,19853934,1420095127000,9552
2489497089,19853934,1420095432000,9553
2489497332,19853934,1420095485000,9554
2489497543,19853934,1420095544000,9555
2489497664,19853934,1420095576000,9556
2489532786,19853934,1420103481000,9557
2489534161,19853934,1420103787000,9558
2489535921,19853934,1420104179000,9559
2489537436,19853934,1420104515000,9560
2489538296,19853934,1420104687000,9561
2489585926,19853934,1420114181000,9562
2489586232,19853934,1420114240000,9563
2489589808,19853934,1420114890000,9564
2489593760,19853934,1420115503000,9565
2489759357,21911597,1420138257000,9566
2489831371,21911597,1420147258000,9567
2489497266,28295932,1420095470000,9568
2489497337,28295932,1420095487000,9569
2489745725,5799387,1420136534000,9570
2489745916,5799387,1420136558000,9571
2489495727,1334369,1420095102000,9572
2489603186,1334369,1420117187000,9573
2489655883,1334369,1420125030000,9574
2489669186,1334369,1420126764000,9575
2489735357,1334369,1420135249000,9576
2489669820,25147305,1420126842000,9577
2489669988,25147305,1420126864000,9578
2489586158,28685422,1420114225000,9579
2489586383,28685422,1420114265000,9580
2489588953,28685422,1420114739000,9581
2489444638,10298623,1420083025000,9582
2489540032,10298623,1420105031000,9583
2489540375,10298623,1420105099000,9584
2489540631,10298623,1420105157000,9585
2489542467,10298623,1420105567000,9586
2489542695,10298623,1420105613000,9587
2489543574,10298623,1420105817000,9588
2489594134,10298623,1420115570000,9589
2489536774,28683913,1420104370000,9590
2489536802,28683913,1420104375000,9591
2489848780,15909706,1420149330000,9592
2489848910,15909706,1420149344000,9593
2489669579,28563860,1420126813000,9594
2489674322,28563860,1420127396000,9595
2489533506,13975314,1420103647000,9596
2489539767,13975314,1420104982000,9597
2489673746,13975314,1420127327000,9598
2489845333,28691366,1420148927000,9599
2489486359,28630795,1420093113000,9600
2489494077,28630795,1420094737000,9601
2489677453,28670358,1420127820000,9602
2489830329,28670358,1420147120000,9603
2489672787,14979312,1420127207000,9604
2489760933,14979312,1420138452000,9605
2489375058,28428078,1420071180000,9606
2489385827,28428078,1420072566000,9607
2489387912,28428078,1420072846000,9608
2489831868,28428078,1420147317000,9609
2489600943,7340075,1420116802000,9610
2489601192,7340075,1420116845000,9611
2489601273,7340075,1420116857000,9612
2489746880,7340075,1420136696000,9613
2489660522,28688423,1420125645000,9614
2489661648,28688423,1420125797000,9615
2489849947,9258287,1420149462000,9616
2489849950,9258287,1420149462000,9617
2489849952,9258287,1420149462000,9618
2489842504,28696426,1420148595000,9619
2489842534,28696426,1420148600000,9620
2489847413,28696426,1420149165000,9621
2489848699,28696426,1420149322000,9622
2489541140,19857477,1420105267000,9623
2489663737,19857477,1420126063000,9624
2489748700,19857477,1420136911000,9625
2489749308,19857477,1420136994000,9626
2489749851,19857477,1420137065000,9627
2489750377,19857477,1420137136000,9628
2489751856,19857477,1420137335000,9629
2489752911,19857477,1420137467000,9630
2489374604,18327612,1420071138000,9631
2489374618,18327612,1420071138000,9632
2489538642,18327612,1420104761000,9633
2489538662,18327612,1420104763000,9634
2489592558,18327612,1420115292000,9635
2489592565,18327612,1420115296000,9636
2489596915,18327612,1420116081000,9637
2489596932,18327612,1420116084000,9638
2489652708,18327612,1420124615000,9639
2489652717,18327612,1420124618000,9640
2489379928,23416978,1420071799000,9641
2489380585,23416978,1420071885000,9642
2489381791,23416978,1420072038000,9643
2489662631,28689084,1420125922000,9644
2489666652,28689084,1420126445000,9645
2489667010,28689084,1420126495000,9646
2489586396,15792281,1420114267000,9647
2489747581,3342046,1420136778000,9648
2489835828,3342046,1420147812000,9649
2489440114,4553246,1420081938000,9650
2489753229,4553246,1420137513000,9651
2489843795,26890819,1420148751000,9652
2489846865,26890819,1420149095000,9653
2489831677,28695962,1420147294000,9654
2489831921,28695962,1420147325000,9655
2489378832,28677765,1420071656000,9656
2489379095,28677765,1420071688000,9657
2489380038,28677765,1420071811000,9658
2489827940,27348137,1420146816000,9659
2489833466,27348137,1420147517000,9660
2489827288,2972132,1420146742000,9661
2489827424,2972132,1420146759000,9662
2489749205,28692528,1420136977000,9663
2489749745,28692528,1420137051000,9664
2489757167,28692528,1420137980000,9665
2489376836,4158448,1420071395000,9666
2489388311,4158448,1420072902000,9667
2489735797,24374941,1420135302000,9668
2489735895,24374941,1420135319000,9669
2489741475,26357943,1420135976000,9670
2489744891,26357943,1420136434000,9671
2489744893,26357943,1420136434000,9672
2489744895,26357943,1420136434000,9673
2489745203,26357943,1420136469000,9674
2489745207,26357943,1420136469000,9675
2489747925,26357943,1420136819000,9676
2489371684,28620734,1420070786000,9677
2489372387,28620734,1420070862000,9678
2489531843,27047776,1420103268000,9679
2489532613,27047776,1420103445000,9680
2489532958,27047776,1420103520000,9681
2489848730,8877717,1420149324000,9682
2489848760,8877717,1420149328000,9683
2489392772,28070100,1420073547000,9684
2489393643,28070100,1420073671000,9685
2489373474,28083399,1420071002000,9686
2489373800,28083399,1420071044000,9687
2489670859,28083399,1420126968000,9688
2489652606,28688656,1420124601000,9689
2489653803,28688656,1420124755000,9690
2489654037,28688656,1420124783000,9691
2489662742,18382480,1420125936000,9692
2489662783,18382480,1420125943000,9693
2489662785,18382480,1420125943000,9694
2489663471,18382480,1420126030000,9695
2489663534,18382480,1420126035000,9696
2489663538,18382480,1420126036000,9697
2489734947,18382480,1420135206000,9698
2489384929,14705691,1420072452000,9699
2489448390,14705691,1420083946000,9700
2489482852,14705691,1420092517000,9701
2489544985,14705691,1420106133000,9702
2489600710,14705691,1420116766000,9703
2489752313,14705691,1420137389000,9704
2489753267,14705691,1420137514000,9705
2489660221,27982482,1420125600000,9706
2489666321,27982482,1420126402000,9707
2489673010,27982482,1420127235000,9708
2489742759,3215175,1420136159000,9709
2489743202,3215175,1420136217000,9710
2489748564,3215175,1420136895000,9711
2489748625,3215175,1420136903000,9712
2489755076,3215175,1420137730000,9713
2489437847,6495566,1420081429000,9714
2489439528,6495566,1420081813000,9715
2489447035,22430020,1420083613000,9716
2489544585,22430020,1420106037000,9717
2489665600,22430020,1420126310000,9718
2489437827,8472100,1420081425000,9719
2489438429,8472100,1420081553000,9720
2489439787,8472100,1420081863000,9721
2489440783,8472100,1420082085000,9722
2489441867,8472100,1420082335000,9723
2489444972,8472100,1420083102000,9724
2489446212,8472100,1420083432000,9725
2489447030,8472100,1420083610000,9726
2489666613,25350065,1420126440000,9727
2489749543,24685156,1420137022000,9728
2489667021,25453652,1420126496000,9729
2489737667,25453652,1420135537000,9730
2489831313,11723602,1420147252000,9731
2489847015,11723602,1420149118000,9732
2489438027,28656036,1420081468000,9733
2489438617,28656036,1420081604000,9734
2489482830,28681499,1420092511000,9735
2489482876,28681499,1420092524000,9736
2489487042,28681499,1420093263000,9737
2489539615,23365410,1420104955000,9738
2489442095,28679728,1420082404000,9739
2489444285,28679728,1420082951000,9740
2489394772,27114957,1420073849000,9741
2489395216,27114957,1420073916000,9742
2489736003,28665800,1420135329000,9743
2489743780,28665800,1420136300000,9744
2489750128,28665800,1420137097000,9745
2489760061,28665800,1420138347000,9746
2489655025,28616651,1420124914000,9747
2489655362,28616651,1420124958000,9748
2489386679,3077423,1420072681000,9749
2489831140,3077423,1420147228000,9750
2489832547,3077423,1420147403000,9751
2489823006,28645535,1420146212000,9752
2489824891,28645535,1420146437000,9753
2489384557,28369326,1420072401000,9754
2489384846,28369326,1420072438000,9755
2489385071,28369326,1420072473000,9756
2489394441,28369326,1420073792000,9757
2489440317,28369326,1420081972000,9758
2489440318,28369326,1420081972000,9759
2489494098,10372628,1420094742000,9760
2489494398,10372628,1420094791000,9761
2489389710,26758410,1420073108000,9762
2489389713,26758410,1420073108000,9763
2489758249,3768822,1420138111000,9764
2489758251,3768822,1420138111000,9765
2489496074,28680723,1420095177000,9766
2489823096,28680723,1420146224000,9767
2489752250,1185387,1420137380000,9768
2489761810,1185387,1420138559000,9769
2489844872,1185387,1420148871000,9770
2489748937,28692519,1420136941000,9771
2489749057,28692519,1420136959000,9772
2489760723,26688026,1420138428000,9773
2489833221,26688026,1420147484000,9774
2489675034,28689570,1420127494000,9775
2489675422,28689570,1420127548000,9776
2489746238,28689570,1420136602000,9777
2489822836,28689570,1420146190000,9778
2489824608,28689570,1420146401000,9779
2489826262,28689570,1420146615000,9780
2489828397,28689570,1420146881000,9781
2489491994,28616522,1420094283000,9782
2489493051,28616522,1420094522000,9783
2489545240,1567485,1420106192000,9784
2489589983,1567485,1420114921000,9785
2489651664,1567485,1420124475000,9786
2489657218,1567485,1420125200000,9787
2489673775,1567485,1420127330000,9788
2489833071,8013148,1420147462000,9789
2489840603,8013148,1420148371000,9790
2489848263,8013148,1420149267000,9791
2489742871,613533,1420136173000,9792
2489742892,613533,1420136176000,9793
2489744373,613533,1420136371000,9794
2489829987,613533,1420147075000,9795
2489835523,22431032,1420147774000,9796
2489838516,22431032,1420148129000,9797
2489736818,24922691,1420135441000,9798
2489748745,24922691,1420136917000,9799
2489667289,28689263,1420126529000,9800
2489670484,28689263,1420126923000,9801
2489376448,28320255,1420071349000,9802
2489369190,28607843,1420070509000,9803
2489380563,28607843,1420071882000,9804
2489382063,28607843,1420072068000,9805
2489382067,28607843,1420072068000,9806
2489384135,28607843,1420072353000,9807
2489384139,28607843,1420072354000,9808
2489390628,28607843,1420073243000,9809
2489392543,28607843,1420073511000,9810
2489439633,28607843,1420081835000,9811
2489437965,28596686,1420081453000,9812
2489438346,28596686,1420081535000,9813
2489438347,28596686,1420081535000,9814
2489742861,28651114,1420136172000,9815
2489747323,28651114,1420136751000,9816
2489372961,13431919,1420070929000,9817
2489372969,13431919,1420070932000,9818
2489372979,13431919,1420070933000,9819
2489443014,13431919,1420082635000,9820
2489447636,1466476,1420083753000,9821
2489448712,1466476,1420084029000,9822
2489449444,1466476,1420084208000,9823
2489450396,1466476,1420084457000,9824
2489369403,27590695,1420070529000,9825
2489383891,27590695,1420072324000,9826
2489388077,27590695,1420072866000,9827
2489450462,13825768,1420084480000,9828
2489450551,13825768,1420084505000,9829
2489446269,21179164,1420083443000,9830
2489678672,21179164,1420127973000,9831
2489370097,26995510,1420070600000,9832
2489373767,26995510,1420071040000,9833
2489381381,26995510,1420071986000,9834
2489382545,26995510,1420072133000,9835
2489389195,26995510,1420073023000,9836
2489390077,26995510,1420073158000,9837
2489391746,26995510,1420073403000,9838
2489395744,26995510,1420073995000,9839
2489760425,26995510,1420138391000,9840
2489736217,25979437,1420135355000,9841
2489736227,25979437,1420135355000,9842
2489495580,28682044,1420095061000,9843
2489495651,28682044,1420095077000,9844
2489370841,28677601,1420070696000,9845
2489376870,28677601,1420071398000,9846
2489445928,21494560,1420083360000,9847
2489596919,21494560,1420116081000,9848
2489661429,21494560,1420125768000,9849
2489670200,21494560,1420126887000,9850
2489740426,21494560,1420135849000,9851
2489491796,692146,1420094248000,9852
2489834286,692146,1420147620000,9853
2489584006,28685034,1420113834000,9854
2489379936,5054494,1420071799000,9855
2489394624,5054494,1420073827000,9856
2489533382,2070482,1420103612000,9857
2489533386,2070482,1420103613000,9858
2489379387,22088187,1420071729000,9859
2489658510,28080127,1420125365000,9860
2489662823,28080127,1420125947000,9861
2489488754,15369746,1420093645000,9862
2489533739,15369746,1420103696000,9863
2489537061,15369746,1420104425000,9864
2489653877,787760,1420124765000,9865
2489738433,787760,1420135617000,9866
2489667531,27673291,1420126557000,9867
2489671291,27673291,1420127021000,9868
2489740295,27673291,1420135836000,9869
2489840025,3662905,1420148309000,9870
2489840033,3662905,1420148310000,9871
2489587295,28685988,1420114431000,9872
2489587450,28685988,1420114460000,9873
2489588737,28685988,1420114694000,9874
2489438300,4253774,1420081524000,9875
2489448794,4253774,1420084049000,9876
2489749344,19674586,1420136998000,9877
2489751516,19674586,1420137296000,9878
2489446266,26623117,1420083442000,9879
2489447326,26623117,1420083688000,9880
2489599763,26901571,1420116604000,9881
2489599907,26901571,1420116628000,9882
2489442340,25746767,1420082458000,9883
2489442341,25746767,1420082458000,9884
2489442534,25746767,1420082507000,9885
2489442545,25746767,1420082510000,9886
2489442820,25746767,1420082579000,9887
2489442821,25746767,1420082579000,9888
2489542829,28667278,1420105643000,9889
2489665409,21288701,1420126283000,9890
2489736492,21288701,1420135394000,9891
2489760167,4007018,1420138362000,9892
2489760772,4007018,1420138432000,9893
2489761602,4007018,1420138534000,9894
2489829358,4007018,1420147002000,9895
2489833805,4007018,1420147558000,9896
2489662952,28689099,1420125962000,9897
2489668047,28689099,1420126621000,9898
2489668083,28689099,1420126625000,9899
2489661166,20338275,1420125734000,9900
2489665903,20338275,1420126351000,9901
2489531434,28682546,1420103184000,9902
2489531968,28682546,1420103300000,9903
2489540615,28682546,1420105155000,9904
2489542727,28682546,1420105623000,9905
2489651064,28682546,1420124403000,9906
2489659365,28682546,1420125470000,9907
2489482624,12032320,1420092487000,9908
2489483553,12032320,1420092627000,9909
2489663081,28689108,1420125977000,9910
2489663421,28689108,1420126020000,9911
2489658377,27220613,1420125351000,9912
2489659345,27220613,1420125468000,9913
2489672103,27220613,1420127129000,9914
2489837346,24117432,1420147993000,9915
2489841476,24117432,1420148477000,9916
2489844953,24117432,1420148881000,9917
2489541910,16295291,1420105447000,9918
2489542361,16295291,1420105547000,9919
2489379303,17960746,1420071716000,9920
2489832489,17960746,1420147396000,9921
2489761471,28693070,1420138519000,9922
2489761626,28693070,1420138538000,9923
2489741033,21370670,1420135912000,9924
2489741776,21370670,1420136018000,9925
2489436681,28357023,1420081215000,9926
2489438001,28357023,1420081461000,9927
2489446106,28357023,1420083401000,9928
2489669072,22655923,1420126752000,9929
2489669073,22655923,1420126752000,9930
2489662129,24082551,1420125857000,9931
2489481787,9240204,1420092321000,9932
2489739044,15670215,1420135691000,9933
2489749348,15670215,1420136999000,9934
2489749372,15670215,1420137003000,9935
2489840706,28696345,1420148385000,9936
2489842195,28696345,1420148560000,9937
2489652396,28688570,1420124572000,9938
2489652734,28688570,1420124620000,9939
2489823966,28695273,1420146334000,9940
2489826452,28695273,1420146636000,9941
2489587600,28685270,1420114490000,9942
2489600109,28685270,1420116670000,9943
2489827236,459782,1420146734000,9944
2489828303,27845348,1420146868000,9945
2489828378,27845348,1420146877000,9946
2489531784,28683689,1420103261000,9947
2489532413,28683689,1420103400000,9948
2489600318,28683689,1420116707000,9949
2489480284,28556746,1420092030000,9950
2489480834,28556746,1420092119000,9951
2489481426,28556746,1420092244000,9952
2489674570,24209937,1420127432000,9953
2489674571,24209937,1420127432000,9954
2489677940,24209937,1420127877000,9955
2489677942,24209937,1420127877000,9956
2489823954,5180123,1420146333000,9957
2489593820,5471776,1420115513000,9958
2489663214,5471776,1420125994000,9959
2489663218,5471776,1420125995000,9960
2489671344,5471776,1420127027000,9961
2489489289,25119308,1420093745000,9962
2489758415,25119308,1420138136000,9963
2489583031,23057279,1420113660000,9964
2489585458,23057279,1420114084000,9965
2489497256,20814575,1420095468000,9966
2489497403,20814575,1420095507000,9967
2489497404,20814575,1420095507000,9968
2489497670,20814575,1420095578000,9969
2489832157,28695010,1420147359000,9970
2489841636,28695010,1420148497000,9971
2489752526,7437465,1420137413000,9972
2489757867,7437465,1420138070000,9973
2489841785,28696396,1420148515000,9974
2489841812,28696396,1420148518000,9975
2489736366,28691477,1420135375000,9976
2489736367,28691477,1420135375000,9977
2489736745,28691477,1420135431000,9978
2489737140,28691477,1420135484000,9979
2489494323,18910904,1420094777000,9980
2489670677,18910904,1420126947000,9981
2489754926,18146819,1420137715000,9982
2489756126,18146819,1420137853000,9983
2489757298,18146819,1420137997000,9984
2489827499,5021914,1420146765000,9985
2489833785,5021914,1420147555000,9986
2489846318,5021914,1420149035000,9987
2489838584,28696263,1420148135000,9988
2489838600,28696263,1420148138000,9989
2489584494,541056,1420113921000,9990
2489585580,541056,1420114110000,9991
2489587746,541056,1420114515000,9992
2489595723,541056,1420115868000,9993
2489491349,28681855,1420094166000,9994
2489493273,28681855,1420094565000,9995
2489741205,28692194,1420135938000,9996
2489741553,28692194,1420135987000,9997
2489742338,28692194,1420136106000,9998
2489830972,28695945,1420147207000,9999
