dataset,n,seed,algo,variant,round,time_sec,k_final,comparisons,moves,peak_rss_bytes,sorted_ok,git_hash
random,1000000,1,laddersort_raw,main,1,0.06295,1985,-1,-1,-1,true,unknown
random,1000000,2,laddersort_raw,main,2,0.060476,1974,-1,-1,-1,true,unknown
random,1000000,3,laddersort_raw,main,3,0.06045,1988,-1,-1,-1,true,unknown
random,1000000,4,laddersort_raw,main,4,0.064335,1993,-1,-1,-1,true,unknown
random,1000000,5,laddersort_raw,main,5,0.060528,1985,-1,-1,-1,true,unknown
random,1000000,6,laddersort_raw,main,6,0.062904,1991,-1,-1,-1,true,unknown
random,1000000,7,laddersort_raw,main,7,0.061347,1995,-1,-1,-1,true,unknown
random,1000000,8,laddersort_raw,main,8,0.061958,1975,-1,-1,-1,true,unknown
random,1000000,9,laddersort_raw,main,9,0.061752,1980,-1,-1,-1,true,unknown
random,1000000,10,laddersort_raw,main,10,0.061631,1992,-1,-1,-1,true,unknown
random,1000000,1,laddersort_hybrid,main,1,0.066164,1001,-1,-1,-1,true,unknown
random,1000000,2,laddersort_hybrid,main,2,0.067115,1001,-1,-1,-1,true,unknown
random,1000000,3,laddersort_hybrid,main,3,0.067114,1001,-1,-1,-1,true,unknown
random,1000000,4,laddersort_hybrid,main,4,0.066145,1001,-1,-1,-1,true,unknown
random,1000000,5,laddersort_hybrid,main,5,0.066477,1001,-1,-1,-1,true,unknown
random,1000000,6,laddersort_hybrid,main,6,0.067651,1001,-1,-1,-1,true,unknown
random,1000000,7,laddersort_hybrid,main,7,0.066336,1001,-1,-1,-1,true,unknown
random,1000000,8,laddersort_hybrid,main,8,0.068288,1001,-1,-1,-1,true,unknown
random,1000000,9,laddersort_hybrid,main,9,0.066443,1001,-1,-1,-1,true,unknown
random,1000000,10,laddersort_hybrid,main,10,0.066697,1001,-1,-1,-1,true,unknown
random,1000000,1,timsort,main,1,0.076615,-1,-1,-1,-1,true,unknown
random,1000000,2,timsort,main,2,0.076167,-1,-1,-1,-1,true,unknown
random,1000000,3,timsort,main,3,0.077702,-1,-1,-1,-1,true,unknown
random,1000000,4,timsort,main,4,0.076733,-1,-1,-1,-1,true,unknown
random,1000000,5,timsort,main,5,0.077298,-1,-1,-1,-1,true,unknown
random,1000000,6,timsort,main,6,0.077213,-1,-1,-1,-1,true,unknown
random,1000000,7,timsort,main,7,0.077482,-1,-1,-1,-1,true,unknown
random,1000000,8,timsort,main,8,0.07694,-1,-1,-1,-1,true,unknown
random,1000000,9,timsort,main,9,0.076497,-1,-1,-1,-1,true,unknown
random,1000000,10,timsort,main,10,0.07696,-1,-1,-1,-1,true,unknown
random,1000000,1,std_sort,main,1,0.056643,-1,-1,-1,-1,true,unknown
random,1000000,2,std_sort,main,2,0.053924,-1,-1,-1,-1,true,unknown
random,1000000,3,std_sort,main,3,0.055013,-1,-1,-1,-1,true,unknown
random,1000000,4,std_sort,main,4,0.054943,-1,-1,-1,-1,true,unknown
random,1000000,5,std_sort,main,5,0.055237,-1,-1,-1,-1,true,unknown
random,1000000,6,std_sort,main,6,0.056247,-1,-1,-1,-1,true,unknown
random,1000000,7,std_sort,main,7,0.054848,-1,-1,-1,-1,true,unknown
random,1000000,8,std_sort,main,8,0.080303,-1,-1,-1,-1,true,unknown
random,1000000,9,std_sort,main,9,0.055946,-1,-1,-1,-1,true,unknown
random,1000000,10,std_sort,main,10,0.055217,-1,-1,-1,-1,true,unknown
random,1000000,1,std_stable_sort,main,1,0.063118,-1,-1,-1,-1,true,unknown
random,1000000,2,std_stable_sort,main,2,0.061862,-1,-1,-1,-1,true,unknown
random,1000000,3,std_stable_sort,main,3,0.061891,-1,-1,-1,-1,true,unknown
random,1000000,4,std_stable_sort,main,4,0.063046,-1,-1,-1,-1,true,unknown
random,1000000,5,std_stable_sort,main,5,0.061776,-1,-1,-1,-1,true,unknown
random,1000000,6,std_stable_sort,main,6,0.063305,-1,-1,-1,-1,true,unknown
random,1000000,7,std_stable_sort,main,7,0.061975,-1,-1,-1,-1,true,unknown
random,1000000,8,std_stable_sort,main,8,0.063281,-1,-1,-1,-1,true,unknown
random,1000000,9,std_stable_sort,main,9,0.061903,-1,-1,-1,-1,true,unknown
random,1000000,10,std_stable_sort,main,10,0.062719,-1,-1,-1,-1,true,unknown
random,1000000,1,quicksort,main,1,0.069036,-1,-1,-1,-1,true,unknown
random,1000000,2,quicksort,main,2,0.068791,-1,-1,-1,-1,true,unknown
random,1000000,3,quicksort,main,3,0.071878,-1,-1,-1,-1,true,unknown
random,1000000,4,quicksort,main,4,0.068812,-1,-1,-1,-1,true,unknown
random,1000000,5,quicksort,main,5,0.073352,-1,-1,-1,-1,true,unknown
random,1000000,6,quicksort,main,6,0.072045,-1,-1,-1,-1,true,unknown
random,1000000,7,quicksort,main,7,0.071205,-1,-1,-1,-1,true,unknown
random,1000000,8,quicksort,main,8,0.070561,-1,-1,-1,-1,true,unknown
random,1000000,9,quicksort,main,9,0.070927,-1,-1,-1,-1,true,unknown
random,1000000,10,quicksort,main,10,0.071538,-1,-1,-1,-1,true,unknown
random,1000000,1,mergesort,main,1,0.068837,-1,-1,-1,-1,true,unknown
random,1000000,2,mergesort,main,2,0.068841,-1,-1,-1,-1,true,unknown
random,1000000,3,mergesort,main,3,0.069277,-1,-1,-1,-1,true,unknown
random,1000000,4,mergesort,main,4,0.069798,-1,-1,-1,-1,true,unknown
random,1000000,5,mergesort,main,5,0.069127,-1,-1,-1,-1,true,unknown
random,1000000,6,mergesort,main,6,0.069343,-1,-1,-1,-1,true,unknown
random,1000000,7,mergesort,main,7,0.069741,-1,-1,-1,-1,true,unknown
random,1000000,8,mergesort,main,8,0.069214,-1,-1,-1,-1,true,unknown
random,1000000,9,mergesort,main,9,0.069245,-1,-1,-1,-1,true,unknown
random,1000000,10,mergesort,main,10,0.07006,-1,-1,-1,-1,true,unknown
random,10000000,1,laddersort_raw,main,1,0.772266,6305,-1,-1,-1,true,unknown
random,10000000,2,laddersort_raw,main,2,0.726253,6294,-1,-1,-1,true,unknown
random,10000000,3,laddersort_raw,main,3,0.724226,6309,-1,-1,-1,true,unknown
random,10000000,4,laddersort_raw,main,4,0.725002,6297,-1,-1,-1,true,unknown
random,10000000,5,laddersort_raw,main,5,0.723288,6303,-1,-1,-1,true,unknown
random,10000000,6,laddersort_raw,main,6,0.730932,6330,-1,-1,-1,true,unknown
random,10000000,7,laddersort_raw,main,7,0.743037,6290,-1,-1,-1,true,unknown
random,10000000,8,laddersort_raw,main,8,0.775059,6310,-1,-1,-1,true,unknown
random,10000000,9,laddersort_raw,main,9,0.74077,6285,-1,-1,-1,true,unknown
random,10000000,10,laddersort_raw,main,10,0.739369,6298,-1,-1,-1,true,unknown
random,10000000,1,laddersort_hybrid,main,1,0.765885,3164,-1,-1,-1,true,unknown
random,10000000,2,laddersort_hybrid,main,2,0.764761,3164,-1,-1,-1,true,unknown
random,10000000,3,laddersort_hybrid,main,3,0.791929,3164,-1,-1,-1,true,unknown
random,10000000,4,laddersort_hybrid,main,4,0.765574,3164,-1,-1,-1,true,unknown
random,10000000,5,laddersort_hybrid,main,5,0.775461,3164,-1,-1,-1,true,unknown
random,10000000,6,laddersort_hybrid,main,6,0.772414,3164,-1,-1,-1,true,unknown
random,10000000,7,laddersort_hybrid,main,7,0.764775,3164,-1,-1,-1,true,unknown
random,10000000,8,laddersort_hybrid,main,8,0.763017,3164,-1,-1,-1,true,unknown
random,10000000,9,laddersort_hybrid,main,9,0.762655,3164,-1,-1,-1,true,unknown
random,10000000,10,laddersort_hybrid,main,10,0.762951,3164,-1,-1,-1,true,unknown
random,10000000,1,timsort,main,1,0.871603,-1,-1,-1,-1,true,unknown
random,10000000,2,timsort,main,2,0.874766,-1,-1,-1,-1,true,unknown
random,10000000,3,timsort,main,3,0.874101,-1,-1,-1,-1,true,unknown
random,10000000,4,timsort,main,4,0.872345,-1,-1,-1,-1,true,unknown
random,10000000,5,timsort,main,5,0.898045,-1,-1,-1,-1,true,unknown
random,10000000,6,timsort,main,6,0.874717,-1,-1,-1,-1,true,unknown
random,10000000,7,timsort,main,7,0.876504,-1,-1,-1,-1,true,unknown
random,10000000,8,timsort,main,8,0.880209,-1,-1,-1,-1,true,unknown
random,10000000,9,timsort,main,9,0.875419,-1,-1,-1,-1,true,unknown
random,10000000,10,timsort,main,10,0.881546,-1,-1,-1,-1,true,unknown
random,10000000,1,std_sort,main,1,0.645295,-1,-1,-1,-1,true,unknown
random,10000000,2,std_sort,main,2,0.630997,-1,-1,-1,-1,true,unknown
random,10000000,3,std_sort,main,3,0.629318,-1,-1,-1,-1,true,unknown
random,10000000,4,std_sort,main,4,0.630344,-1,-1,-1,-1,true,unknown
random,10000000,5,std_sort,main,5,0.636144,-1,-1,-1,-1,true,unknown
random,10000000,6,std_sort,main,6,0.637851,-1,-1,-1,-1,true,unknown
random,10000000,7,std_sort,main,7,0.664322,-1,-1,-1,-1,true,unknown
random,10000000,8,std_sort,main,8,0.628436,-1,-1,-1,-1,true,unknown
random,10000000,9,std_sort,main,9,0.631648,-1,-1,-1,-1,true,unknown
random,10000000,10,std_sort,main,10,0.63402,-1,-1,-1,-1,true,unknown
random,10000000,1,std_stable_sort,main,1,0.721019,-1,-1,-1,-1,true,unknown
random,10000000,2,std_stable_sort,main,2,0.720435,-1,-1,-1,-1,true,unknown
random,10000000,3,std_stable_sort,main,3,0.719604,-1,-1,-1,-1,true,unknown
random,10000000,4,std_stable_sort,main,4,0.72033,-1,-1,-1,-1,true,unknown
random,10000000,5,std_stable_sort,main,5,0.721127,-1,-1,-1,-1,true,unknown
random,10000000,6,std_stable_sort,main,6,0.718935,-1,-1,-1,-1,true,unknown
random,10000000,7,std_stable_sort,main,7,0.720505,-1,-1,-1,-1,true,unknown
random,10000000,8,std_stable_sort,main,8,0.718489,-1,-1,-1,-1,true,unknown
random,10000000,9,std_stable_sort,main,9,0.74075,-1,-1,-1,-1,true,unknown
random,10000000,10,std_stable_sort,main,10,0.719566,-1,-1,-1,-1,true,unknown
random,10000000,1,quicksort,main,1,0.809851,-1,-1,-1,-1,true,unknown
random,10000000,2,quicksort,main,2,0.813911,-1,-1,-1,-1,true,unknown
random,10000000,3,quicksort,main,3,0.806228,-1,-1,-1,-1,true,unknown
random,10000000,4,quicksort,main,4,0.808728,-1,-1,-1,-1,true,unknown
random,10000000,5,quicksort,main,5,0.818868,-1,-1,-1,-1,true,unknown
random,10000000,6,quicksort,main,6,0.810844,-1,-1,-1,-1,true,unknown
random,10000000,7,quicksort,main,7,0.816504,-1,-1,-1,-1,true,unknown
random,10000000,8,quicksort,main,8,0.815644,-1,-1,-1,-1,true,unknown
random,10000000,9,quicksort,main,9,0.805534,-1,-1,-1,-1,true,unknown
random,10000000,10,quicksort,main,10,0.807439,-1,-1,-1,-1,true,unknown
random,10000000,1,mergesort,main,1,0.775268,-1,-1,-1,-1,true,unknown
random,10000000,2,mergesort,main,2,0.77276,-1,-1,-1,-1,true,unknown
random,10000000,3,mergesort,main,3,0.774126,-1,-1,-1,-1,true,unknown
random,10000000,4,mergesort,main,4,0.775428,-1,-1,-1,-1,true,unknown
random,10000000,5,mergesort,main,5,0.773411,-1,-1,-1,-1,true,unknown
random,10000000,6,mergesort,main,6,0.772036,-1,-1,-1,-1,true,unknown
random,10000000,7,mergesort,main,7,0.773465,-1,-1,-1,-1,true,unknown
random,10000000,8,mergesort,main,8,0.774946,-1,-1,-1,-1,true,unknown
random,10000000,9,mergesort,main,9,0.775976,-1,-1,-1,-1,true,unknown
random,10000000,10,mergesort,main,10,0.774715,-1,-1,-1,-1,true,unknown
random,100000000,1,laddersort_raw,main,1,8.51296,19956,-1,-1,-1,true,unknown
random,100000000,2,laddersort_raw,main,2,8.29443,19942,-1,-1,-1,true,unknown
random,100000000,3,laddersort_raw,main,3,8.24329,19959,-1,-1,-1,true,unknown
random,100000000,4,laddersort_raw,main,4,8.15921,19944,-1,-1,-1,true,unknown
random,100000000,5,laddersort_raw,main,5,8.25314,19969,-1,-1,-1,true,unknown
random,100000000,6,laddersort_raw,main,6,8.24679,19953,-1,-1,-1,true,unknown
random,100000000,7,laddersort_raw,main,7,9.04686,20002,-1,-1,-1,true,unknown
random,100000000,8,laddersort_raw,main,8,8.53596,19953,-1,-1,-1,true,unknown
random,100000000,9,laddersort_raw,main,9,8.19493,19927,-1,-1,-1,true,unknown
random,100000000,10,laddersort_raw,main,10,8.15169,19946,-1,-1,-1,true,unknown
random,100000000,1,laddersort_hybrid,main,1,8.66152,10001,-1,-1,-1,true,unknown
random,100000000,2,laddersort_hybrid,main,2,8.68536,10001,-1,-1,-1,true,unknown
random,100000000,3,laddersort_hybrid,main,3,8.69933,10001,-1,-1,-1,true,unknown
random,100000000,4,laddersort_hybrid,main,4,8.70569,10001,-1,-1,-1,true,unknown
random,100000000,5,laddersort_hybrid,main,5,8.69057,10001,-1,-1,-1,true,unknown
random,100000000,6,laddersort_hybrid,main,6,8.85785,10001,-1,-1,-1,true,unknown
random,100000000,7,laddersort_hybrid,main,7,8.67347,10001,-1,-1,-1,true,unknown
random,100000000,8,laddersort_hybrid,main,8,8.91588,10001,-1,-1,-1,true,unknown
random,100000000,9,laddersort_hybrid,main,9,8.76567,10001,-1,-1,-1,true,unknown
random,100000000,10,laddersort_hybrid,main,10,8.69224,10001,-1,-1,-1,true,unknown
random,100000000,1,timsort,main,1,9.88314,-1,-1,-1,-1,true,unknown
random,100000000,2,timsort,main,2,9.95421,-1,-1,-1,-1,true,unknown
random,100000000,3,timsort,main,3,9.90035,-1,-1,-1,-1,true,unknown
random,100000000,4,timsort,main,4,10.0066,-1,-1,-1,-1,true,unknown
random,100000000,5,timsort,main,5,9.9489,-1,-1,-1,-1,true,unknown
random,100000000,6,timsort,main,6,9.91441,-1,-1,-1,-1,true,unknown
random,100000000,7,timsort,main,7,9.89812,-1,-1,-1,-1,true,unknown
random,100000000,8,timsort,main,8,9.87986,-1,-1,-1,-1,true,unknown
random,100000000,9,timsort,main,9,9.87709,-1,-1,-1,-1,true,unknown
random,100000000,10,timsort,main,10,9.9398,-1,-1,-1,-1,true,unknown
random,100000000,1,std_sort,main,1,7.11427,-1,-1,-1,-1,true,unknown
random,100000000,2,std_sort,main,2,7.15516,-1,-1,-1,-1,true,unknown
random,100000000,3,std_sort,main,3,7.13715,-1,-1,-1,-1,true,unknown
random,100000000,4,std_sort,main,4,7.11264,-1,-1,-1,-1,true,unknown
random,100000000,5,std_sort,main,5,7.15261,-1,-1,-1,-1,true,unknown
random,100000000,6,std_sort,main,6,7.32498,-1,-1,-1,-1,true,unknown
random,100000000,7,std_sort,main,7,7.1703,-1,-1,-1,-1,true,unknown
random,100000000,8,std_sort,main,8,7.24084,-1,-1,-1,-1,true,unknown
random,100000000,9,std_sort,main,9,7.22524,-1,-1,-1,-1,true,unknown
random,100000000,10,std_sort,main,10,7.12079,-1,-1,-1,-1,true,unknown
random,100000000,1,std_stable_sort,main,1,8.31837,-1,-1,-1,-1,true,unknown
random,100000000,2,std_stable_sort,main,2,8.30573,-1,-1,-1,-1,true,unknown
random,100000000,3,std_stable_sort,main,3,8.34586,-1,-1,-1,-1,true,unknown
random,100000000,4,std_stable_sort,main,4,8.34303,-1,-1,-1,-1,true,unknown
random,100000000,5,std_stable_sort,main,5,8.31921,-1,-1,-1,-1,true,unknown
random,100000000,6,std_stable_sort,main,6,8.36061,-1,-1,-1,-1,true,unknown
random,100000000,7,std_stable_sort,main,7,8.34726,-1,-1,-1,-1,true,unknown
random,100000000,8,std_stable_sort,main,8,8.32268,-1,-1,-1,-1,true,unknown
random,100000000,9,std_stable_sort,main,9,8.33022,-1,-1,-1,-1,true,unknown
random,100000000,10,std_stable_sort,main,10,8.36821,-1,-1,-1,-1,true,unknown
random,100000000,1,quicksort,main,1,9.18184,-1,-1,-1,-1,true,unknown
random,100000000,2,quicksort,main,2,9.29024,-1,-1,-1,-1,true,unknown
random,100000000,3,quicksort,main,3,9.2734,-1,-1,-1,-1,true,unknown
random,100000000,4,quicksort,main,4,9.25575,-1,-1,-1,-1,true,unknown
random,100000000,5,quicksort,main,5,9.17908,-1,-1,-1,-1,true,unknown
random,100000000,6,quicksort,main,6,9.37969,-1,-1,-1,-1,true,unknown
random,100000000,7,quicksort,main,7,9.31502,-1,-1,-1,-1,true,unknown
random,100000000,8,quicksort,main,8,9.29727,-1,-1,-1,-1,true,unknown
random,100000000,9,quicksort,main,9,9.23208,-1,-1,-1,-1,true,unknown
random,100000000,10,quicksort,main,10,9.19125,-1,-1,-1,-1,true,unknown
random,100000000,1,mergesort,main,1,9.04642,-1,-1,-1,-1,true,unknown
random,100000000,2,mergesort,main,2,10.0979,-1,-1,-1,-1,true,unknown
random,100000000,3,mergesort,main,3,15.1041,-1,-1,-1,-1,true,unknown
random,100000000,4,mergesort,main,4,9.0651,-1,-1,-1,-1,true,unknown
random,100000000,5,mergesort,main,5,9.13545,-1,-1,-1,-1,true,unknown
random,100000000,6,mergesort,main,6,9.05948,-1,-1,-1,-1,true,unknown
random,100000000,7,mergesort,main,7,9.16759,-1,-1,-1,-1,true,unknown
random,100000000,8,mergesort,main,8,9.05594,-1,-1,-1,-1,true,unknown
random,100000000,9,mergesort,main,9,9.04649,-1,-1,-1,-1,true,unknown
random,100000000,10,mergesort,main,10,9.05275,-1,-1,-1,-1,true,unknown
ascending,1000000,1,laddersort_raw,main,1,0.002592,1,-1,-1,-1,true,unknown
ascending,1000000,2,laddersort_raw,main,2,0.002396,1,-1,-1,-1,true,unknown
ascending,1000000,3,laddersort_raw,main,3,0.002418,1,-1,-1,-1,true,unknown
ascending,1000000,4,laddersort_raw,main,4,0.002397,1,-1,-1,-1,true,unknown
ascending,1000000,5,laddersort_raw,main,5,0.002751,1,-1,-1,-1,true,unknown
ascending,1000000,6,laddersort_raw,main,6,0.002364,1,-1,-1,-1,true,unknown
ascending,1000000,7,laddersort_raw,main,7,0.002399,1,-1,-1,-1,true,unknown
ascending,1000000,8,laddersort_raw,main,8,0.002401,1,-1,-1,-1,true,unknown
ascending,1000000,9,laddersort_raw,main,9,0.002392,1,-1,-1,-1,true,unknown
ascending,1000000,10,laddersort_raw,main,10,0.002546,1,-1,-1,-1,true,unknown
ascending,1000000,1,laddersort_hybrid,main,1,0.002574,1,-1,-1,-1,true,unknown
ascending,1000000,2,laddersort_hybrid,main,2,0.002385,1,-1,-1,-1,true,unknown
ascending,1000000,3,laddersort_hybrid,main,3,0.002582,1,-1,-1,-1,true,unknown
ascending,1000000,4,laddersort_hybrid,main,4,0.002386,1,-1,-1,-1,true,unknown
ascending,1000000,5,laddersort_hybrid,main,5,0.002383,1,-1,-1,-1,true,unknown
ascending,1000000,6,laddersort_hybrid,main,6,0.002351,1,-1,-1,-1,true,unknown
ascending,1000000,7,laddersort_hybrid,main,7,0.002337,1,-1,-1,-1,true,unknown
ascending,1000000,8,laddersort_hybrid,main,8,0.0024,1,-1,-1,-1,true,unknown
ascending,1000000,9,laddersort_hybrid,main,9,0.002599,1,-1,-1,-1,true,unknown
ascending,1000000,10,laddersort_hybrid,main,10,0.002342,1,-1,-1,-1,true,unknown
ascending,1000000,1,timsort,main,1,0.000225,-1,-1,-1,-1,true,unknown
ascending,1000000,2,timsort,main,2,0.000225,-1,-1,-1,-1,true,unknown
ascending,1000000,3,timsort,main,3,0.000225,-1,-1,-1,-1,true,unknown
ascending,1000000,4,timsort,main,4,0.000233,-1,-1,-1,-1,true,unknown
ascending,1000000,5,timsort,main,5,0.000229,-1,-1,-1,-1,true,unknown
ascending,1000000,6,timsort,main,6,0.000231,-1,-1,-1,-1,true,unknown
ascending,1000000,7,timsort,main,7,0.000231,-1,-1,-1,-1,true,unknown
ascending,1000000,8,timsort,main,8,0.000226,-1,-1,-1,-1,true,unknown
ascending,1000000,9,timsort,main,9,0.000233,-1,-1,-1,-1,true,unknown
ascending,1000000,10,timsort,main,10,0.000227,-1,-1,-1,-1,true,unknown
ascending,1000000,1,std_sort,main,1,0.010488,-1,-1,-1,-1,true,unknown
ascending,1000000,2,std_sort,main,2,0.010531,-1,-1,-1,-1,true,unknown
ascending,1000000,3,std_sort,main,3,0.010488,-1,-1,-1,-1,true,unknown
ascending,1000000,4,std_sort,main,4,0.010326,-1,-1,-1,-1,true,unknown
ascending,1000000,5,std_sort,main,5,0.010629,-1,-1,-1,-1,true,unknown
ascending,1000000,6,std_sort,main,6,0.010342,-1,-1,-1,-1,true,unknown
ascending,1000000,7,std_sort,main,7,0.010258,-1,-1,-1,-1,true,unknown
ascending,1000000,8,std_sort,main,8,0.010535,-1,-1,-1,-1,true,unknown
ascending,1000000,9,std_sort,main,9,0.010346,-1,-1,-1,-1,true,unknown
ascending,1000000,10,std_sort,main,10,0.010284,-1,-1,-1,-1,true,unknown
ascending,1000000,1,std_stable_sort,main,1,0.007172,-1,-1,-1,-1,true,unknown
ascending,1000000,2,std_stable_sort,main,2,0.007332,-1,-1,-1,-1,true,unknown
ascending,1000000,3,std_stable_sort,main,3,0.007161,-1,-1,-1,-1,true,unknown
ascending,1000000,4,std_stable_sort,main,4,0.007521,-1,-1,-1,-1,true,unknown
ascending,1000000,5,std_stable_sort,main,5,0.007215,-1,-1,-1,-1,true,unknown
ascending,1000000,6,std_stable_sort,main,6,0.007227,-1,-1,-1,-1,true,unknown
ascending,1000000,7,std_stable_sort,main,7,0.007202,-1,-1,-1,-1,true,unknown
ascending,1000000,8,std_stable_sort,main,8,0.007383,-1,-1,-1,-1,true,unknown
ascending,1000000,9,std_stable_sort,main,9,0.00712,-1,-1,-1,-1,true,unknown
ascending,1000000,10,std_stable_sort,main,10,0.007308,-1,-1,-1,-1,true,unknown
ascending,1000000,1,quicksort,main,1,0.013019,-1,-1,-1,-1,true,unknown
ascending,1000000,2,quicksort,main,2,0.013212,-1,-1,-1,-1,true,unknown
ascending,1000000,3,quicksort,main,3,0.013231,-1,-1,-1,-1,true,unknown
ascending,1000000,4,quicksort,main,4,0.013624,-1,-1,-1,-1,true,unknown
ascending,1000000,5,quicksort,main,5,0.014161,-1,-1,-1,-1,true,unknown
ascending,1000000,6,quicksort,main,6,0.013238,-1,-1,-1,-1,true,unknown
ascending,1000000,7,quicksort,main,7,0.013375,-1,-1,-1,-1,true,unknown
ascending,1000000,8,quicksort,main,8,0.013087,-1,-1,-1,-1,true,unknown
ascending,1000000,9,quicksort,main,9,0.013192,-1,-1,-1,-1,true,unknown
ascending,1000000,10,quicksort,main,10,0.01319,-1,-1,-1,-1,true,unknown
ascending,1000000,1,mergesort,main,1,0.006695,-1,-1,-1,-1,true,unknown
ascending,1000000,2,mergesort,main,2,0.00671,-1,-1,-1,-1,true,unknown
ascending,1000000,3,mergesort,main,3,0.006723,-1,-1,-1,-1,true,unknown
ascending,1000000,4,mergesort,main,4,0.006744,-1,-1,-1,-1,true,unknown
ascending,1000000,5,mergesort,main,5,0.006612,-1,-1,-1,-1,true,unknown
ascending,1000000,6,mergesort,main,6,0.006628,-1,-1,-1,-1,true,unknown
ascending,1000000,7,mergesort,main,7,0.006665,-1,-1,-1,-1,true,unknown
ascending,1000000,8,mergesort,main,8,0.006625,-1,-1,-1,-1,true,unknown
ascending,1000000,9,mergesort,main,9,0.006736,-1,-1,-1,-1,true,unknown
ascending,1000000,10,mergesort,main,10,0.006709,-1,-1,-1,-1,true,unknown
ascending,10000000,1,laddersort_raw,main,1,0.02561,1,-1,-1,-1,true,unknown
ascending,10000000,2,laddersort_raw,main,2,0.025618,1,-1,-1,-1,true,unknown
ascending,10000000,3,laddersort_raw,main,3,0.026712,1,-1,-1,-1,true,unknown
ascending,10000000,4,laddersort_raw,main,4,0.025527,1,-1,-1,-1,true,unknown
ascending,10000000,5,laddersort_raw,main,5,0.026109,1,-1,-1,-1,true,unknown
ascending,10000000,6,laddersort_raw,main,6,0.025448,1,-1,-1,-1,true,unknown
ascending,10000000,7,laddersort_raw,main,7,0.025346,1,-1,-1,-1,true,unknown
ascending,10000000,8,laddersort_raw,main,8,0.025476,1,-1,-1,-1,true,unknown
ascending,10000000,9,laddersort_raw,main,9,0.025491,1,-1,-1,-1,true,unknown
ascending,10000000,10,laddersort_raw,main,10,0.025957,1,-1,-1,-1,true,unknown
ascending,10000000,1,laddersort_hybrid,main,1,0.054717,1,-1,-1,-1,true,unknown
ascending,10000000,2,laddersort_hybrid,main,2,0.02582,1,-1,-1,-1,true,unknown
ascending,10000000,3,laddersort_hybrid,main,3,0.026825,1,-1,-1,-1,true,unknown
ascending,10000000,4,laddersort_hybrid,main,4,0.025894,1,-1,-1,-1,true,unknown
ascending,10000000,5,laddersort_hybrid,main,5,0.025766,1,-1,-1,-1,true,unknown
ascending,10000000,6,laddersort_hybrid,main,6,0.025483,1,-1,-1,-1,true,unknown
ascending,10000000,7,laddersort_hybrid,main,7,0.025405,1,-1,-1,-1,true,unknown
ascending,10000000,8,laddersort_hybrid,main,8,0.025562,1,-1,-1,-1,true,unknown
ascending,10000000,9,laddersort_hybrid,main,9,0.025439,1,-1,-1,-1,true,unknown
ascending,10000000,10,laddersort_hybrid,main,10,0.025574,1,-1,-1,-1,true,unknown
ascending,10000000,1,timsort,main,1,0.002211,-1,-1,-1,-1,true,unknown
ascending,10000000,2,timsort,main,2,0.002447,-1,-1,-1,-1,true,unknown
ascending,10000000,3,timsort,main,3,0.002196,-1,-1,-1,-1,true,unknown
ascending,10000000,4,timsort,main,4,0.002229,-1,-1,-1,-1,true,unknown
ascending,10000000,5,timsort,main,5,0.002413,-1,-1,-1,-1,true,unknown
ascending,10000000,6,timsort,main,6,0.002205,-1,-1,-1,-1,true,unknown
ascending,10000000,7,timsort,main,7,0.002199,-1,-1,-1,-1,true,unknown
ascending,10000000,8,timsort,main,8,0.002204,-1,-1,-1,-1,true,unknown
ascending,10000000,9,timsort,main,9,0.002225,-1,-1,-1,-1,true,unknown
ascending,10000000,10,timsort,main,10,0.002234,-1,-1,-1,-1,true,unknown
ascending,10000000,1,std_sort,main,1,0.121623,-1,-1,-1,-1,true,unknown
ascending,10000000,2,std_sort,main,2,0.122349,-1,-1,-1,-1,true,unknown
ascending,10000000,3,std_sort,main,3,0.123015,-1,-1,-1,-1,true,unknown
ascending,10000000,4,std_sort,main,4,0.123463,-1,-1,-1,-1,true,unknown
ascending,10000000,5,std_sort,main,5,0.123887,-1,-1,-1,-1,true,unknown
ascending,10000000,6,std_sort,main,6,0.123823,-1,-1,-1,-1,true,unknown
ascending,10000000,7,std_sort,main,7,0.124103,-1,-1,-1,-1,true,unknown
ascending,10000000,8,std_sort,main,8,0.123264,-1,-1,-1,-1,true,unknown
ascending,10000000,9,std_sort,main,9,0.123438,-1,-1,-1,-1,true,unknown
ascending,10000000,10,std_sort,main,10,0.122826,-1,-1,-1,-1,true,unknown
ascending,10000000,1,std_stable_sort,main,1,0.083392,-1,-1,-1,-1,true,unknown
ascending,10000000,2,std_stable_sort,main,2,0.083442,-1,-1,-1,-1,true,unknown
ascending,10000000,3,std_stable_sort,main,3,0.084736,-1,-1,-1,-1,true,unknown
ascending,10000000,4,std_stable_sort,main,4,0.085802,-1,-1,-1,-1,true,unknown
ascending,10000000,5,std_stable_sort,main,5,0.084857,-1,-1,-1,-1,true,unknown
ascending,10000000,6,std_stable_sort,main,6,0.084896,-1,-1,-1,-1,true,unknown
ascending,10000000,7,std_stable_sort,main,7,0.084599,-1,-1,-1,-1,true,unknown
ascending,10000000,8,std_stable_sort,main,8,0.085508,-1,-1,-1,-1,true,unknown
ascending,10000000,9,std_stable_sort,main,9,0.117438,-1,-1,-1,-1,true,unknown
ascending,10000000,10,std_stable_sort,main,10,0.084631,-1,-1,-1,-1,true,unknown
ascending,10000000,1,quicksort,main,1,0.141751,-1,-1,-1,-1,true,unknown
ascending,10000000,2,quicksort,main,2,0.141965,-1,-1,-1,-1,true,unknown
ascending,10000000,3,quicksort,main,3,0.141895,-1,-1,-1,-1,true,unknown
ascending,10000000,4,quicksort,main,4,0.141994,-1,-1,-1,-1,true,unknown
ascending,10000000,5,quicksort,main,5,0.142578,-1,-1,-1,-1,true,unknown
ascending,10000000,6,quicksort,main,6,0.142714,-1,-1,-1,-1,true,unknown
ascending,10000000,7,quicksort,main,7,0.141954,-1,-1,-1,-1,true,unknown
ascending,10000000,8,quicksort,main,8,0.142378,-1,-1,-1,-1,true,unknown
ascending,10000000,9,quicksort,main,9,0.142377,-1,-1,-1,-1,true,unknown
ascending,10000000,10,quicksort,main,10,0.142965,-1,-1,-1,-1,true,unknown
ascending,10000000,1,mergesort,main,1,0.083996,-1,-1,-1,-1,true,unknown
ascending,10000000,2,mergesort,main,2,0.084279,-1,-1,-1,-1,true,unknown
ascending,10000000,3,mergesort,main,3,0.084972,-1,-1,-1,-1,true,unknown
ascending,10000000,4,mergesort,main,4,0.08513,-1,-1,-1,-1,true,unknown
ascending,10000000,5,mergesort,main,5,0.085069,-1,-1,-1,-1,true,unknown
ascending,10000000,6,mergesort,main,6,0.085345,-1,-1,-1,-1,true,unknown
ascending,10000000,7,mergesort,main,7,0.085602,-1,-1,-1,-1,true,unknown
ascending,10000000,8,mergesort,main,8,0.084943,-1,-1,-1,-1,true,unknown
ascending,10000000,9,mergesort,main,9,0.084795,-1,-1,-1,-1,true,unknown
ascending,10000000,10,mergesort,main,10,0.084763,-1,-1,-1,-1,true,unknown
ascending,100000000,1,laddersort_raw,main,1,0.52124,1,-1,-1,-1,true,unknown
ascending,100000000,2,laddersort_raw,main,2,0.711524,1,-1,-1,-1,true,unknown
ascending,100000000,3,laddersort_raw,main,3,0.599689,1,-1,-1,-1,true,unknown
ascending,100000000,4,laddersort_raw,main,4,0.644955,1,-1,-1,-1,true,unknown
ascending,100000000,5,laddersort_raw,main,5,0.592659,1,-1,-1,-1,true,unknown
ascending,100000000,6,laddersort_raw,main,6,0.597551,1,-1,-1,-1,true,unknown
ascending,100000000,7,laddersort_raw,main,7,0.642722,1,-1,-1,-1,true,unknown
ascending,100000000,8,laddersort_raw,main,8,0.589288,1,-1,-1,-1,true,unknown
ascending,100000000,9,laddersort_raw,main,9,0.616995,1,-1,-1,-1,true,unknown
ascending,100000000,10,laddersort_raw,main,10,0.591182,1,-1,-1,-1,true,unknown
ascending,100000000,1,laddersort_hybrid,main,1,0.561462,1,-1,-1,-1,true,unknown
ascending,100000000,2,laddersort_hybrid,main,2,0.654961,1,-1,-1,-1,true,unknown
ascending,100000000,3,laddersort_hybrid,main,3,0.633416,1,-1,-1,-1,true,unknown
ascending,100000000,4,laddersort_hybrid,main,4,0.563951,1,-1,-1,-1,true,unknown
ascending,100000000,5,laddersort_hybrid,main,5,0.429449,1,-1,-1,-1,true,unknown
ascending,100000000,6,laddersort_hybrid,main,6,0.485045,1,-1,-1,-1,true,unknown
ascending,100000000,7,laddersort_hybrid,main,7,0.375171,1,-1,-1,-1,true,unknown
ascending,100000000,8,laddersort_hybrid,main,8,0.44048,1,-1,-1,-1,true,unknown
ascending,100000000,9,laddersort_hybrid,main,9,0.456074,1,-1,-1,-1,true,unknown
ascending,100000000,10,laddersort_hybrid,main,10,0.547001,1,-1,-1,-1,true,unknown
ascending,100000000,1,timsort,main,1,0.022022,-1,-1,-1,-1,true,unknown
ascending,100000000,2,timsort,main,2,0.022315,-1,-1,-1,-1,true,unknown
ascending,100000000,3,timsort,main,3,0.024264,-1,-1,-1,-1,true,unknown
ascending,100000000,4,timsort,main,4,0.069179,-1,-1,-1,-1,true,unknown
ascending,100000000,5,timsort,main,5,0.022016,-1,-1,-1,-1,true,unknown
ascending,100000000,6,timsort,main,6,0.023094,-1,-1,-1,-1,true,unknown
ascending,100000000,7,timsort,main,7,0.022894,-1,-1,-1,-1,true,unknown
ascending,100000000,8,timsort,main,8,0.022552,-1,-1,-1,-1,true,unknown
ascending,100000000,9,timsort,main,9,0.024221,-1,-1,-1,-1,true,unknown
ascending,100000000,10,timsort,main,10,0.02323,-1,-1,-1,-1,true,unknown
ascending,100000000,1,std_sort,main,1,1.35299,-1,-1,-1,-1,true,unknown
ascending,100000000,2,std_sort,main,2,1.35444,-1,-1,-1,-1,true,unknown
ascending,100000000,3,std_sort,main,3,1.35535,-1,-1,-1,-1,true,unknown
ascending,100000000,4,std_sort,main,4,1.38647,-1,-1,-1,-1,true,unknown
ascending,100000000,5,std_sort,main,5,1.35754,-1,-1,-1,-1,true,unknown
ascending,100000000,6,std_sort,main,6,1.35568,-1,-1,-1,-1,true,unknown
ascending,100000000,7,std_sort,main,7,1.36143,-1,-1,-1,-1,true,unknown
ascending,100000000,8,std_sort,main,8,1.357,-1,-1,-1,-1,true,unknown
ascending,100000000,9,std_sort,main,9,1.35231,-1,-1,-1,-1,true,unknown
ascending,100000000,10,std_sort,main,10,1.35477,-1,-1,-1,-1,true,unknown
ascending,100000000,1,std_stable_sort,main,1,0.934726,-1,-1,-1,-1,true,unknown
ascending,100000000,2,std_stable_sort,main,2,0.939896,-1,-1,-1,-1,true,unknown
ascending,100000000,3,std_stable_sort,main,3,0.93952,-1,-1,-1,-1,true,unknown
ascending,100000000,4,std_stable_sort,main,4,0.971083,-1,-1,-1,-1,true,unknown
ascending,100000000,5,std_stable_sort,main,5,0.939962,-1,-1,-1,-1,true,unknown
ascending,100000000,6,std_stable_sort,main,6,0.940372,-1,-1,-1,-1,true,unknown
ascending,100000000,7,std_stable_sort,main,7,0.976863,-1,-1,-1,-1,true,unknown
ascending,100000000,8,std_stable_sort,main,8,0.941296,-1,-1,-1,-1,true,unknown
ascending,100000000,9,std_stable_sort,main,9,0.94587,-1,-1,-1,-1,true,unknown
ascending,100000000,10,std_stable_sort,main,10,0.940348,-1,-1,-1,-1,true,unknown
ascending,100000000,1,quicksort,main,1,1.58338,-1,-1,-1,-1,true,unknown
ascending,100000000,2,quicksort,main,2,1.59177,-1,-1,-1,-1,true,unknown
ascending,100000000,3,quicksort,main,3,1.62211,-1,-1,-1,-1,true,unknown
ascending,100000000,4,quicksort,main,4,1.58851,-1,-1,-1,-1,true,unknown
ascending,100000000,5,quicksort,main,5,1.59105,-1,-1,-1,-1,true,unknown
ascending,100000000,6,quicksort,main,6,1.58807,-1,-1,-1,-1,true,unknown
ascending,100000000,7,quicksort,main,7,1.59599,-1,-1,-1,-1,true,unknown
ascending,100000000,8,quicksort,main,8,1.59107,-1,-1,-1,-1,true,unknown
ascending,100000000,9,quicksort,main,9,1.58782,-1,-1,-1,-1,true,unknown
ascending,100000000,10,quicksort,main,10,1.58791,-1,-1,-1,-1,true,unknown
ascending,100000000,1,mergesort,main,1,0.968731,-1,-1,-1,-1,true,unknown
ascending,100000000,2,mergesort,main,2,0.979027,-1,-1,-1,-1,true,unknown
ascending,100000000,3,mergesort,main,3,0.977714,-1,-1,-1,-1,true,unknown
ascending,100000000,4,mergesort,main,4,0.982523,-1,-1,-1,-1,true,unknown
ascending,100000000,5,mergesort,main,5,0.977135,-1,-1,-1,-1,true,unknown
ascending,100000000,6,mergesort,main,6,0.978043,-1,-1,-1,-1,true,unknown
ascending,100000000,7,mergesort,main,7,0.977044,-1,-1,-1,-1,true,unknown
ascending,100000000,8,mergesort,main,8,0.993209,-1,-1,-1,-1,true,unknown
ascending,100000000,9,mergesort,main,9,0.98414,-1,-1,-1,-1,true,unknown
ascending,100000000,10,mergesort,main,10,1.01436,-1,-1,-1,-1,true,unknown
descending,1000000,1,laddersort_raw,main,1,0.070391,1000000,-1,-1,-1,true,unknown
descending,1000000,2,laddersort_raw,main,2,0.07029,1000000,-1,-1,-1,true,unknown
descending,1000000,3,laddersort_raw,main,3,0.069975,1000000,-1,-1,-1,true,unknown
descending,1000000,4,laddersort_raw,main,4,0.071154,1000000,-1,-1,-1,true,unknown
descending,1000000,5,laddersort_raw,main,5,0.07002,1000000,-1,-1,-1,true,unknown
descending,1000000,6,laddersort_raw,main,6,0.076507,1000000,-1,-1,-1,true,unknown
descending,1000000,7,laddersort_raw,main,7,0.070516,1000000,-1,-1,-1,true,unknown
descending,1000000,8,laddersort_raw,main,8,0.071727,1000000,-1,-1,-1,true,unknown
descending,1000000,9,laddersort_raw,main,9,0.070407,1000000,-1,-1,-1,true,unknown
descending,1000000,10,laddersort_raw,main,10,0.070404,1000000,-1,-1,-1,true,unknown
descending,1000000,1,laddersort_hybrid,main,1,0.007528,1001,-1,-1,-1,true,unknown
descending,1000000,2,laddersort_hybrid,main,2,0.007702,1001,-1,-1,-1,true,unknown
descending,1000000,3,laddersort_hybrid,main,3,0.007554,1001,-1,-1,-1,true,unknown
descending,1000000,4,laddersort_hybrid,main,4,0.007715,1001,-1,-1,-1,true,unknown
descending,1000000,5,laddersort_hybrid,main,5,0.007576,1001,-1,-1,-1,true,unknown
descending,1000000,6,laddersort_hybrid,main,6,0.008154,1001,-1,-1,-1,true,unknown
descending,1000000,7,laddersort_hybrid,main,7,0.007611,1001,-1,-1,-1,true,unknown
descending,1000000,8,laddersort_hybrid,main,8,0.007741,1001,-1,-1,-1,true,unknown
descending,1000000,9,laddersort_hybrid,main,9,0.007531,1001,-1,-1,-1,true,unknown
descending,1000000,10,laddersort_hybrid,main,10,0.007671,1001,-1,-1,-1,true,unknown
descending,1000000,1,timsort,main,1,0.000301,-1,-1,-1,-1,true,unknown
descending,1000000,2,timsort,main,2,0.000301,-1,-1,-1,-1,true,unknown
descending,1000000,3,timsort,main,3,0.000302,-1,-1,-1,-1,true,unknown
descending,1000000,4,timsort,main,4,0.000312,-1,-1,-1,-1,true,unknown
descending,1000000,5,timsort,main,5,0.000305,-1,-1,-1,-1,true,unknown
descending,1000000,6,timsort,main,6,0.000313,-1,-1,-1,-1,true,unknown
descending,1000000,7,timsort,main,7,0.000309,-1,-1,-1,-1,true,unknown
descending,1000000,8,timsort,main,8,0.000299,-1,-1,-1,-1,true,unknown
descending,1000000,9,timsort,main,9,0.000319,-1,-1,-1,-1,true,unknown
descending,1000000,10,timsort,main,10,0.000314,-1,-1,-1,-1,true,unknown
descending,1000000,1,std_sort,main,1,0.007478,-1,-1,-1,-1,true,unknown
descending,1000000,2,std_sort,main,2,0.007506,-1,-1,-1,-1,true,unknown
descending,1000000,3,std_sort,main,3,0.007576,-1,-1,-1,-1,true,unknown
descending,1000000,4,std_sort,main,4,0.007375,-1,-1,-1,-1,true,unknown
descending,1000000,5,std_sort,main,5,0.00757,-1,-1,-1,-1,true,unknown
descending,1000000,6,std_sort,main,6,0.007374,-1,-1,-1,-1,true,unknown
descending,1000000,7,std_sort,main,7,0.0076,-1,-1,-1,-1,true,unknown
descending,1000000,8,std_sort,main,8,0.007395,-1,-1,-1,-1,true,unknown
descending,1000000,9,std_sort,main,9,0.007609,-1,-1,-1,-1,true,unknown
descending,1000000,10,std_sort,main,10,0.007523,-1,-1,-1,-1,true,unknown
descending,1000000,1,std_stable_sort,main,1,0.0088,-1,-1,-1,-1,true,unknown
descending,1000000,2,std_stable_sort,main,2,0.008886,-1,-1,-1,-1,true,unknown
descending,1000000,3,std_stable_sort,main,3,0.00906,-1,-1,-1,-1,true,unknown
descending,1000000,4,std_stable_sort,main,4,0.008856,-1,-1,-1,-1,true,unknown
descending,1000000,5,std_stable_sort,main,5,0.009486,-1,-1,-1,-1,true,unknown
descending,1000000,6,std_stable_sort,main,6,0.009024,-1,-1,-1,-1,true,unknown
descending,1000000,7,std_stable_sort,main,7,0.008923,-1,-1,-1,-1,true,unknown
descending,1000000,8,std_stable_sort,main,8,0.009147,-1,-1,-1,-1,true,unknown
descending,1000000,9,std_stable_sort,main,9,0.008942,-1,-1,-1,-1,true,unknown
descending,1000000,10,std_stable_sort,main,10,0.009144,-1,-1,-1,-1,true,unknown
descending,1000000,1,quicksort,main,1,0.013347,-1,-1,-1,-1,true,unknown
descending,1000000,2,quicksort,main,2,0.013207,-1,-1,-1,-1,true,unknown
descending,1000000,3,quicksort,main,3,0.013443,-1,-1,-1,-1,true,unknown
descending,1000000,4,quicksort,main,4,0.01337,-1,-1,-1,-1,true,unknown
descending,1000000,5,quicksort,main,5,0.013338,-1,-1,-1,-1,true,unknown
descending,1000000,6,quicksort,main,6,0.013495,-1,-1,-1,-1,true,unknown
descending,1000000,7,quicksort,main,7,0.013302,-1,-1,-1,-1,true,unknown
descending,1000000,8,quicksort,main,8,0.013833,-1,-1,-1,-1,true,unknown
descending,1000000,9,quicksort,main,9,0.013661,-1,-1,-1,-1,true,unknown
descending,1000000,10,quicksort,main,10,0.013675,-1,-1,-1,-1,true,unknown
descending,1000000,1,mergesort,main,1,0.010691,-1,-1,-1,-1,true,unknown
descending,1000000,2,mergesort,main,2,0.010476,-1,-1,-1,-1,true,unknown
descending,1000000,3,mergesort,main,3,0.010335,-1,-1,-1,-1,true,unknown
descending,1000000,4,mergesort,main,4,0.010176,-1,-1,-1,-1,true,unknown
descending,1000000,5,mergesort,main,5,0.01004,-1,-1,-1,-1,true,unknown
descending,1000000,6,mergesort,main,6,0.010208,-1,-1,-1,-1,true,unknown
descending,1000000,7,mergesort,main,7,0.010156,-1,-1,-1,-1,true,unknown
descending,1000000,8,mergesort,main,8,0.010063,-1,-1,-1,-1,true,unknown
descending,1000000,9,mergesort,main,9,0.010241,-1,-1,-1,-1,true,unknown
descending,1000000,10,mergesort,main,10,0.010133,-1,-1,-1,-1,true,unknown
descending,10000000,1,laddersort_raw,main,1,0.819802,10000000,-1,-1,-1,true,unknown
descending,10000000,2,laddersort_raw,main,2,0.845583,10000000,-1,-1,-1,true,unknown
descending,10000000,3,laddersort_raw,main,3,0.78151,10000000,-1,-1,-1,true,unknown
descending,10000000,4,laddersort_raw,main,4,0.780965,10000000,-1,-1,-1,true,unknown
descending,10000000,5,laddersort_raw,main,5,0.780568,10000000,-1,-1,-1,true,unknown
descending,10000000,6,laddersort_raw,main,6,0.774848,10000000,-1,-1,-1,true,unknown
descending,10000000,7,laddersort_raw,main,7,0.775785,10000000,-1,-1,-1,true,unknown
descending,10000000,8,laddersort_raw,main,8,0.810449,10000000,-1,-1,-1,true,unknown
descending,10000000,9,laddersort_raw,main,9,0.787864,10000000,-1,-1,-1,true,unknown
descending,10000000,10,laddersort_raw,main,10,0.776222,10000000,-1,-1,-1,true,unknown
descending,10000000,1,laddersort_hybrid,main,1,0.090024,3164,-1,-1,-1,true,unknown
descending,10000000,2,laddersort_hybrid,main,2,0.090198,3164,-1,-1,-1,true,unknown
descending,10000000,3,laddersort_hybrid,main,3,0.09121,3164,-1,-1,-1,true,unknown
descending,10000000,4,laddersort_hybrid,main,4,0.091463,3164,-1,-1,-1,true,unknown
descending,10000000,5,laddersort_hybrid,main,5,0.090944,3164,-1,-1,-1,true,unknown
descending,10000000,6,laddersort_hybrid,main,6,0.0915,3164,-1,-1,-1,true,unknown
descending,10000000,7,laddersort_hybrid,main,7,0.091224,3164,-1,-1,-1,true,unknown
descending,10000000,8,laddersort_hybrid,main,8,0.091384,3164,-1,-1,-1,true,unknown
descending,10000000,9,laddersort_hybrid,main,9,0.091556,3164,-1,-1,-1,true,unknown
descending,10000000,10,laddersort_hybrid,main,10,0.091211,3164,-1,-1,-1,true,unknown
descending,10000000,1,timsort,main,1,0.003388,-1,-1,-1,-1,true,unknown
descending,10000000,2,timsort,main,2,0.003822,-1,-1,-1,-1,true,unknown
descending,10000000,3,timsort,main,3,0.003525,-1,-1,-1,-1,true,unknown
descending,10000000,4,timsort,main,4,0.003703,-1,-1,-1,-1,true,unknown
descending,10000000,5,timsort,main,5,0.003592,-1,-1,-1,-1,true,unknown
descending,10000000,6,timsort,main,6,0.004173,-1,-1,-1,-1,true,unknown
descending,10000000,7,timsort,main,7,0.003376,-1,-1,-1,-1,true,unknown
descending,10000000,8,timsort,main,8,0.003475,-1,-1,-1,-1,true,unknown
descending,10000000,9,timsort,main,9,0.003386,-1,-1,-1,-1,true,unknown
descending,10000000,10,timsort,main,10,0.003523,-1,-1,-1,-1,true,unknown
descending,10000000,1,std_sort,main,1,0.089808,-1,-1,-1,-1,true,unknown
descending,10000000,2,std_sort,main,2,0.088364,-1,-1,-1,-1,true,unknown
descending,10000000,3,std_sort,main,3,0.089092,-1,-1,-1,-1,true,unknown
descending,10000000,4,std_sort,main,4,0.089728,-1,-1,-1,-1,true,unknown
descending,10000000,5,std_sort,main,5,0.089803,-1,-1,-1,-1,true,unknown
descending,10000000,6,std_sort,main,6,0.089551,-1,-1,-1,-1,true,unknown
descending,10000000,7,std_sort,main,7,0.089883,-1,-1,-1,-1,true,unknown
descending,10000000,8,std_sort,main,8,0.089784,-1,-1,-1,-1,true,unknown
descending,10000000,9,std_sort,main,9,0.089638,-1,-1,-1,-1,true,unknown
descending,10000000,10,std_sort,main,10,0.090647,-1,-1,-1,-1,true,unknown
descending,10000000,1,std_stable_sort,main,1,0.101964,-1,-1,-1,-1,true,unknown
descending,10000000,2,std_stable_sort,main,2,0.102348,-1,-1,-1,-1,true,unknown
descending,10000000,3,std_stable_sort,main,3,0.104597,-1,-1,-1,-1,true,unknown
descending,10000000,4,std_stable_sort,main,4,0.103602,-1,-1,-1,-1,true,unknown
descending,10000000,5,std_stable_sort,main,5,0.103419,-1,-1,-1,-1,true,unknown
descending,10000000,6,std_stable_sort,main,6,0.103325,-1,-1,-1,-1,true,unknown
descending,10000000,7,std_stable_sort,main,7,0.103752,-1,-1,-1,-1,true,unknown
descending,10000000,8,std_stable_sort,main,8,0.103311,-1,-1,-1,-1,true,unknown
descending,10000000,9,std_stable_sort,main,9,0.103324,-1,-1,-1,-1,true,unknown
descending,10000000,10,std_stable_sort,main,10,0.103329,-1,-1,-1,-1,true,unknown
descending,10000000,1,quicksort,main,1,0.14198,-1,-1,-1,-1,true,unknown
descending,10000000,2,quicksort,main,2,0.141918,-1,-1,-1,-1,true,unknown
descending,10000000,3,quicksort,main,3,0.143001,-1,-1,-1,-1,true,unknown
descending,10000000,4,quicksort,main,4,0.142757,-1,-1,-1,-1,true,unknown
descending,10000000,5,quicksort,main,5,0.142331,-1,-1,-1,-1,true,unknown
descending,10000000,6,quicksort,main,6,0.142888,-1,-1,-1,-1,true,unknown
descending,10000000,7,quicksort,main,7,0.142883,-1,-1,-1,-1,true,unknown
descending,10000000,8,quicksort,main,8,0.141997,-1,-1,-1,-1,true,unknown
descending,10000000,9,quicksort,main,9,0.142448,-1,-1,-1,-1,true,unknown
descending,10000000,10,quicksort,main,10,0.142398,-1,-1,-1,-1,true,unknown
descending,10000000,1,mergesort,main,1,0.11046,-1,-1,-1,-1,true,unknown
descending,10000000,2,mergesort,main,2,0.110197,-1,-1,-1,-1,true,unknown
descending,10000000,3,mergesort,main,3,0.138971,-1,-1,-1,-1,true,unknown
descending,10000000,4,mergesort,main,4,0.111417,-1,-1,-1,-1,true,unknown
descending,10000000,5,mergesort,main,5,0.111153,-1,-1,-1,-1,true,unknown
descending,10000000,6,mergesort,main,6,0.110994,-1,-1,-1,-1,true,unknown
descending,10000000,7,mergesort,main,7,0.11105,-1,-1,-1,-1,true,unknown
descending,10000000,8,mergesort,main,8,0.111202,-1,-1,-1,-1,true,unknown
descending,10000000,9,mergesort,main,9,0.111464,-1,-1,-1,-1,true,unknown
descending,10000000,10,mergesort,main,10,0.110926,-1,-1,-1,-1,true,unknown
descending,100000000,1,laddersort_raw,main,1,14.932,100000000,-1,-1,-1,true,unknown
descending,100000000,2,laddersort_raw,main,2,13.8285,100000000,-1,-1,-1,true,unknown
descending,100000000,3,laddersort_raw,main,3,15.1641,100000000,-1,-1,-1,true,unknown
descending,100000000,4,laddersort_raw,main,4,14.6064,100000000,-1,-1,-1,true,unknown
descending,100000000,5,laddersort_raw,main,5,14.1621,100000000,-1,-1,-1,true,unknown
descending,100000000,6,laddersort_raw,main,6,14.8506,100000000,-1,-1,-1,true,unknown
descending,100000000,7,laddersort_raw,main,7,16.1579,100000000,-1,-1,-1,true,unknown
descending,100000000,8,laddersort_raw,main,8,14.6228,100000000,-1,-1,-1,true,unknown
descending,100000000,9,laddersort_raw,main,9,14.6857,100000000,-1,-1,-1,true,unknown
descending,100000000,10,laddersort_raw,main,10,14.5633,100000000,-1,-1,-1,true,unknown
descending,100000000,1,laddersort_hybrid,main,1,0.978921,10001,-1,-1,-1,true,unknown
descending,100000000,2,laddersort_hybrid,main,2,0.993782,10001,-1,-1,-1,true,unknown
descending,100000000,3,laddersort_hybrid,main,3,0.985474,10001,-1,-1,-1,true,unknown
descending,100000000,4,laddersort_hybrid,main,4,1.0236,10001,-1,-1,-1,true,unknown
descending,100000000,5,laddersort_hybrid,main,5,0.984928,10001,-1,-1,-1,true,unknown
descending,100000000,6,laddersort_hybrid,main,6,1.01019,10001,-1,-1,-1,true,unknown
descending,100000000,7,laddersort_hybrid,main,7,0.982907,10001,-1,-1,-1,true,unknown
descending,100000000,8,laddersort_hybrid,main,8,0.981661,10001,-1,-1,-1,true,unknown
descending,100000000,9,laddersort_hybrid,main,9,0.983496,10001,-1,-1,-1,true,unknown
descending,100000000,10,laddersort_hybrid,main,10,0.981466,10001,-1,-1,-1,true,unknown
descending,100000000,1,timsort,main,1,0.034872,-1,-1,-1,-1,true,unknown
descending,100000000,2,timsort,main,2,0.035009,-1,-1,-1,-1,true,unknown
descending,100000000,3,timsort,main,3,0.03768,-1,-1,-1,-1,true,unknown
descending,100000000,4,timsort,main,4,0.065544,-1,-1,-1,-1,true,unknown
descending,100000000,5,timsort,main,5,0.035928,-1,-1,-1,-1,true,unknown
descending,100000000,6,timsort,main,6,0.035948,-1,-1,-1,-1,true,unknown
descending,100000000,7,timsort,main,7,0.036901,-1,-1,-1,-1,true,unknown
descending,100000000,8,timsort,main,8,0.039842,-1,-1,-1,-1,true,unknown
descending,100000000,9,timsort,main,9,0.035306,-1,-1,-1,-1,true,unknown
descending,100000000,10,timsort,main,10,0.035512,-1,-1,-1,-1,true,unknown
descending,100000000,1,std_sort,main,1,0.969622,-1,-1,-1,-1,true,unknown
descending,100000000,2,std_sort,main,2,0.974232,-1,-1,-1,-1,true,unknown
descending,100000000,3,std_sort,main,3,0.972437,-1,-1,-1,-1,true,unknown
descending,100000000,4,std_sort,main,4,0.970198,-1,-1,-1,-1,true,unknown
descending,100000000,5,std_sort,main,5,0.969067,-1,-1,-1,-1,true,unknown
descending,100000000,6,std_sort,main,6,0.969326,-1,-1,-1,-1,true,unknown
descending,100000000,7,std_sort,main,7,0.969528,-1,-1,-1,-1,true,unknown
descending,100000000,8,std_sort,main,8,1.00023,-1,-1,-1,-1,true,unknown
descending,100000000,9,std_sort,main,9,0.973471,-1,-1,-1,-1,true,unknown
descending,100000000,10,std_sort,main,10,0.969385,-1,-1,-1,-1,true,unknown
descending,100000000,1,std_stable_sort,main,1,1.1339,-1,-1,-1,-1,true,unknown
descending,100000000,2,std_stable_sort,main,2,1.13625,-1,-1,-1,-1,true,unknown
descending,100000000,3,std_stable_sort,main,3,1.13052,-1,-1,-1,-1,true,unknown
descending,100000000,4,std_stable_sort,main,4,1.13028,-1,-1,-1,-1,true,unknown
descending,100000000,5,std_stable_sort,main,5,1.13341,-1,-1,-1,-1,true,unknown
descending,100000000,6,std_stable_sort,main,6,1.13306,-1,-1,-1,-1,true,unknown
descending,100000000,7,std_stable_sort,main,7,1.16371,-1,-1,-1,-1,true,unknown
descending,100000000,8,std_stable_sort,main,8,1.13072,-1,-1,-1,-1,true,unknown
descending,100000000,9,std_stable_sort,main,9,1.13331,-1,-1,-1,-1,true,unknown
descending,100000000,10,std_stable_sort,main,10,1.13302,-1,-1,-1,-1,true,unknown
descending,100000000,1,quicksort,main,1,1.59103,-1,-1,-1,-1,true,unknown
descending,100000000,2,quicksort,main,2,1.59837,-1,-1,-1,-1,true,unknown
descending,100000000,3,quicksort,main,3,1.59938,-1,-1,-1,-1,true,unknown
descending,100000000,4,quicksort,main,4,1.59789,-1,-1,-1,-1,true,unknown
descending,100000000,5,quicksort,main,5,1.63195,-1,-1,-1,-1,true,unknown
descending,100000000,6,quicksort,main,6,1.59661,-1,-1,-1,-1,true,unknown
descending,100000000,7,quicksort,main,7,1.5967,-1,-1,-1,-1,true,unknown
descending,100000000,8,quicksort,main,8,1.59811,-1,-1,-1,-1,true,unknown
descending,100000000,9,quicksort,main,9,1.60892,-1,-1,-1,-1,true,unknown
descending,100000000,10,quicksort,main,10,1.61733,-1,-1,-1,-1,true,unknown
descending,100000000,1,mergesort,main,1,1.24758,-1,-1,-1,-1,true,unknown
descending,100000000,2,mergesort,main,2,1.28009,-1,-1,-1,-1,true,unknown
descending,100000000,3,mergesort,main,3,1.2959,-1,-1,-1,-1,true,unknown
descending,100000000,4,mergesort,main,4,1.26232,-1,-1,-1,-1,true,unknown
descending,100000000,5,mergesort,main,5,1.26039,-1,-1,-1,-1,true,unknown
descending,100000000,6,mergesort,main,6,1.26066,-1,-1,-1,-1,true,unknown
descending,100000000,7,mergesort,main,7,1.26528,-1,-1,-1,-1,true,unknown
descending,100000000,8,mergesort,main,8,1.26046,-1,-1,-1,-1,true,unknown
descending,100000000,9,mergesort,main,9,1.25992,-1,-1,-1,-1,true,unknown
descending,100000000,10,mergesort,main,10,1.26222,-1,-1,-1,-1,true,unknown
band_limited,1000000,1,laddersort_raw,main,1,0.022574,15,-1,-1,-1,true,unknown
band_limited,1000000,2,laddersort_raw,main,2,0.020744,15,-1,-1,-1,true,unknown
band_limited,1000000,3,laddersort_raw,main,3,0.020634,15,-1,-1,-1,true,unknown
band_limited,1000000,4,laddersort_raw,main,4,0.02199,14,-1,-1,-1,true,unknown
band_limited,1000000,5,laddersort_raw,main,5,0.021787,15,-1,-1,-1,true,unknown
band_limited,1000000,6,laddersort_raw,main,6,0.020326,15,-1,-1,-1,true,unknown
band_limited,1000000,7,laddersort_raw,main,7,0.021563,16,-1,-1,-1,true,unknown
band_limited,1000000,8,laddersort_raw,main,8,0.019915,15,-1,-1,-1,true,unknown
band_limited,1000000,9,laddersort_raw,main,9,0.019197,14,-1,-1,-1,true,unknown
band_limited,1000000,10,laddersort_raw,main,10,0.0201,15,-1,-1,-1,true,unknown
band_limited,1000000,1,laddersort_hybrid,main,1,0.022596,15,-1,-1,-1,true,unknown
band_limited,1000000,2,laddersort_hybrid,main,2,0.020017,15,-1,-1,-1,true,unknown
band_limited,1000000,3,laddersort_hybrid,main,3,0.020193,15,-1,-1,-1,true,unknown
band_limited,1000000,4,laddersort_hybrid,main,4,0.021845,14,-1,-1,-1,true,unknown
band_limited,1000000,5,laddersort_hybrid,main,5,0.022827,15,-1,-1,-1,true,unknown
band_limited,1000000,6,laddersort_hybrid,main,6,0.020636,15,-1,-1,-1,true,unknown
band_limited,1000000,7,laddersort_hybrid,main,7,0.021395,16,-1,-1,-1,true,unknown
band_limited,1000000,8,laddersort_hybrid,main,8,0.020071,15,-1,-1,-1,true,unknown
band_limited,1000000,9,laddersort_hybrid,main,9,0.019497,14,-1,-1,-1,true,unknown
band_limited,1000000,10,laddersort_hybrid,main,10,0.020054,15,-1,-1,-1,true,unknown
band_limited,1000000,1,timsort,main,1,0.026483,-1,-1,-1,-1,true,unknown
band_limited,1000000,2,timsort,main,2,0.026143,-1,-1,-1,-1,true,unknown
band_limited,1000000,3,timsort,main,3,0.025867,-1,-1,-1,-1,true,unknown
band_limited,1000000,4,timsort,main,4,0.026886,-1,-1,-1,-1,true,unknown
band_limited,1000000,5,timsort,main,5,0.025894,-1,-1,-1,-1,true,unknown
band_limited,1000000,6,timsort,main,6,0.025823,-1,-1,-1,-1,true,unknown
band_limited,1000000,7,timsort,main,7,0.025937,-1,-1,-1,-1,true,unknown
band_limited,1000000,8,timsort,main,8,0.052313,-1,-1,-1,-1,true,unknown
band_limited,1000000,9,timsort,main,9,0.026011,-1,-1,-1,-1,true,unknown
band_limited,1000000,10,timsort,main,10,0.02618,-1,-1,-1,-1,true,unknown
band_limited,1000000,1,std_sort,main,1,0.021422,-1,-1,-1,-1,true,unknown
band_limited,1000000,2,std_sort,main,2,0.020812,-1,-1,-1,-1,true,unknown
band_limited,1000000,3,std_sort,main,3,0.02078,-1,-1,-1,-1,true,unknown
band_limited,1000000,4,std_sort,main,4,0.020789,-1,-1,-1,-1,true,unknown
band_limited,1000000,5,std_sort,main,5,0.021585,-1,-1,-1,-1,true,unknown
band_limited,1000000,6,std_sort,main,6,0.020947,-1,-1,-1,-1,true,unknown
band_limited,1000000,7,std_sort,main,7,0.020617,-1,-1,-1,-1,true,unknown
band_limited,1000000,8,std_sort,main,8,0.020753,-1,-1,-1,-1,true,unknown
band_limited,1000000,9,std_sort,main,9,0.020868,-1,-1,-1,-1,true,unknown
band_limited,1000000,10,std_sort,main,10,0.020892,-1,-1,-1,-1,true,unknown
band_limited,1000000,1,std_stable_sort,main,1,0.019598,-1,-1,-1,-1,true,unknown
band_limited,1000000,2,std_stable_sort,main,2,0.01946,-1,-1,-1,-1,true,unknown
band_limited,1000000,3,std_stable_sort,main,3,0.019686,-1,-1,-1,-1,true,unknown
band_limited,1000000,4,std_stable_sort,main,4,0.019473,-1,-1,-1,-1,true,unknown
band_limited,1000000,5,std_stable_sort,main,5,0.020384,-1,-1,-1,-1,true,unknown
band_limited,1000000,6,std_stable_sort,main,6,0.019459,-1,-1,-1,-1,true,unknown
band_limited,1000000,7,std_stable_sort,main,7,0.019639,-1,-1,-1,-1,true,unknown
band_limited,1000000,8,std_stable_sort,main,8,0.019595,-1,-1,-1,-1,true,unknown
band_limited,1000000,9,std_stable_sort,main,9,0.019401,-1,-1,-1,-1,true,unknown
band_limited,1000000,10,std_stable_sort,main,10,0.019319,-1,-1,-1,-1,true,unknown
band_limited,1000000,1,quicksort,main,1,0.028152,-1,-1,-1,-1,true,unknown
band_limited,1000000,2,quicksort,main,2,0.027756,-1,-1,-1,-1,true,unknown
band_limited,1000000,3,quicksort,main,3,0.028891,-1,-1,-1,-1,true,unknown
band_limited,1000000,4,quicksort,main,4,0.028745,-1,-1,-1,-1,true,unknown
band_limited,1000000,5,quicksort,main,5,0.028021,-1,-1,-1,-1,true,unknown
band_limited,1000000,6,quicksort,main,6,0.02796,-1,-1,-1,-1,true,unknown
band_limited,1000000,7,quicksort,main,7,0.027924,-1,-1,-1,-1,true,unknown
band_limited,1000000,8,quicksort,main,8,0.029253,-1,-1,-1,-1,true,unknown
band_limited,1000000,9,quicksort,main,9,0.027852,-1,-1,-1,-1,true,unknown
band_limited,1000000,10,quicksort,main,10,0.028066,-1,-1,-1,-1,true,unknown
band_limited,1000000,1,mergesort,main,1,0.024799,-1,-1,-1,-1,true,unknown
band_limited,1000000,2,mergesort,main,2,0.024892,-1,-1,-1,-1,true,unknown
band_limited,1000000,3,mergesort,main,3,0.025025,-1,-1,-1,-1,true,unknown
band_limited,1000000,4,mergesort,main,4,0.025525,-1,-1,-1,-1,true,unknown
band_limited,1000000,5,mergesort,main,5,0.025438,-1,-1,-1,-1,true,unknown
band_limited,1000000,6,mergesort,main,6,0.024649,-1,-1,-1,-1,true,unknown
band_limited,1000000,7,mergesort,main,7,0.024693,-1,-1,-1,-1,true,unknown
band_limited,1000000,8,mergesort,main,8,0.024665,-1,-1,-1,-1,true,unknown
band_limited,1000000,9,mergesort,main,9,0.02518,-1,-1,-1,-1,true,unknown
band_limited,1000000,10,mergesort,main,10,0.025681,-1,-1,-1,-1,true,unknown
band_limited,10000000,1,laddersort_raw,main,1,0.212136,16,-1,-1,-1,true,unknown
band_limited,10000000,2,laddersort_raw,main,2,0.209025,17,-1,-1,-1,true,unknown
band_limited,10000000,3,laddersort_raw,main,3,0.235111,16,-1,-1,-1,true,unknown
band_limited,10000000,4,laddersort_raw,main,4,0.198071,15,-1,-1,-1,true,unknown
band_limited,10000000,5,laddersort_raw,main,5,0.208168,16,-1,-1,-1,true,unknown
band_limited,10000000,6,laddersort_raw,main,6,0.21726,16,-1,-1,-1,true,unknown
band_limited,10000000,7,laddersort_raw,main,7,0.211149,16,-1,-1,-1,true,unknown
band_limited,10000000,8,laddersort_raw,main,8,0.204699,16,-1,-1,-1,true,unknown
band_limited,10000000,9,laddersort_raw,main,9,0.197584,15,-1,-1,-1,true,unknown
band_limited,10000000,10,laddersort_raw,main,10,0.205252,16,-1,-1,-1,true,unknown
band_limited,10000000,1,laddersort_hybrid,main,1,0.211403,16,-1,-1,-1,true,unknown
band_limited,10000000,2,laddersort_hybrid,main,2,0.21068,17,-1,-1,-1,true,unknown
band_limited,10000000,3,laddersort_hybrid,main,3,0.206634,16,-1,-1,-1,true,unknown
band_limited,10000000,4,laddersort_hybrid,main,4,0.195253,15,-1,-1,-1,true,unknown
band_limited,10000000,5,laddersort_hybrid,main,5,0.208692,16,-1,-1,-1,true,unknown
band_limited,10000000,6,laddersort_hybrid,main,6,0.215358,16,-1,-1,-1,true,unknown
band_limited,10000000,7,laddersort_hybrid,main,7,0.212231,16,-1,-1,-1,true,unknown
band_limited,10000000,8,laddersort_hybrid,main,8,0.202507,16,-1,-1,-1,true,unknown
band_limited,10000000,9,laddersort_hybrid,main,9,0.197381,15,-1,-1,-1,true,unknown
band_limited,10000000,10,laddersort_hybrid,main,10,0.233128,16,-1,-1,-1,true,unknown
band_limited,10000000,1,timsort,main,1,0.249431,-1,-1,-1,-1,true,unknown
band_limited,10000000,2,timsort,main,2,0.252226,-1,-1,-1,-1,true,unknown
band_limited,10000000,3,timsort,main,3,0.250118,-1,-1,-1,-1,true,unknown
band_limited,10000000,4,timsort,main,4,0.259419,-1,-1,-1,-1,true,unknown
band_limited,10000000,5,timsort,main,5,0.275287,-1,-1,-1,-1,true,unknown
band_limited,10000000,6,timsort,main,6,0.251793,-1,-1,-1,-1,true,unknown
band_limited,10000000,7,timsort,main,7,0.250411,-1,-1,-1,-1,true,unknown
band_limited,10000000,8,timsort,main,8,0.251376,-1,-1,-1,-1,true,unknown
band_limited,10000000,9,timsort,main,9,0.251104,-1,-1,-1,-1,true,unknown
band_limited,10000000,10,timsort,main,10,0.251741,-1,-1,-1,-1,true,unknown
band_limited,10000000,1,std_sort,main,1,0.217488,-1,-1,-1,-1,true,unknown
band_limited,10000000,2,std_sort,main,2,0.218653,-1,-1,-1,-1,true,unknown
band_limited,10000000,3,std_sort,main,3,0.237498,-1,-1,-1,-1,true,unknown
band_limited,10000000,4,std_sort,main,4,0.221272,-1,-1,-1,-1,true,unknown
band_limited,10000000,5,std_sort,main,5,0.225068,-1,-1,-1,-1,true,unknown
band_limited,10000000,6,std_sort,main,6,0.218625,-1,-1,-1,-1,true,unknown
band_limited,10000000,7,std_sort,main,7,0.217043,-1,-1,-1,-1,true,unknown
band_limited,10000000,8,std_sort,main,8,0.217122,-1,-1,-1,-1,true,unknown
band_limited,10000000,9,std_sort,main,9,0.216984,-1,-1,-1,-1,true,unknown
band_limited,10000000,10,std_sort,main,10,0.217325,-1,-1,-1,-1,true,unknown
band_limited,10000000,1,std_stable_sort,main,1,0.201376,-1,-1,-1,-1,true,unknown
band_limited,10000000,2,std_stable_sort,main,2,0.202895,-1,-1,-1,-1,true,unknown
band_limited,10000000,3,std_stable_sort,main,3,0.201792,-1,-1,-1,-1,true,unknown
band_limited,10000000,4,std_stable_sort,main,4,0.201874,-1,-1,-1,-1,true,unknown
band_limited,10000000,5,std_stable_sort,main,5,0.20179,-1,-1,-1,-1,true,unknown
band_limited,10000000,6,std_stable_sort,main,6,0.201602,-1,-1,-1,-1,true,unknown
band_limited,10000000,7,std_stable_sort,main,7,0.201763,-1,-1,-1,-1,true,unknown
band_limited,10000000,8,std_stable_sort,main,8,0.202306,-1,-1,-1,-1,true,unknown
band_limited,10000000,9,std_stable_sort,main,9,0.201984,-1,-1,-1,-1,true,unknown
band_limited,10000000,10,std_stable_sort,main,10,0.202317,-1,-1,-1,-1,true,unknown
band_limited,10000000,1,quicksort,main,1,0.300384,-1,-1,-1,-1,true,unknown
band_limited,10000000,2,quicksort,main,2,0.29826,-1,-1,-1,-1,true,unknown
band_limited,10000000,3,quicksort,main,3,0.298458,-1,-1,-1,-1,true,unknown
band_limited,10000000,4,quicksort,main,4,0.302288,-1,-1,-1,-1,true,unknown
band_limited,10000000,5,quicksort,main,5,0.335953,-1,-1,-1,-1,true,unknown
band_limited,10000000,6,quicksort,main,6,0.298973,-1,-1,-1,-1,true,unknown
band_limited,10000000,7,quicksort,main,7,0.298542,-1,-1,-1,-1,true,unknown
band_limited,10000000,8,quicksort,main,8,0.298462,-1,-1,-1,-1,true,unknown
band_limited,10000000,9,quicksort,main,9,0.298682,-1,-1,-1,-1,true,unknown
band_limited,10000000,10,quicksort,main,10,0.297812,-1,-1,-1,-1,true,unknown
band_limited,10000000,1,mergesort,main,1,0.241963,-1,-1,-1,-1,true,unknown
band_limited,10000000,2,mergesort,main,2,0.240793,-1,-1,-1,-1,true,unknown
band_limited,10000000,3,mergesort,main,3,0.24217,-1,-1,-1,-1,true,unknown
band_limited,10000000,4,mergesort,main,4,0.240629,-1,-1,-1,-1,true,unknown
band_limited,10000000,5,mergesort,main,5,0.240778,-1,-1,-1,-1,true,unknown
band_limited,10000000,6,mergesort,main,6,0.241017,-1,-1,-1,-1,true,unknown
band_limited,10000000,7,mergesort,main,7,0.239889,-1,-1,-1,-1,true,unknown
band_limited,10000000,8,mergesort,main,8,0.276024,-1,-1,-1,-1,true,unknown
band_limited,10000000,9,mergesort,main,9,0.241308,-1,-1,-1,-1,true,unknown
band_limited,10000000,10,mergesort,main,10,0.240666,-1,-1,-1,-1,true,unknown
band_limited,100000000,1,laddersort_raw,main,1,2.29276,17,-1,-1,-1,true,unknown
band_limited,100000000,2,laddersort_raw,main,2,2.06483,17,-1,-1,-1,true,unknown
band_limited,100000000,3,laddersort_raw,main,3,2.04663,16,-1,-1,-1,true,unknown
band_limited,100000000,4,laddersort_raw,main,4,2.20926,17,-1,-1,-1,true,unknown
band_limited,100000000,5,laddersort_raw,main,5,2.07321,16,-1,-1,-1,true,unknown
band_limited,100000000,6,laddersort_raw,main,6,1.91049,17,-1,-1,-1,true,unknown
band_limited,100000000,7,laddersort_raw,main,7,2.01437,17,-1,-1,-1,true,unknown
band_limited,100000000,8,laddersort_raw,main,8,2.03923,16,-1,-1,-1,true,unknown
band_limited,100000000,9,laddersort_raw,main,9,2.13377,16,-1,-1,-1,true,unknown
band_limited,100000000,10,laddersort_raw,main,10,2.05509,17,-1,-1,-1,true,unknown
band_limited,100000000,1,laddersort_hybrid,main,1,2.21155,17,-1,-1,-1,true,unknown
band_limited,100000000,2,laddersort_hybrid,main,2,2.07543,17,-1,-1,-1,true,unknown
band_limited,100000000,3,laddersort_hybrid,main,3,2.05027,16,-1,-1,-1,true,unknown
band_limited,100000000,4,laddersort_hybrid,main,4,2.20835,17,-1,-1,-1,true,unknown
band_limited,100000000,5,laddersort_hybrid,main,5,2.09986,16,-1,-1,-1,true,unknown
band_limited,100000000,6,laddersort_hybrid,main,6,1.90045,17,-1,-1,-1,true,unknown
band_limited,100000000,7,laddersort_hybrid,main,7,2.02134,17,-1,-1,-1,true,unknown
band_limited,100000000,8,laddersort_hybrid,main,8,2.09644,16,-1,-1,-1,true,unknown
band_limited,100000000,9,laddersort_hybrid,main,9,2.28759,16,-1,-1,-1,true,unknown
band_limited,100000000,10,laddersort_hybrid,main,10,2.06264,17,-1,-1,-1,true,unknown
band_limited,100000000,1,timsort,main,1,2.48797,-1,-1,-1,-1,true,unknown
band_limited,100000000,2,timsort,main,2,2.49771,-1,-1,-1,-1,true,unknown
band_limited,100000000,3,timsort,main,3,2.50335,-1,-1,-1,-1,true,unknown
band_limited,100000000,4,timsort,main,4,2.53194,-1,-1,-1,-1,true,unknown
band_limited,100000000,5,timsort,main,5,2.49454,-1,-1,-1,-1,true,unknown
band_limited,100000000,6,timsort,main,6,2.48511,-1,-1,-1,-1,true,unknown
band_limited,100000000,7,timsort,main,7,2.4884,-1,-1,-1,-1,true,unknown
band_limited,100000000,8,timsort,main,8,2.51384,-1,-1,-1,-1,true,unknown
band_limited,100000000,9,timsort,main,9,2.52019,-1,-1,-1,-1,true,unknown
band_limited,100000000,10,timsort,main,10,2.50905,-1,-1,-1,-1,true,unknown
band_limited,100000000,1,std_sort,main,1,2.26593,-1,-1,-1,-1,true,unknown
band_limited,100000000,2,std_sort,main,2,2.26287,-1,-1,-1,-1,true,unknown
band_limited,100000000,3,std_sort,main,3,2.26162,-1,-1,-1,-1,true,unknown
band_limited,100000000,4,std_sort,main,4,2.2533,-1,-1,-1,-1,true,unknown
band_limited,100000000,5,std_sort,main,5,2.24776,-1,-1,-1,-1,true,unknown
band_limited,100000000,6,std_sort,main,6,2.24804,-1,-1,-1,-1,true,unknown
band_limited,100000000,7,std_sort,main,7,2.25543,-1,-1,-1,-1,true,unknown
band_limited,100000000,8,std_sort,main,8,2.2948,-1,-1,-1,-1,true,unknown
band_limited,100000000,9,std_sort,main,9,2.2555,-1,-1,-1,-1,true,unknown
band_limited,100000000,10,std_sort,main,10,2.2504,-1,-1,-1,-1,true,unknown
band_limited,100000000,1,std_stable_sort,main,1,2.10054,-1,-1,-1,-1,true,unknown
band_limited,100000000,2,std_stable_sort,main,2,2.10671,-1,-1,-1,-1,true,unknown
band_limited,100000000,3,std_stable_sort,main,3,2.10293,-1,-1,-1,-1,true,unknown
band_limited,100000000,4,std_stable_sort,main,4,2.1079,-1,-1,-1,-1,true,unknown
band_limited,100000000,5,std_stable_sort,main,5,2.12853,-1,-1,-1,-1,true,unknown
band_limited,100000000,6,std_stable_sort,main,6,2.10886,-1,-1,-1,-1,true,unknown
band_limited,100000000,7,std_stable_sort,main,7,2.10508,-1,-1,-1,-1,true,unknown
band_limited,100000000,8,std_stable_sort,main,8,2.11215,-1,-1,-1,-1,true,unknown
band_limited,100000000,9,std_stable_sort,main,9,2.11667,-1,-1,-1,-1,true,unknown
band_limited,100000000,10,std_stable_sort,main,10,2.11397,-1,-1,-1,-1,true,unknown
band_limited,100000000,1,quicksort,main,1,3.19313,-1,-1,-1,-1,true,unknown
band_limited,100000000,2,quicksort,main,2,3.15996,-1,-1,-1,-1,true,unknown
band_limited,100000000,3,quicksort,main,3,3.16086,-1,-1,-1,-1,true,unknown
band_limited,100000000,4,quicksort,main,4,3.15559,-1,-1,-1,-1,true,unknown
band_limited,100000000,5,quicksort,main,5,3.16503,-1,-1,-1,-1,true,unknown
band_limited,100000000,6,quicksort,main,6,3.16027,-1,-1,-1,-1,true,unknown
band_limited,100000000,7,quicksort,main,7,3.15693,-1,-1,-1,-1,true,unknown
band_limited,100000000,8,quicksort,main,8,3.18442,-1,-1,-1,-1,true,unknown
band_limited,100000000,9,quicksort,main,9,3.16592,-1,-1,-1,-1,true,unknown
band_limited,100000000,10,quicksort,main,10,3.15851,-1,-1,-1,-1,true,unknown
band_limited,100000000,1,mergesort,main,1,2.62037,-1,-1,-1,-1,true,unknown
band_limited,100000000,2,mergesort,main,2,2.62253,-1,-1,-1,-1,true,unknown
band_limited,100000000,3,mergesort,main,3,2.62908,-1,-1,-1,-1,true,unknown
band_limited,100000000,4,mergesort,main,4,2.62737,-1,-1,-1,-1,true,unknown
band_limited,100000000,5,mergesort,main,5,2.63456,-1,-1,-1,-1,true,unknown
band_limited,100000000,6,mergesort,main,6,2.63145,-1,-1,-1,-1,true,unknown
band_limited,100000000,7,mergesort,main,7,2.63126,-1,-1,-1,-1,true,unknown
band_limited,100000000,8,mergesort,main,8,2.65487,-1,-1,-1,-1,true,unknown
band_limited,100000000,9,mergesort,main,9,2.62631,-1,-1,-1,-1,true,unknown
band_limited,100000000,10,mergesort,main,10,2.62086,-1,-1,-1,-1,true,unknown
block_cyclic,1000000,1,laddersort_raw,main,1,0.008068,8,-1,-1,-1,true,unknown
block_cyclic,1000000,2,laddersort_raw,main,2,0.008062,8,-1,-1,-1,true,unknown
block_cyclic,1000000,3,laddersort_raw,main,3,0.007892,8,-1,-1,-1,true,unknown
block_cyclic,1000000,4,laddersort_raw,main,4,0.008053,8,-1,-1,-1,true,unknown
block_cyclic,1000000,5,laddersort_raw,main,5,0.007883,8,-1,-1,-1,true,unknown
block_cyclic,1000000,6,laddersort_raw,main,6,0.008056,8,-1,-1,-1,true,unknown
block_cyclic,1000000,7,laddersort_raw,main,7,0.007911,8,-1,-1,-1,true,unknown
block_cyclic,1000000,8,laddersort_raw,main,8,0.008374,8,-1,-1,-1,true,unknown
block_cyclic,1000000,9,laddersort_raw,main,9,0.008017,8,-1,-1,-1,true,unknown
block_cyclic,1000000,10,laddersort_raw,main,10,0.008179,8,-1,-1,-1,true,unknown
block_cyclic,1000000,1,laddersort_hybrid,main,1,0.008329,8,-1,-1,-1,true,unknown
block_cyclic,1000000,2,laddersort_hybrid,main,2,0.007862,8,-1,-1,-1,true,unknown
block_cyclic,1000000,3,laddersort_hybrid,main,3,0.008065,8,-1,-1,-1,true,unknown
block_cyclic,1000000,4,laddersort_hybrid,main,4,0.007908,8,-1,-1,-1,true,unknown
block_cyclic,1000000,5,laddersort_hybrid,main,5,0.008327,8,-1,-1,-1,true,unknown
block_cyclic,1000000,6,laddersort_hybrid,main,6,0.008143,8,-1,-1,-1,true,unknown
block_cyclic,1000000,7,laddersort_hybrid,main,7,0.008406,8,-1,-1,-1,true,unknown
block_cyclic,1000000,8,laddersort_hybrid,main,8,0.008133,8,-1,-1,-1,true,unknown
block_cyclic,1000000,9,laddersort_hybrid,main,9,0.008239,8,-1,-1,-1,true,unknown
block_cyclic,1000000,10,laddersort_hybrid,main,10,0.008354,8,-1,-1,-1,true,unknown
block_cyclic,1000000,1,timsort,main,1,0.011594,-1,-1,-1,-1,true,unknown
block_cyclic,1000000,2,timsort,main,2,0.011655,-1,-1,-1,-1,true,unknown
block_cyclic,1000000,3,timsort,main,3,0.011506,-1,-1,-1,-1,true,unknown
block_cyclic,1000000,4,timsort,main,4,0.01131,-1,-1,-1,-1,true,unknown
block_cyclic,1000000,5,timsort,main,5,0.011367,-1,-1,-1,-1,true,unknown
block_cyclic,1000000,6,timsort,main,6,0.011796,-1,-1,-1,-1,true,unknown
block_cyclic,1000000,7,timsort,main,7,0.011511,-1,-1,-1,-1,true,unknown
block_cyclic,1000000,8,timsort,main,8,0.011457,-1,-1,-1,-1,true,unknown
block_cyclic,1000000,9,timsort,main,9,0.011835,-1,-1,-1,-1,true,unknown
block_cyclic,1000000,10,timsort,main,10,0.011768,-1,-1,-1,-1,true,unknown
block_cyclic,1000000,1,std_sort,main,1,0.036807,-1,-1,-1,-1,true,unknown
block_cyclic,1000000,2,std_sort,main,2,0.036852,-1,-1,-1,-1,true,unknown
block_cyclic,1000000,3,std_sort,main,3,0.037243,-1,-1,-1,-1,true,unknown
block_cyclic,1000000,4,std_sort,main,4,0.037125,-1,-1,-1,-1,true,unknown
block_cyclic,1000000,5,std_sort,main,5,0.03694,-1,-1,-1,-1,true,unknown
block_cyclic,1000000,6,std_sort,main,6,0.036443,-1,-1,-1,-1,true,unknown
block_cyclic,1000000,7,std_sort,main,7,0.03696,-1,-1,-1,-1,true,unknown
block_cyclic,1000000,8,std_sort,main,8,0.036795,-1,-1,-1,-1,true,unknown
block_cyclic,1000000,9,std_sort,main,9,0.036753,-1,-1,-1,-1,true,unknown
block_cyclic,1000000,10,std_sort,main,10,0.037094,-1,-1,-1,-1,true,unknown
block_cyclic,1000000,1,std_stable_sort,main,1,0.010311,-1,-1,-1,-1,true,unknown
block_cyclic,1000000,2,std_stable_sort,main,2,0.010344,-1,-1,-1,-1,true,unknown
block_cyclic,1000000,3,std_stable_sort,main,3,0.010118,-1,-1,-1,-1,true,unknown
block_cyclic,1000000,4,std_stable_sort,main,4,0.010458,-1,-1,-1,-1,true,unknown
block_cyclic,1000000,5,std_stable_sort,main,5,0.01064,-1,-1,-1,-1,true,unknown
block_cyclic,1000000,6,std_stable_sort,main,6,0.010184,-1,-1,-1,-1,true,unknown
block_cyclic,1000000,7,std_stable_sort,main,7,0.010196,-1,-1,-1,-1,true,unknown
block_cyclic,1000000,8,std_stable_sort,main,8,0.010254,-1,-1,-1,-1,true,unknown
block_cyclic,1000000,9,std_stable_sort,main,9,0.010242,-1,-1,-1,-1,true,unknown
block_cyclic,1000000,10,std_stable_sort,main,10,0.010128,-1,-1,-1,-1,true,unknown
block_cyclic,1000000,1,quicksort,main,1,0.052136,-1,-1,-1,-1,true,unknown
block_cyclic,1000000,2,quicksort,main,2,0.049533,-1,-1,-1,-1,true,unknown
block_cyclic,1000000,3,quicksort,main,3,0.049405,-1,-1,-1,-1,true,unknown
block_cyclic,1000000,4,quicksort,main,4,0.049878,-1,-1,-1,-1,true,unknown
block_cyclic,1000000,5,quicksort,main,5,0.050115,-1,-1,-1,-1,true,unknown
block_cyclic,1000000,6,quicksort,main,6,0.049423,-1,-1,-1,-1,true,unknown
block_cyclic,1000000,7,quicksort,main,7,0.049861,-1,-1,-1,-1,true,unknown
block_cyclic,1000000,8,quicksort,main,8,0.083371,-1,-1,-1,-1,true,unknown
block_cyclic,1000000,9,quicksort,main,9,0.050118,-1,-1,-1,-1,true,unknown
block_cyclic,1000000,10,quicksort,main,10,0.049696,-1,-1,-1,-1,true,unknown
block_cyclic,1000000,1,mergesort,main,1,0.012331,-1,-1,-1,-1,true,unknown
block_cyclic,1000000,2,mergesort,main,2,0.012659,-1,-1,-1,-1,true,unknown
block_cyclic,1000000,3,mergesort,main,3,0.012164,-1,-1,-1,-1,true,unknown
block_cyclic,1000000,4,mergesort,main,4,0.011966,-1,-1,-1,-1,true,unknown
block_cyclic,1000000,5,mergesort,main,5,0.01273,-1,-1,-1,-1,true,unknown
block_cyclic,1000000,6,mergesort,main,6,0.012945,-1,-1,-1,-1,true,unknown
block_cyclic,1000000,7,mergesort,main,7,0.012088,-1,-1,-1,-1,true,unknown
block_cyclic,1000000,8,mergesort,main,8,0.012108,-1,-1,-1,-1,true,unknown
block_cyclic,1000000,9,mergesort,main,9,0.012031,-1,-1,-1,-1,true,unknown
block_cyclic,1000000,10,mergesort,main,10,0.01192,-1,-1,-1,-1,true,unknown
block_cyclic,10000000,1,laddersort_raw,main,1,0.080272,8,-1,-1,-1,true,unknown
block_cyclic,10000000,2,laddersort_raw,main,2,0.079159,8,-1,-1,-1,true,unknown
block_cyclic,10000000,3,laddersort_raw,main,3,0.080009,8,-1,-1,-1,true,unknown
block_cyclic,10000000,4,laddersort_raw,main,4,0.080116,8,-1,-1,-1,true,unknown
block_cyclic,10000000,5,laddersort_raw,main,5,0.079735,8,-1,-1,-1,true,unknown
block_cyclic,10000000,6,laddersort_raw,main,6,0.081915,8,-1,-1,-1,true,unknown
block_cyclic,10000000,7,laddersort_raw,main,7,0.082328,8,-1,-1,-1,true,unknown
block_cyclic,10000000,8,laddersort_raw,main,8,0.082807,8,-1,-1,-1,true,unknown
block_cyclic,10000000,9,laddersort_raw,main,9,0.082648,8,-1,-1,-1,true,unknown
block_cyclic,10000000,10,laddersort_raw,main,10,0.082447,8,-1,-1,-1,true,unknown
block_cyclic,10000000,1,laddersort_hybrid,main,1,0.081861,8,-1,-1,-1,true,unknown
block_cyclic,10000000,2,laddersort_hybrid,main,2,0.079357,8,-1,-1,-1,true,unknown
block_cyclic,10000000,3,laddersort_hybrid,main,3,0.080065,8,-1,-1,-1,true,unknown
block_cyclic,10000000,4,laddersort_hybrid,main,4,0.080379,8,-1,-1,-1,true,unknown
block_cyclic,10000000,5,laddersort_hybrid,main,5,0.082981,8,-1,-1,-1,true,unknown
block_cyclic,10000000,6,laddersort_hybrid,main,6,0.082513,8,-1,-1,-1,true,unknown
block_cyclic,10000000,7,laddersort_hybrid,main,7,0.082518,8,-1,-1,-1,true,unknown
block_cyclic,10000000,8,laddersort_hybrid,main,8,0.082827,8,-1,-1,-1,true,unknown
block_cyclic,10000000,9,laddersort_hybrid,main,9,0.112232,8,-1,-1,-1,true,unknown
block_cyclic,10000000,10,laddersort_hybrid,main,10,0.082867,8,-1,-1,-1,true,unknown
block_cyclic,10000000,1,timsort,main,1,0.11118,-1,-1,-1,-1,true,unknown
block_cyclic,10000000,2,timsort,main,2,0.110829,-1,-1,-1,-1,true,unknown
block_cyclic,10000000,3,timsort,main,3,0.112951,-1,-1,-1,-1,true,unknown
block_cyclic,10000000,4,timsort,main,4,0.111968,-1,-1,-1,-1,true,unknown
block_cyclic,10000000,5,timsort,main,5,0.112262,-1,-1,-1,-1,true,unknown
block_cyclic,10000000,6,timsort,main,6,0.112242,-1,-1,-1,-1,true,unknown
block_cyclic,10000000,7,timsort,main,7,0.112081,-1,-1,-1,-1,true,unknown
block_cyclic,10000000,8,timsort,main,8,0.112371,-1,-1,-1,-1,true,unknown
block_cyclic,10000000,9,timsort,main,9,0.112505,-1,-1,-1,-1,true,unknown
block_cyclic,10000000,10,timsort,main,10,0.112457,-1,-1,-1,-1,true,unknown
block_cyclic,10000000,1,std_sort,main,1,0.443077,-1,-1,-1,-1,true,unknown
block_cyclic,10000000,2,std_sort,main,2,0.443797,-1,-1,-1,-1,true,unknown
block_cyclic,10000000,3,std_sort,main,3,0.44389,-1,-1,-1,-1,true,unknown
block_cyclic,10000000,4,std_sort,main,4,0.444126,-1,-1,-1,-1,true,unknown
block_cyclic,10000000,5,std_sort,main,5,0.443339,-1,-1,-1,-1,true,unknown
block_cyclic,10000000,6,std_sort,main,6,0.441158,-1,-1,-1,-1,true,unknown
block_cyclic,10000000,7,std_sort,main,7,0.470047,-1,-1,-1,-1,true,unknown
block_cyclic,10000000,8,std_sort,main,8,0.441983,-1,-1,-1,-1,true,unknown
block_cyclic,10000000,9,std_sort,main,9,0.44118,-1,-1,-1,-1,true,unknown
block_cyclic,10000000,10,std_sort,main,10,0.442513,-1,-1,-1,-1,true,unknown
block_cyclic,10000000,1,std_stable_sort,main,1,0.116091,-1,-1,-1,-1,true,unknown
block_cyclic,10000000,2,std_stable_sort,main,2,0.116262,-1,-1,-1,-1,true,unknown
block_cyclic,10000000,3,std_stable_sort,main,3,0.117487,-1,-1,-1,-1,true,unknown
block_cyclic,10000000,4,std_stable_sort,main,4,0.117207,-1,-1,-1,-1,true,unknown
block_cyclic,10000000,5,std_stable_sort,main,5,0.118853,-1,-1,-1,-1,true,unknown
block_cyclic,10000000,6,std_stable_sort,main,6,0.117611,-1,-1,-1,-1,true,unknown
block_cyclic,10000000,7,std_stable_sort,main,7,0.117543,-1,-1,-1,-1,true,unknown
block_cyclic,10000000,8,std_stable_sort,main,8,0.116905,-1,-1,-1,-1,true,unknown
block_cyclic,10000000,9,std_stable_sort,main,9,0.117109,-1,-1,-1,-1,true,unknown
block_cyclic,10000000,10,std_stable_sort,main,10,0.11753,-1,-1,-1,-1,true,unknown
block_cyclic,10000000,1,quicksort,main,1,0.577323,-1,-1,-1,-1,true,unknown
block_cyclic,10000000,2,quicksort,main,2,0.610234,-1,-1,-1,-1,true,unknown
block_cyclic,10000000,3,quicksort,main,3,0.576851,-1,-1,-1,-1,true,unknown
block_cyclic,10000000,4,quicksort,main,4,0.575856,-1,-1,-1,-1,true,unknown
block_cyclic,10000000,5,quicksort,main,5,0.576232,-1,-1,-1,-1,true,unknown
block_cyclic,10000000,6,quicksort,main,6,0.576576,-1,-1,-1,-1,true,unknown
block_cyclic,10000000,7,quicksort,main,7,0.577534,-1,-1,-1,-1,true,unknown
block_cyclic,10000000,8,quicksort,main,8,0.576645,-1,-1,-1,-1,true,unknown
block_cyclic,10000000,9,quicksort,main,9,0.576738,-1,-1,-1,-1,true,unknown
block_cyclic,10000000,10,quicksort,main,10,0.575823,-1,-1,-1,-1,true,unknown
block_cyclic,10000000,1,mergesort,main,1,0.130332,-1,-1,-1,-1,true,unknown
block_cyclic,10000000,2,mergesort,main,2,0.130378,-1,-1,-1,-1,true,unknown
block_cyclic,10000000,3,mergesort,main,3,0.131844,-1,-1,-1,-1,true,unknown
block_cyclic,10000000,4,mergesort,main,4,0.163899,-1,-1,-1,-1,true,unknown
block_cyclic,10000000,5,mergesort,main,5,0.130522,-1,-1,-1,-1,true,unknown
block_cyclic,10000000,6,mergesort,main,6,0.131097,-1,-1,-1,-1,true,unknown
block_cyclic,10000000,7,mergesort,main,7,0.131311,-1,-1,-1,-1,true,unknown
block_cyclic,10000000,8,mergesort,main,8,0.131582,-1,-1,-1,-1,true,unknown
block_cyclic,10000000,9,mergesort,main,9,0.131217,-1,-1,-1,-1,true,unknown
block_cyclic,10000000,10,mergesort,main,10,0.131503,-1,-1,-1,-1,true,unknown
block_cyclic,100000000,1,laddersort_raw,main,1,1.06517,8,-1,-1,-1,true,unknown
block_cyclic,100000000,2,laddersort_raw,main,2,0.791948,8,-1,-1,-1,true,unknown
block_cyclic,100000000,3,laddersort_raw,main,3,0.787043,8,-1,-1,-1,true,unknown
block_cyclic,100000000,4,laddersort_raw,main,4,0.786911,8,-1,-1,-1,true,unknown
block_cyclic,100000000,5,laddersort_raw,main,5,0.789582,8,-1,-1,-1,true,unknown
block_cyclic,100000000,6,laddersort_raw,main,6,0.814605,8,-1,-1,-1,true,unknown
block_cyclic,100000000,7,laddersort_raw,main,7,0.856625,8,-1,-1,-1,true,unknown
block_cyclic,100000000,8,laddersort_raw,main,8,0.815269,8,-1,-1,-1,true,unknown
block_cyclic,100000000,9,laddersort_raw,main,9,0.814422,8,-1,-1,-1,true,unknown
block_cyclic,100000000,10,laddersort_raw,main,10,0.814227,8,-1,-1,-1,true,unknown
block_cyclic,100000000,1,laddersort_hybrid,main,1,0.813412,8,-1,-1,-1,true,unknown
block_cyclic,100000000,2,laddersort_hybrid,main,2,0.789406,8,-1,-1,-1,true,unknown
block_cyclic,100000000,3,laddersort_hybrid,main,3,0.788083,8,-1,-1,-1,true,unknown
block_cyclic,100000000,4,laddersort_hybrid,main,4,0.788181,8,-1,-1,-1,true,unknown
block_cyclic,100000000,5,laddersort_hybrid,main,5,0.815995,8,-1,-1,-1,true,unknown
block_cyclic,100000000,6,laddersort_hybrid,main,6,0.816477,8,-1,-1,-1,true,unknown
block_cyclic,100000000,7,laddersort_hybrid,main,7,0.850623,8,-1,-1,-1,true,unknown
block_cyclic,100000000,8,laddersort_hybrid,main,8,0.815788,8,-1,-1,-1,true,unknown
block_cyclic,100000000,9,laddersort_hybrid,main,9,0.81955,8,-1,-1,-1,true,unknown
block_cyclic,100000000,10,laddersort_hybrid,main,10,0.814993,8,-1,-1,-1,true,unknown
block_cyclic,100000000,1,timsort,main,1,1.03137,-1,-1,-1,-1,true,unknown
block_cyclic,100000000,2,timsort,main,2,1.06613,-1,-1,-1,-1,true,unknown
block_cyclic,100000000,3,timsort,main,3,1.04371,-1,-1,-1,-1,true,unknown
block_cyclic,100000000,4,timsort,main,4,1.03854,-1,-1,-1,-1,true,unknown
block_cyclic,100000000,5,timsort,main,5,1.0403,-1,-1,-1,-1,true,unknown
block_cyclic,100000000,6,timsort,main,6,1.07168,-1,-1,-1,-1,true,unknown
block_cyclic,100000000,7,timsort,main,7,1.04055,-1,-1,-1,-1,true,unknown
block_cyclic,100000000,8,timsort,main,8,1.03935,-1,-1,-1,-1,true,unknown
block_cyclic,100000000,9,timsort,main,9,1.03821,-1,-1,-1,-1,true,unknown
block_cyclic,100000000,10,timsort,main,10,1.03819,-1,-1,-1,-1,true,unknown
block_cyclic,100000000,1,std_sort,main,1,4.95644,-1,-1,-1,-1,true,unknown
block_cyclic,100000000,2,std_sort,main,2,4.9806,-1,-1,-1,-1,true,unknown
block_cyclic,100000000,3,std_sort,main,3,5.00928,-1,-1,-1,-1,true,unknown
block_cyclic,100000000,4,std_sort,main,4,4.95214,-1,-1,-1,-1,true,unknown
block_cyclic,100000000,5,std_sort,main,5,4.95976,-1,-1,-1,-1,true,unknown
block_cyclic,100000000,6,std_sort,main,6,4.94859,-1,-1,-1,-1,true,unknown
block_cyclic,100000000,7,std_sort,main,7,4.95076,-1,-1,-1,-1,true,unknown
block_cyclic,100000000,8,std_sort,main,8,4.95775,-1,-1,-1,-1,true,unknown
block_cyclic,100000000,9,std_sort,main,9,4.99067,-1,-1,-1,-1,true,unknown
block_cyclic,100000000,10,std_sort,main,10,4.94776,-1,-1,-1,-1,true,unknown
block_cyclic,100000000,1,std_stable_sort,main,1,1.30634,-1,-1,-1,-1,true,unknown
block_cyclic,100000000,2,std_stable_sort,main,2,1.34272,-1,-1,-1,-1,true,unknown
block_cyclic,100000000,3,std_stable_sort,main,3,1.31421,-1,-1,-1,-1,true,unknown
block_cyclic,100000000,4,std_stable_sort,main,4,1.31707,-1,-1,-1,-1,true,unknown
block_cyclic,100000000,5,std_stable_sort,main,5,1.31143,-1,-1,-1,-1,true,unknown
block_cyclic,100000000,6,std_stable_sort,main,6,1.3125,-1,-1,-1,-1,true,unknown
block_cyclic,100000000,7,std_stable_sort,main,7,1.31858,-1,-1,-1,-1,true,unknown
block_cyclic,100000000,8,std_stable_sort,main,8,1.31059,-1,-1,-1,-1,true,unknown
block_cyclic,100000000,9,std_stable_sort,main,9,1.31285,-1,-1,-1,-1,true,unknown
block_cyclic,100000000,10,std_stable_sort,main,10,1.31023,-1,-1,-1,-1,true,unknown
block_cyclic,100000000,1,quicksort,main,1,6.3581,-1,-1,-1,-1,true,unknown
block_cyclic,100000000,2,quicksort,main,2,6.36832,-1,-1,-1,-1,true,unknown
block_cyclic,100000000,3,quicksort,main,3,6.40326,-1,-1,-1,-1,true,unknown
block_cyclic,100000000,4,quicksort,main,4,6.37104,-1,-1,-1,-1,true,unknown
block_cyclic,100000000,5,quicksort,main,5,6.38403,-1,-1,-1,-1,true,unknown
block_cyclic,100000000,6,quicksort,main,6,6.41189,-1,-1,-1,-1,true,unknown
block_cyclic,100000000,7,quicksort,main,7,6.39121,-1,-1,-1,-1,true,unknown
block_cyclic,100000000,8,quicksort,main,8,6.36092,-1,-1,-1,-1,true,unknown
block_cyclic,100000000,9,quicksort,main,9,6.38055,-1,-1,-1,-1,true,unknown
block_cyclic,100000000,10,quicksort,main,10,6.35954,-1,-1,-1,-1,true,unknown
block_cyclic,100000000,1,mergesort,main,1,1.51405,-1,-1,-1,-1,true,unknown
block_cyclic,100000000,2,mergesort,main,2,1.52364,-1,-1,-1,-1,true,unknown
block_cyclic,100000000,3,mergesort,main,3,1.52654,-1,-1,-1,-1,true,unknown
block_cyclic,100000000,4,mergesort,main,4,1.55646,-1,-1,-1,-1,true,unknown
block_cyclic,100000000,5,mergesort,main,5,1.5224,-1,-1,-1,-1,true,unknown
block_cyclic,100000000,6,mergesort,main,6,1.52722,-1,-1,-1,-1,true,unknown
block_cyclic,100000000,7,mergesort,main,7,1.52393,-1,-1,-1,-1,true,unknown
block_cyclic,100000000,8,mergesort,main,8,1.52364,-1,-1,-1,-1,true,unknown
block_cyclic,100000000,9,mergesort,main,9,1.52624,-1,-1,-1,-1,true,unknown
block_cyclic,100000000,10,mergesort,main,10,1.52387,-1,-1,-1,-1,true,unknown
two_run_riffle,1000000,1,laddersort_raw,main,1,0.007618,2,-1,-1,-1,true,unknown
two_run_riffle,1000000,2,laddersort_raw,main,2,0.006959,2,-1,-1,-1,true,unknown
two_run_riffle,1000000,3,laddersort_raw,main,3,0.006771,2,-1,-1,-1,true,unknown
two_run_riffle,1000000,4,laddersort_raw,main,4,0.006995,2,-1,-1,-1,true,unknown
two_run_riffle,1000000,5,laddersort_raw,main,5,0.011738,2,-1,-1,-1,true,unknown
two_run_riffle,1000000,6,laddersort_raw,main,6,0.009179,2,-1,-1,-1,true,unknown
two_run_riffle,1000000,7,laddersort_raw,main,7,0.006497,2,-1,-1,-1,true,unknown
two_run_riffle,1000000,8,laddersort_raw,main,8,0.006521,2,-1,-1,-1,true,unknown
two_run_riffle,1000000,9,laddersort_raw,main,9,0.006499,2,-1,-1,-1,true,unknown
two_run_riffle,1000000,10,laddersort_raw,main,10,0.006534,2,-1,-1,-1,true,unknown
two_run_riffle,1000000,1,laddersort_hybrid,main,1,0.006744,2,-1,-1,-1,true,unknown
two_run_riffle,1000000,2,laddersort_hybrid,main,2,0.006704,2,-1,-1,-1,true,unknown
two_run_riffle,1000000,3,laddersort_hybrid,main,3,0.006615,2,-1,-1,-1,true,unknown
two_run_riffle,1000000,4,laddersort_hybrid,main,4,0.006553,2,-1,-1,-1,true,unknown
two_run_riffle,1000000,5,laddersort_hybrid,main,5,0.006721,2,-1,-1,-1,true,unknown
two_run_riffle,1000000,6,laddersort_hybrid,main,6,0.006686,2,-1,-1,-1,true,unknown
two_run_riffle,1000000,7,laddersort_hybrid,main,7,0.006637,2,-1,-1,-1,true,unknown
two_run_riffle,1000000,8,laddersort_hybrid,main,8,0.00711,2,-1,-1,-1,true,unknown
two_run_riffle,1000000,9,laddersort_hybrid,main,9,0.006935,2,-1,-1,-1,true,unknown
two_run_riffle,1000000,10,laddersort_hybrid,main,10,0.006712,2,-1,-1,-1,true,unknown
two_run_riffle,1000000,1,timsort,main,1,0.015544,-1,-1,-1,-1,true,unknown
two_run_riffle,1000000,2,timsort,main,2,0.015731,-1,-1,-1,-1,true,unknown
two_run_riffle,1000000,3,timsort,main,3,0.015692,-1,-1,-1,-1,true,unknown
two_run_riffle,1000000,4,timsort,main,4,0.015621,-1,-1,-1,-1,true,unknown
two_run_riffle,1000000,5,timsort,main,5,0.016311,-1,-1,-1,-1,true,unknown
two_run_riffle,1000000,6,timsort,main,6,0.015784,-1,-1,-1,-1,true,unknown
two_run_riffle,1000000,7,timsort,main,7,0.015794,-1,-1,-1,-1,true,unknown
two_run_riffle,1000000,8,timsort,main,8,0.015718,-1,-1,-1,-1,true,unknown
two_run_riffle,1000000,9,timsort,main,9,0.015634,-1,-1,-1,-1,true,unknown
two_run_riffle,1000000,10,timsort,main,10,0.01563,-1,-1,-1,-1,true,unknown
two_run_riffle,1000000,1,std_sort,main,1,0.039732,-1,-1,-1,-1,true,unknown
two_run_riffle,1000000,2,std_sort,main,2,0.043446,-1,-1,-1,-1,true,unknown
two_run_riffle,1000000,3,std_sort,main,3,0.041513,-1,-1,-1,-1,true,unknown
two_run_riffle,1000000,4,std_sort,main,4,0.037967,-1,-1,-1,-1,true,unknown
two_run_riffle,1000000,5,std_sort,main,5,0.037724,-1,-1,-1,-1,true,unknown
two_run_riffle,1000000,6,std_sort,main,6,0.045054,-1,-1,-1,-1,true,unknown
two_run_riffle,1000000,7,std_sort,main,7,0.044022,-1,-1,-1,-1,true,unknown
two_run_riffle,1000000,8,std_sort,main,8,0.043785,-1,-1,-1,-1,true,unknown
two_run_riffle,1000000,9,std_sort,main,9,0.038876,-1,-1,-1,-1,true,unknown
two_run_riffle,1000000,10,std_sort,main,10,0.046637,-1,-1,-1,-1,true,unknown
two_run_riffle,1000000,1,std_stable_sort,main,1,0.013853,-1,-1,-1,-1,true,unknown
two_run_riffle,1000000,2,std_stable_sort,main,2,0.013326,-1,-1,-1,-1,true,unknown
two_run_riffle,1000000,3,std_stable_sort,main,3,0.01358,-1,-1,-1,-1,true,unknown
two_run_riffle,1000000,4,std_stable_sort,main,4,0.013527,-1,-1,-1,-1,true,unknown
two_run_riffle,1000000,5,std_stable_sort,main,5,0.013267,-1,-1,-1,-1,true,unknown
two_run_riffle,1000000,6,std_stable_sort,main,6,0.013744,-1,-1,-1,-1,true,unknown
two_run_riffle,1000000,7,std_stable_sort,main,7,0.013546,-1,-1,-1,-1,true,unknown
two_run_riffle,1000000,8,std_stable_sort,main,8,0.013318,-1,-1,-1,-1,true,unknown
two_run_riffle,1000000,9,std_stable_sort,main,9,0.013416,-1,-1,-1,-1,true,unknown
two_run_riffle,1000000,10,std_stable_sort,main,10,0.013475,-1,-1,-1,-1,true,unknown
two_run_riffle,1000000,1,quicksort,main,1,0.044798,-1,-1,-1,-1,true,unknown
two_run_riffle,1000000,2,quicksort,main,2,0.04571,-1,-1,-1,-1,true,unknown
two_run_riffle,1000000,3,quicksort,main,3,0.04778,-1,-1,-1,-1,true,unknown
two_run_riffle,1000000,4,quicksort,main,4,0.046746,-1,-1,-1,-1,true,unknown
two_run_riffle,1000000,5,quicksort,main,5,0.044925,-1,-1,-1,-1,true,unknown
two_run_riffle,1000000,6,quicksort,main,6,0.04229,-1,-1,-1,-1,true,unknown
two_run_riffle,1000000,7,quicksort,main,7,0.079642,-1,-1,-1,-1,true,unknown
two_run_riffle,1000000,8,quicksort,main,8,0.044323,-1,-1,-1,-1,true,unknown
two_run_riffle,1000000,9,quicksort,main,9,0.046737,-1,-1,-1,-1,true,unknown
two_run_riffle,1000000,10,quicksort,main,10,0.044342,-1,-1,-1,-1,true,unknown
two_run_riffle,1000000,1,mergesort,main,1,0.015661,-1,-1,-1,-1,true,unknown
two_run_riffle,1000000,2,mergesort,main,2,0.015182,-1,-1,-1,-1,true,unknown
two_run_riffle,1000000,3,mergesort,main,3,0.015867,-1,-1,-1,-1,true,unknown
two_run_riffle,1000000,4,mergesort,main,4,0.015344,-1,-1,-1,-1,true,unknown
two_run_riffle,1000000,5,mergesort,main,5,0.015272,-1,-1,-1,-1,true,unknown
two_run_riffle,1000000,6,mergesort,main,6,0.015269,-1,-1,-1,-1,true,unknown
two_run_riffle,1000000,7,mergesort,main,7,0.015698,-1,-1,-1,-1,true,unknown
two_run_riffle,1000000,8,mergesort,main,8,0.015232,-1,-1,-1,-1,true,unknown
two_run_riffle,1000000,9,mergesort,main,9,0.015206,-1,-1,-1,-1,true,unknown
two_run_riffle,1000000,10,mergesort,main,10,0.015278,-1,-1,-1,-1,true,unknown
two_run_riffle,10000000,1,laddersort_raw,main,1,0.067434,2,-1,-1,-1,true,unknown
two_run_riffle,10000000,2,laddersort_raw,main,2,0.066549,2,-1,-1,-1,true,unknown
two_run_riffle,10000000,3,laddersort_raw,main,3,0.065973,2,-1,-1,-1,true,unknown
two_run_riffle,10000000,4,laddersort_raw,main,4,0.065926,2,-1,-1,-1,true,unknown
two_run_riffle,10000000,5,laddersort_raw,main,5,0.066002,2,-1,-1,-1,true,unknown
two_run_riffle,10000000,6,laddersort_raw,main,6,0.066074,2,-1,-1,-1,true,unknown
two_run_riffle,10000000,7,laddersort_raw,main,7,0.065978,2,-1,-1,-1,true,unknown
two_run_riffle,10000000,8,laddersort_raw,main,8,0.065926,2,-1,-1,-1,true,unknown
two_run_riffle,10000000,9,laddersort_raw,main,9,0.065937,2,-1,-1,-1,true,unknown
two_run_riffle,10000000,10,laddersort_raw,main,10,0.066024,2,-1,-1,-1,true,unknown
two_run_riffle,10000000,1,laddersort_hybrid,main,1,0.066284,2,-1,-1,-1,true,unknown
two_run_riffle,10000000,2,laddersort_hybrid,main,2,0.066481,2,-1,-1,-1,true,unknown
two_run_riffle,10000000,3,laddersort_hybrid,main,3,0.066324,2,-1,-1,-1,true,unknown
two_run_riffle,10000000,4,laddersort_hybrid,main,4,0.065976,2,-1,-1,-1,true,unknown
two_run_riffle,10000000,5,laddersort_hybrid,main,5,0.066605,2,-1,-1,-1,true,unknown
two_run_riffle,10000000,6,laddersort_hybrid,main,6,0.066045,2,-1,-1,-1,true,unknown
two_run_riffle,10000000,7,laddersort_hybrid,main,7,0.068666,2,-1,-1,-1,true,unknown
two_run_riffle,10000000,8,laddersort_hybrid,main,8,0.067354,2,-1,-1,-1,true,unknown
two_run_riffle,10000000,9,laddersort_hybrid,main,9,0.07112,2,-1,-1,-1,true,unknown
two_run_riffle,10000000,10,laddersort_hybrid,main,10,0.06607,2,-1,-1,-1,true,unknown
two_run_riffle,10000000,1,timsort,main,1,0.153934,-1,-1,-1,-1,true,unknown
two_run_riffle,10000000,2,timsort,main,2,0.155452,-1,-1,-1,-1,true,unknown
two_run_riffle,10000000,3,timsort,main,3,0.155198,-1,-1,-1,-1,true,unknown
two_run_riffle,10000000,4,timsort,main,4,0.153785,-1,-1,-1,-1,true,unknown
two_run_riffle,10000000,5,timsort,main,5,0.154414,-1,-1,-1,-1,true,unknown
two_run_riffle,10000000,6,timsort,main,6,0.189926,-1,-1,-1,-1,true,unknown
two_run_riffle,10000000,7,timsort,main,7,0.15836,-1,-1,-1,-1,true,unknown
two_run_riffle,10000000,8,timsort,main,8,0.155261,-1,-1,-1,-1,true,unknown
two_run_riffle,10000000,9,timsort,main,9,0.154996,-1,-1,-1,-1,true,unknown
two_run_riffle,10000000,10,timsort,main,10,0.154267,-1,-1,-1,-1,true,unknown
two_run_riffle,10000000,1,std_sort,main,1,0.44818,-1,-1,-1,-1,true,unknown
two_run_riffle,10000000,2,std_sort,main,2,0.536115,-1,-1,-1,-1,true,unknown
two_run_riffle,10000000,3,std_sort,main,3,0.428048,-1,-1,-1,-1,true,unknown
two_run_riffle,10000000,4,std_sort,main,4,0.421808,-1,-1,-1,-1,true,unknown
two_run_riffle,10000000,5,std_sort,main,5,0.399189,-1,-1,-1,-1,true,unknown
two_run_riffle,10000000,6,std_sort,main,6,0.443641,-1,-1,-1,-1,true,unknown
two_run_riffle,10000000,7,std_sort,main,7,0.461002,-1,-1,-1,-1,true,unknown
two_run_riffle,10000000,8,std_sort,main,8,0.479376,-1,-1,-1,-1,true,unknown
two_run_riffle,10000000,9,std_sort,main,9,0.418137,-1,-1,-1,-1,true,unknown
two_run_riffle,10000000,10,std_sort,main,10,0.496405,-1,-1,-1,-1,true,unknown
two_run_riffle,10000000,1,std_stable_sort,main,1,0.14583,-1,-1,-1,-1,true,unknown
two_run_riffle,10000000,2,std_stable_sort,main,2,0.146909,-1,-1,-1,-1,true,unknown
two_run_riffle,10000000,3,std_stable_sort,main,3,0.14623,-1,-1,-1,-1,true,unknown
two_run_riffle,10000000,4,std_stable_sort,main,4,0.146743,-1,-1,-1,-1,true,unknown
two_run_riffle,10000000,5,std_stable_sort,main,5,0.146654,-1,-1,-1,-1,true,unknown
two_run_riffle,10000000,6,std_stable_sort,main,6,0.146514,-1,-1,-1,-1,true,unknown
two_run_riffle,10000000,7,std_stable_sort,main,7,0.146327,-1,-1,-1,-1,true,unknown
two_run_riffle,10000000,8,std_stable_sort,main,8,0.146673,-1,-1,-1,-1,true,unknown
two_run_riffle,10000000,9,std_stable_sort,main,9,0.14678,-1,-1,-1,-1,true,unknown
two_run_riffle,10000000,10,std_stable_sort,main,10,0.147472,-1,-1,-1,-1,true,unknown
two_run_riffle,10000000,1,quicksort,main,1,0.481028,-1,-1,-1,-1,true,unknown
two_run_riffle,10000000,2,quicksort,main,2,0.489368,-1,-1,-1,-1,true,unknown
two_run_riffle,10000000,3,quicksort,main,3,0.500185,-1,-1,-1,-1,true,unknown
two_run_riffle,10000000,4,quicksort,main,4,0.506387,-1,-1,-1,-1,true,unknown
two_run_riffle,10000000,5,quicksort,main,5,0.464431,-1,-1,-1,-1,true,unknown
two_run_riffle,10000000,6,quicksort,main,6,0.509555,-1,-1,-1,-1,true,unknown
two_run_riffle,10000000,7,quicksort,main,7,0.490761,-1,-1,-1,-1,true,unknown
two_run_riffle,10000000,8,quicksort,main,8,0.504268,-1,-1,-1,-1,true,unknown
two_run_riffle,10000000,9,quicksort,main,9,0.487379,-1,-1,-1,-1,true,unknown
two_run_riffle,10000000,10,quicksort,main,10,0.497294,-1,-1,-1,-1,true,unknown
two_run_riffle,10000000,1,mergesort,main,1,0.179443,-1,-1,-1,-1,true,unknown
two_run_riffle,10000000,2,mergesort,main,2,0.166151,-1,-1,-1,-1,true,unknown
two_run_riffle,10000000,3,mergesort,main,3,0.166016,-1,-1,-1,-1,true,unknown
two_run_riffle,10000000,4,mergesort,main,4,0.166051,-1,-1,-1,-1,true,unknown
two_run_riffle,10000000,5,mergesort,main,5,0.165286,-1,-1,-1,-1,true,unknown
two_run_riffle,10000000,6,mergesort,main,6,0.165477,-1,-1,-1,-1,true,unknown
two_run_riffle,10000000,7,mergesort,main,7,0.165597,-1,-1,-1,-1,true,unknown
two_run_riffle,10000000,8,mergesort,main,8,0.166295,-1,-1,-1,-1,true,unknown
two_run_riffle,10000000,9,mergesort,main,9,0.166149,-1,-1,-1,-1,true,unknown
two_run_riffle,10000000,10,mergesort,main,10,0.16521,-1,-1,-1,-1,true,unknown
two_run_riffle,100000000,1,laddersort_raw,main,1,0.773441,2,-1,-1,-1,true,unknown
two_run_riffle,100000000,2,laddersort_raw,main,2,0.666502,2,-1,-1,-1,true,unknown
two_run_riffle,100000000,3,laddersort_raw,main,3,0.682857,2,-1,-1,-1,true,unknown
two_run_riffle,100000000,4,laddersort_raw,main,4,0.891987,2,-1,-1,-1,true,unknown
two_run_riffle,100000000,5,laddersort_raw,main,5,0.747994,2,-1,-1,-1,true,unknown
two_run_riffle,100000000,6,laddersort_raw,main,6,0.675508,2,-1,-1,-1,true,unknown
two_run_riffle,100000000,7,laddersort_raw,main,7,0.664596,2,-1,-1,-1,true,unknown
two_run_riffle,100000000,8,laddersort_raw,main,8,0.66306,2,-1,-1,-1,true,unknown
two_run_riffle,100000000,9,laddersort_raw,main,9,0.666567,2,-1,-1,-1,true,unknown
two_run_riffle,100000000,10,laddersort_raw,main,10,0.802987,2,-1,-1,-1,true,unknown
two_run_riffle,100000000,1,laddersort_hybrid,main,1,0.678078,2,-1,-1,-1,true,unknown
two_run_riffle,100000000,2,laddersort_hybrid,main,2,0.712263,2,-1,-1,-1,true,unknown
two_run_riffle,100000000,3,laddersort_hybrid,main,3,0.757586,2,-1,-1,-1,true,unknown
two_run_riffle,100000000,4,laddersort_hybrid,main,4,0.680239,2,-1,-1,-1,true,unknown
two_run_riffle,100000000,5,laddersort_hybrid,main,5,0.663688,2,-1,-1,-1,true,unknown
two_run_riffle,100000000,6,laddersort_hybrid,main,6,0.66577,2,-1,-1,-1,true,unknown
two_run_riffle,100000000,7,laddersort_hybrid,main,7,0.668889,2,-1,-1,-1,true,unknown
two_run_riffle,100000000,8,laddersort_hybrid,main,8,0.741777,2,-1,-1,-1,true,unknown
two_run_riffle,100000000,9,laddersort_hybrid,main,9,0.754297,2,-1,-1,-1,true,unknown
two_run_riffle,100000000,10,laddersort_hybrid,main,10,0.663009,2,-1,-1,-1,true,unknown
two_run_riffle,100000000,1,timsort,main,1,1.57394,-1,-1,-1,-1,true,unknown
two_run_riffle,100000000,2,timsort,main,2,1.59175,-1,-1,-1,-1,true,unknown
two_run_riffle,100000000,3,timsort,main,3,1.56558,-1,-1,-1,-1,true,unknown
two_run_riffle,100000000,4,timsort,main,4,1.57252,-1,-1,-1,-1,true,unknown
two_run_riffle,100000000,5,timsort,main,5,1.56303,-1,-1,-1,-1,true,unknown
two_run_riffle,100000000,6,timsort,main,6,1.59723,-1,-1,-1,-1,true,unknown
two_run_riffle,100000000,7,timsort,main,7,1.55973,-1,-1,-1,-1,true,unknown
two_run_riffle,100000000,8,timsort,main,8,1.57157,-1,-1,-1,-1,true,unknown
two_run_riffle,100000000,9,timsort,main,9,1.56298,-1,-1,-1,-1,true,unknown
two_run_riffle,100000000,10,timsort,main,10,1.56303,-1,-1,-1,-1,true,unknown
two_run_riffle,100000000,1,std_sort,main,1,4.86151,-1,-1,-1,-1,true,unknown
two_run_riffle,100000000,2,std_sort,main,2,6.01574,-1,-1,-1,-1,true,unknown
two_run_riffle,100000000,3,std_sort,main,3,5.13763,-1,-1,-1,-1,true,unknown
two_run_riffle,100000000,4,std_sort,main,4,4.70038,-1,-1,-1,-1,true,unknown
two_run_riffle,100000000,5,std_sort,main,5,5.07927,-1,-1,-1,-1,true,unknown
two_run_riffle,100000000,6,std_sort,main,6,4.66085,-1,-1,-1,-1,true,unknown
two_run_riffle,100000000,7,std_sort,main,7,4.51739,-1,-1,-1,-1,true,unknown
two_run_riffle,100000000,8,std_sort,main,8,4.4452,-1,-1,-1,-1,true,unknown
two_run_riffle,100000000,9,std_sort,main,9,4.47082,-1,-1,-1,-1,true,unknown
two_run_riffle,100000000,10,std_sort,main,10,5.05607,-1,-1,-1,-1,true,unknown
two_run_riffle,100000000,1,std_stable_sort,main,1,1.58243,-1,-1,-1,-1,true,unknown
two_run_riffle,100000000,2,std_stable_sort,main,2,1.58196,-1,-1,-1,-1,true,unknown
two_run_riffle,100000000,3,std_stable_sort,main,3,1.57919,-1,-1,-1,-1,true,unknown
two_run_riffle,100000000,4,std_stable_sort,main,4,1.60904,-1,-1,-1,-1,true,unknown
two_run_riffle,100000000,5,std_stable_sort,main,5,1.58192,-1,-1,-1,-1,true,unknown
two_run_riffle,100000000,6,std_stable_sort,main,6,1.58546,-1,-1,-1,-1,true,unknown
two_run_riffle,100000000,7,std_stable_sort,main,7,1.60772,-1,-1,-1,-1,true,unknown
two_run_riffle,100000000,8,std_stable_sort,main,8,1.58875,-1,-1,-1,-1,true,unknown
two_run_riffle,100000000,9,std_stable_sort,main,9,1.58357,-1,-1,-1,-1,true,unknown
two_run_riffle,100000000,10,std_stable_sort,main,10,1.58349,-1,-1,-1,-1,true,unknown
two_run_riffle,100000000,1,quicksort,main,1,5.28862,-1,-1,-1,-1,true,unknown
two_run_riffle,100000000,2,quicksort,main,2,5.32735,-1,-1,-1,-1,true,unknown
two_run_riffle,100000000,3,quicksort,main,3,5.63674,-1,-1,-1,-1,true,unknown
two_run_riffle,100000000,4,quicksort,main,4,5.26213,-1,-1,-1,-1,true,unknown
two_run_riffle,100000000,5,quicksort,main,5,5.68821,-1,-1,-1,-1,true,unknown
two_run_riffle,100000000,6,quicksort,main,6,5.3207,-1,-1,-1,-1,true,unknown
two_run_riffle,100000000,7,quicksort,main,7,5.43469,-1,-1,-1,-1,true,unknown
two_run_riffle,100000000,8,quicksort,main,8,5.47159,-1,-1,-1,-1,true,unknown
two_run_riffle,100000000,9,quicksort,main,9,5.46099,-1,-1,-1,-1,true,unknown
two_run_riffle,100000000,10,quicksort,main,10,5.58097,-1,-1,-1,-1,true,unknown
two_run_riffle,100000000,1,mergesort,main,1,1.82371,-1,-1,-1,-1,true,unknown
two_run_riffle,100000000,2,mergesort,main,2,1.82485,-1,-1,-1,-1,true,unknown
two_run_riffle,100000000,3,mergesort,main,3,1.82102,-1,-1,-1,-1,true,unknown
two_run_riffle,100000000,4,mergesort,main,4,1.82107,-1,-1,-1,-1,true,unknown
two_run_riffle,100000000,5,mergesort,main,5,1.8206,-1,-1,-1,-1,true,unknown
two_run_riffle,100000000,6,mergesort,main,6,1.81904,-1,-1,-1,-1,true,unknown
two_run_riffle,100000000,7,mergesort,main,7,1.81996,-1,-1,-1,-1,true,unknown
two_run_riffle,100000000,8,mergesort,main,8,1.81913,-1,-1,-1,-1,true,unknown
two_run_riffle,100000000,9,mergesort,main,9,1.82377,-1,-1,-1,-1,true,unknown
two_run_riffle,100000000,10,mergesort,main,10,1.82022,-1,-1,-1,-1,true,unknown
social_feed,1000000,1,laddersort_raw,main,1,0.010309,24,-1,-1,-1,true,unknown
social_feed,1000000,2,laddersort_raw,main,2,0.01025,24,-1,-1,-1,true,unknown
social_feed,1000000,3,laddersort_raw,main,3,0.010229,24,-1,-1,-1,true,unknown
social_feed,1000000,4,laddersort_raw,main,4,0.017627,24,-1,-1,-1,true,unknown
social_feed,1000000,5,laddersort_raw,main,5,0.010174,24,-1,-1,-1,true,unknown
social_feed,1000000,6,laddersort_raw,main,6,0.010207,24,-1,-1,-1,true,unknown
social_feed,1000000,7,laddersort_raw,main,7,0.010272,24,-1,-1,-1,true,unknown
social_feed,1000000,8,laddersort_raw,main,8,0.009986,24,-1,-1,-1,true,unknown
social_feed,1000000,9,laddersort_raw,main,9,0.01032,24,-1,-1,-1,true,unknown
social_feed,1000000,10,laddersort_raw,main,10,0.010282,24,-1,-1,-1,true,unknown
social_feed,1000000,1,laddersort_hybrid,main,1,0.010139,24,-1,-1,-1,true,unknown
social_feed,1000000,2,laddersort_hybrid,main,2,0.01007,24,-1,-1,-1,true,unknown
social_feed,1000000,3,laddersort_hybrid,main,3,0.010063,24,-1,-1,-1,true,unknown
social_feed,1000000,4,laddersort_hybrid,main,4,0.010159,24,-1,-1,-1,true,unknown
social_feed,1000000,5,laddersort_hybrid,main,5,0.00997,24,-1,-1,-1,true,unknown
social_feed,1000000,6,laddersort_hybrid,main,6,0.010021,24,-1,-1,-1,true,unknown
social_feed,1000000,7,laddersort_hybrid,main,7,0.010391,24,-1,-1,-1,true,unknown
social_feed,1000000,8,laddersort_hybrid,main,8,0.010073,24,-1,-1,-1,true,unknown
social_feed,1000000,9,laddersort_hybrid,main,9,0.010485,24,-1,-1,-1,true,unknown
social_feed,1000000,10,laddersort_hybrid,main,10,0.010559,24,-1,-1,-1,true,unknown
social_feed,1000000,1,timsort,main,1,0.018421,-1,-1,-1,-1,true,unknown
social_feed,1000000,2,timsort,main,2,0.018343,-1,-1,-1,-1,true,unknown
social_feed,1000000,3,timsort,main,3,0.017919,-1,-1,-1,-1,true,unknown
social_feed,1000000,4,timsort,main,4,0.018258,-1,-1,-1,-1,true,unknown
social_feed,1000000,5,timsort,main,5,0.018785,-1,-1,-1,-1,true,unknown
social_feed,1000000,6,timsort,main,6,0.018081,-1,-1,-1,-1,true,unknown
social_feed,1000000,7,timsort,main,7,0.017948,-1,-1,-1,-1,true,unknown
social_feed,1000000,8,timsort,main,8,0.017775,-1,-1,-1,-1,true,unknown
social_feed,1000000,9,timsort,main,9,0.018003,-1,-1,-1,-1,true,unknown
social_feed,1000000,10,timsort,main,10,0.018033,-1,-1,-1,-1,true,unknown
social_feed,1000000,1,std_sort,main,1,0.016151,-1,-1,-1,-1,true,unknown
social_feed,1000000,2,std_sort,main,2,0.016093,-1,-1,-1,-1,true,unknown
social_feed,1000000,3,std_sort,main,3,0.016111,-1,-1,-1,-1,true,unknown
social_feed,1000000,4,std_sort,main,4,0.016383,-1,-1,-1,-1,true,unknown
social_feed,1000000,5,std_sort,main,5,0.016538,-1,-1,-1,-1,true,unknown
social_feed,1000000,6,std_sort,main,6,0.016351,-1,-1,-1,-1,true,unknown
social_feed,1000000,7,std_sort,main,7,0.016057,-1,-1,-1,-1,true,unknown
social_feed,1000000,8,std_sort,main,8,0.01617,-1,-1,-1,-1,true,unknown
social_feed,1000000,9,std_sort,main,9,0.016065,-1,-1,-1,-1,true,unknown
social_feed,1000000,10,std_sort,main,10,0.016201,-1,-1,-1,-1,true,unknown
social_feed,1000000,1,std_stable_sort,main,1,0.013608,-1,-1,-1,-1,true,unknown
social_feed,1000000,2,std_stable_sort,main,2,0.01346,-1,-1,-1,-1,true,unknown
social_feed,1000000,3,std_stable_sort,main,3,0.013634,-1,-1,-1,-1,true,unknown
social_feed,1000000,4,std_stable_sort,main,4,0.013558,-1,-1,-1,-1,true,unknown
social_feed,1000000,5,std_stable_sort,main,5,0.013518,-1,-1,-1,-1,true,unknown
social_feed,1000000,6,std_stable_sort,main,6,0.014272,-1,-1,-1,-1,true,unknown
social_feed,1000000,7,std_stable_sort,main,7,0.013733,-1,-1,-1,-1,true,unknown
social_feed,1000000,8,std_stable_sort,main,8,0.013305,-1,-1,-1,-1,true,unknown
social_feed,1000000,9,std_stable_sort,main,9,0.01355,-1,-1,-1,-1,true,unknown
social_feed,1000000,10,std_stable_sort,main,10,0.013525,-1,-1,-1,-1,true,unknown
social_feed,1000000,1,quicksort,main,1,0.013678,-1,-1,-1,-1,true,unknown
social_feed,1000000,2,quicksort,main,2,0.013647,-1,-1,-1,-1,true,unknown
social_feed,1000000,3,quicksort,main,3,0.013798,-1,-1,-1,-1,true,unknown
social_feed,1000000,4,quicksort,main,4,0.014086,-1,-1,-1,-1,true,unknown
social_feed,1000000,5,quicksort,main,5,0.013779,-1,-1,-1,-1,true,unknown
social_feed,1000000,6,quicksort,main,6,0.014485,-1,-1,-1,-1,true,unknown
social_feed,1000000,7,quicksort,main,7,0.013733,-1,-1,-1,-1,true,unknown
social_feed,1000000,8,quicksort,main,8,0.013769,-1,-1,-1,-1,true,unknown
social_feed,1000000,9,quicksort,main,9,0.014015,-1,-1,-1,-1,true,unknown
social_feed,1000000,10,quicksort,main,10,0.014543,-1,-1,-1,-1,true,unknown
social_feed,1000000,1,mergesort,main,1,0.014305,-1,-1,-1,-1,true,unknown
social_feed,1000000,2,mergesort,main,2,0.014386,-1,-1,-1,-1,true,unknown
social_feed,1000000,3,mergesort,main,3,0.01431,-1,-1,-1,-1,true,unknown
social_feed,1000000,4,mergesort,main,4,0.014401,-1,-1,-1,-1,true,unknown
social_feed,1000000,5,mergesort,main,5,0.014084,-1,-1,-1,-1,true,unknown
social_feed,1000000,6,mergesort,main,6,0.046324,-1,-1,-1,-1,true,unknown
social_feed,1000000,7,mergesort,main,7,0.014292,-1,-1,-1,-1,true,unknown
social_feed,1000000,8,mergesort,main,8,0.014301,-1,-1,-1,-1,true,unknown
social_feed,1000000,9,mergesort,main,9,0.014309,-1,-1,-1,-1,true,unknown
social_feed,1000000,10,mergesort,main,10,0.014136,-1,-1,-1,-1,true,unknown
social_feed,10000000,1,laddersort_raw,main,1,0.098023,24,-1,-1,-1,true,unknown
social_feed,10000000,2,laddersort_raw,main,2,0.099401,24,-1,-1,-1,true,unknown
social_feed,10000000,3,laddersort_raw,main,3,0.098423,24,-1,-1,-1,true,unknown
social_feed,10000000,4,laddersort_raw,main,4,0.098621,24,-1,-1,-1,true,unknown
social_feed,10000000,5,laddersort_raw,main,5,0.097648,24,-1,-1,-1,true,unknown
social_feed,10000000,6,laddersort_raw,main,6,0.097825,24,-1,-1,-1,true,unknown
social_feed,10000000,7,laddersort_raw,main,7,0.097831,24,-1,-1,-1,true,unknown
social_feed,10000000,8,laddersort_raw,main,8,0.096712,24,-1,-1,-1,true,unknown
social_feed,10000000,9,laddersort_raw,main,9,0.098216,24,-1,-1,-1,true,unknown
social_feed,10000000,10,laddersort_raw,main,10,0.098165,24,-1,-1,-1,true,unknown
social_feed,10000000,1,laddersort_hybrid,main,1,0.098077,24,-1,-1,-1,true,unknown
social_feed,10000000,2,laddersort_hybrid,main,2,0.09854,24,-1,-1,-1,true,unknown
social_feed,10000000,3,laddersort_hybrid,main,3,0.097856,24,-1,-1,-1,true,unknown
social_feed,10000000,4,laddersort_hybrid,main,4,0.09829,24,-1,-1,-1,true,unknown
social_feed,10000000,5,laddersort_hybrid,main,5,0.097729,24,-1,-1,-1,true,unknown
social_feed,10000000,6,laddersort_hybrid,main,6,0.097805,24,-1,-1,-1,true,unknown
social_feed,10000000,7,laddersort_hybrid,main,7,0.097864,24,-1,-1,-1,true,unknown
social_feed,10000000,8,laddersort_hybrid,main,8,0.096762,24,-1,-1,-1,true,unknown
social_feed,10000000,9,laddersort_hybrid,main,9,0.098841,24,-1,-1,-1,true,unknown
social_feed,10000000,10,laddersort_hybrid,main,10,0.098702,24,-1,-1,-1,true,unknown
social_feed,10000000,1,timsort,main,1,0.150396,-1,-1,-1,-1,true,unknown
social_feed,10000000,2,timsort,main,2,0.151759,-1,-1,-1,-1,true,unknown
social_feed,10000000,3,timsort,main,3,0.152604,-1,-1,-1,-1,true,unknown
social_feed,10000000,4,timsort,main,4,0.151754,-1,-1,-1,-1,true,unknown
social_feed,10000000,5,timsort,main,5,0.150131,-1,-1,-1,-1,true,unknown
social_feed,10000000,6,timsort,main,6,0.151341,-1,-1,-1,-1,true,unknown
social_feed,10000000,7,timsort,main,7,0.150735,-1,-1,-1,-1,true,unknown
social_feed,10000000,8,timsort,main,8,0.148659,-1,-1,-1,-1,true,unknown
social_feed,10000000,9,timsort,main,9,0.178204,-1,-1,-1,-1,true,unknown
social_feed,10000000,10,timsort,main,10,0.152471,-1,-1,-1,-1,true,unknown
social_feed,10000000,1,std_sort,main,1,0.174776,-1,-1,-1,-1,true,unknown
social_feed,10000000,2,std_sort,main,2,0.17644,-1,-1,-1,-1,true,unknown
social_feed,10000000,3,std_sort,main,3,0.177083,-1,-1,-1,-1,true,unknown
social_feed,10000000,4,std_sort,main,4,0.176174,-1,-1,-1,-1,true,unknown
social_feed,10000000,5,std_sort,main,5,0.179245,-1,-1,-1,-1,true,unknown
social_feed,10000000,6,std_sort,main,6,0.17601,-1,-1,-1,-1,true,unknown
social_feed,10000000,7,std_sort,main,7,0.175714,-1,-1,-1,-1,true,unknown
social_feed,10000000,8,std_sort,main,8,0.177836,-1,-1,-1,-1,true,unknown
social_feed,10000000,9,std_sort,main,9,0.175363,-1,-1,-1,-1,true,unknown
social_feed,10000000,10,std_sort,main,10,0.176069,-1,-1,-1,-1,true,unknown
social_feed,10000000,1,std_stable_sort,main,1,0.143106,-1,-1,-1,-1,true,unknown
social_feed,10000000,2,std_stable_sort,main,2,0.144637,-1,-1,-1,-1,true,unknown
social_feed,10000000,3,std_stable_sort,main,3,0.177845,-1,-1,-1,-1,true,unknown
social_feed,10000000,4,std_stable_sort,main,4,0.14416,-1,-1,-1,-1,true,unknown
social_feed,10000000,5,std_stable_sort,main,5,0.144559,-1,-1,-1,-1,true,unknown
social_feed,10000000,6,std_stable_sort,main,6,0.144588,-1,-1,-1,-1,true,unknown
social_feed,10000000,7,std_stable_sort,main,7,0.143912,-1,-1,-1,-1,true,unknown
social_feed,10000000,8,std_stable_sort,main,8,0.144857,-1,-1,-1,-1,true,unknown
social_feed,10000000,9,std_stable_sort,main,9,0.144346,-1,-1,-1,-1,true,unknown
social_feed,10000000,10,std_stable_sort,main,10,0.143845,-1,-1,-1,-1,true,unknown
social_feed,10000000,1,quicksort,main,1,0.158672,-1,-1,-1,-1,true,unknown
social_feed,10000000,2,quicksort,main,2,0.161107,-1,-1,-1,-1,true,unknown
social_feed,10000000,3,quicksort,main,3,0.161035,-1,-1,-1,-1,true,unknown
social_feed,10000000,4,quicksort,main,4,0.160316,-1,-1,-1,-1,true,unknown
social_feed,10000000,5,quicksort,main,5,0.161707,-1,-1,-1,-1,true,unknown
social_feed,10000000,6,quicksort,main,6,0.159507,-1,-1,-1,-1,true,unknown
social_feed,10000000,7,quicksort,main,7,0.1585,-1,-1,-1,-1,true,unknown
social_feed,10000000,8,quicksort,main,8,0.161761,-1,-1,-1,-1,true,unknown
social_feed,10000000,9,quicksort,main,9,0.160611,-1,-1,-1,-1,true,unknown
social_feed,10000000,10,quicksort,main,10,0.159716,-1,-1,-1,-1,true,unknown
social_feed,10000000,1,mergesort,main,1,0.15731,-1,-1,-1,-1,true,unknown
social_feed,10000000,2,mergesort,main,2,0.157619,-1,-1,-1,-1,true,unknown
social_feed,10000000,3,mergesort,main,3,0.158444,-1,-1,-1,-1,true,unknown
social_feed,10000000,4,mergesort,main,4,0.157896,-1,-1,-1,-1,true,unknown
social_feed,10000000,5,mergesort,main,5,0.158926,-1,-1,-1,-1,true,unknown
social_feed,10000000,6,mergesort,main,6,0.158192,-1,-1,-1,-1,true,unknown
social_feed,10000000,7,mergesort,main,7,0.15763,-1,-1,-1,-1,true,unknown
social_feed,10000000,8,mergesort,main,8,0.158599,-1,-1,-1,-1,true,unknown
social_feed,10000000,9,mergesort,main,9,0.158025,-1,-1,-1,-1,true,unknown
social_feed,10000000,10,mergesort,main,10,0.157211,-1,-1,-1,-1,true,unknown
social_feed,100000000,1,laddersort_raw,main,1,1.15816,24,-1,-1,-1,true,unknown
social_feed,100000000,2,laddersort_raw,main,2,1.29611,24,-1,-1,-1,true,unknown
social_feed,100000000,3,laddersort_raw,main,3,1.25382,24,-1,-1,-1,true,unknown
social_feed,100000000,4,laddersort_raw,main,4,1.28376,24,-1,-1,-1,true,unknown
social_feed,100000000,5,laddersort_raw,main,5,1.25708,24,-1,-1,-1,true,unknown
social_feed,100000000,6,laddersort_raw,main,6,1.30292,24,-1,-1,-1,true,unknown
social_feed,100000000,7,laddersort_raw,main,7,1.28172,24,-1,-1,-1,true,unknown
social_feed,100000000,8,laddersort_raw,main,8,1.2523,24,-1,-1,-1,true,unknown
social_feed,100000000,9,laddersort_raw,main,9,1.27621,24,-1,-1,-1,true,unknown
social_feed,100000000,10,laddersort_raw,main,10,1.23606,24,-1,-1,-1,true,unknown
social_feed,100000000,1,laddersort_hybrid,main,1,1.24237,24,-1,-1,-1,true,unknown
social_feed,100000000,2,laddersort_hybrid,main,2,1.24668,24,-1,-1,-1,true,unknown
social_feed,100000000,3,laddersort_hybrid,main,3,1.20355,24,-1,-1,-1,true,unknown
social_feed,100000000,4,laddersort_hybrid,main,4,1.24387,24,-1,-1,-1,true,unknown
social_feed,100000000,5,laddersort_hybrid,main,5,1.17255,24,-1,-1,-1,true,unknown
social_feed,100000000,6,laddersort_hybrid,main,6,1.33444,24,-1,-1,-1,true,unknown
social_feed,100000000,7,laddersort_hybrid,main,7,1.23341,24,-1,-1,-1,true,unknown
social_feed,100000000,8,laddersort_hybrid,main,8,1.36396,24,-1,-1,-1,true,unknown
social_feed,100000000,9,laddersort_hybrid,main,9,1.22158,24,-1,-1,-1,true,unknown
social_feed,100000000,10,laddersort_hybrid,main,10,1.35617,24,-1,-1,-1,true,unknown
social_feed,100000000,1,timsort,main,1,1.54554,-1,-1,-1,-1,true,unknown
social_feed,100000000,2,timsort,main,2,1.55902,-1,-1,-1,-1,true,unknown
social_feed,100000000,3,timsort,main,3,1.54757,-1,-1,-1,-1,true,unknown
social_feed,100000000,4,timsort,main,4,1.53908,-1,-1,-1,-1,true,unknown
social_feed,100000000,5,timsort,main,5,1.53583,-1,-1,-1,-1,true,unknown
social_feed,100000000,6,timsort,main,6,1.55865,-1,-1,-1,-1,true,unknown
social_feed,100000000,7,timsort,main,7,1.53558,-1,-1,-1,-1,true,unknown
social_feed,100000000,8,timsort,main,8,1.53868,-1,-1,-1,-1,true,unknown
social_feed,100000000,9,timsort,main,9,1.53832,-1,-1,-1,-1,true,unknown
social_feed,100000000,10,timsort,main,10,1.55113,-1,-1,-1,-1,true,unknown
social_feed,100000000,1,std_sort,main,1,1.92449,-1,-1,-1,-1,true,unknown
social_feed,100000000,2,std_sort,main,2,1.96258,-1,-1,-1,-1,true,unknown
social_feed,100000000,3,std_sort,main,3,1.93677,-1,-1,-1,-1,true,unknown
social_feed,100000000,4,std_sort,main,4,1.93792,-1,-1,-1,-1,true,unknown
social_feed,100000000,5,std_sort,main,5,1.93126,-1,-1,-1,-1,true,unknown
social_feed,100000000,6,std_sort,main,6,1.94646,-1,-1,-1,-1,true,unknown
social_feed,100000000,7,std_sort,main,7,1.92314,-1,-1,-1,-1,true,unknown
social_feed,100000000,8,std_sort,main,8,1.9321,-1,-1,-1,-1,true,unknown
social_feed,100000000,9,std_sort,main,9,1.94566,-1,-1,-1,-1,true,unknown
social_feed,100000000,10,std_sort,main,10,1.92326,-1,-1,-1,-1,true,unknown
social_feed,100000000,1,std_stable_sort,main,1,1.55533,-1,-1,-1,-1,true,unknown
social_feed,100000000,2,std_stable_sort,main,2,1.55357,-1,-1,-1,-1,true,unknown
social_feed,100000000,3,std_stable_sort,main,3,1.56537,-1,-1,-1,-1,true,unknown
social_feed,100000000,4,std_stable_sort,main,4,1.56853,-1,-1,-1,-1,true,unknown
social_feed,100000000,5,std_stable_sort,main,5,1.56103,-1,-1,-1,-1,true,unknown
social_feed,100000000,6,std_stable_sort,main,6,1.5593,-1,-1,-1,-1,true,unknown
social_feed,100000000,7,std_stable_sort,main,7,1.55757,-1,-1,-1,-1,true,unknown
social_feed,100000000,8,std_stable_sort,main,8,1.57344,-1,-1,-1,-1,true,unknown
social_feed,100000000,9,std_stable_sort,main,9,1.60995,-1,-1,-1,-1,true,unknown
social_feed,100000000,10,std_stable_sort,main,10,1.59818,-1,-1,-1,-1,true,unknown
social_feed,100000000,1,quicksort,main,1,1.82909,-1,-1,-1,-1,true,unknown
social_feed,100000000,2,quicksort,main,2,1.83214,-1,-1,-1,-1,true,unknown
social_feed,100000000,3,quicksort,main,3,1.83794,-1,-1,-1,-1,true,unknown
social_feed,100000000,4,quicksort,main,4,1.84777,-1,-1,-1,-1,true,unknown
social_feed,100000000,5,quicksort,main,5,1.84728,-1,-1,-1,-1,true,unknown
social_feed,100000000,6,quicksort,main,6,1.87852,-1,-1,-1,-1,true,unknown
social_feed,100000000,7,quicksort,main,7,1.82952,-1,-1,-1,-1,true,unknown
social_feed,100000000,8,quicksort,main,8,1.8492,-1,-1,-1,-1,true,unknown
social_feed,100000000,9,quicksort,main,9,1.85322,-1,-1,-1,-1,true,unknown
social_feed,100000000,10,quicksort,main,10,1.86894,-1,-1,-1,-1,true,unknown
social_feed,100000000,1,mergesort,main,1,1.74482,-1,-1,-1,-1,true,unknown
social_feed,100000000,2,mergesort,main,2,1.74463,-1,-1,-1,-1,true,unknown
social_feed,100000000,3,mergesort,main,3,1.75443,-1,-1,-1,-1,true,unknown
social_feed,100000000,4,mergesort,main,4,1.75708,-1,-1,-1,-1,true,unknown
social_feed,100000000,5,mergesort,main,5,1.74837,-1,-1,-1,-1,true,unknown
social_feed,100000000,6,mergesort,main,6,1.74562,-1,-1,-1,-1,true,unknown
social_feed,100000000,7,mergesort,main,7,1.74608,-1,-1,-1,-1,true,unknown
social_feed,100000000,8,mergesort,main,8,1.75732,-1,-1,-1,-1,true,unknown
social_feed,100000000,9,mergesort,main,9,1.75643,-1,-1,-1,-1,true,unknown
social_feed,100000000,10,mergesort,main,10,1.75049,-1,-1,-1,-1,true,unknown
partial_index,1000000,1,laddersort_raw,main,1,0.010385,16,-1,-1,-1,true,unknown
partial_index,1000000,2,laddersort_raw,main,2,0.009896,16,-1,-1,-1,true,unknown
partial_index,1000000,3,laddersort_raw,main,3,0.011246,16,-1,-1,-1,true,unknown
partial_index,1000000,4,laddersort_raw,main,4,0.011596,16,-1,-1,-1,true,unknown
partial_index,1000000,5,laddersort_raw,main,5,0.010125,16,-1,-1,-1,true,unknown
partial_index,1000000,6,laddersort_raw,main,6,0.012389,16,-1,-1,-1,true,unknown
partial_index,1000000,7,laddersort_raw,main,7,0.010566,16,-1,-1,-1,true,unknown
partial_index,1000000,8,laddersort_raw,main,8,0.012463,16,-1,-1,-1,true,unknown
partial_index,1000000,9,laddersort_raw,main,9,0.01042,16,-1,-1,-1,true,unknown
partial_index,1000000,10,laddersort_raw,main,10,0.010549,16,-1,-1,-1,true,unknown
partial_index,1000000,1,laddersort_hybrid,main,1,0.010729,16,-1,-1,-1,true,unknown
partial_index,1000000,2,laddersort_hybrid,main,2,0.010228,16,-1,-1,-1,true,unknown
partial_index,1000000,3,laddersort_hybrid,main,3,0.011438,16,-1,-1,-1,true,unknown
partial_index,1000000,4,laddersort_hybrid,main,4,0.01123,16,-1,-1,-1,true,unknown
partial_index,1000000,5,laddersort_hybrid,main,5,0.010063,16,-1,-1,-1,true,unknown
partial_index,1000000,6,laddersort_hybrid,main,6,0.012598,16,-1,-1,-1,true,unknown
partial_index,1000000,7,laddersort_hybrid,main,7,0.011489,16,-1,-1,-1,true,unknown
partial_index,1000000,8,laddersort_hybrid,main,8,0.012737,16,-1,-1,-1,true,unknown
partial_index,1000000,9,laddersort_hybrid,main,9,0.010576,16,-1,-1,-1,true,unknown
partial_index,1000000,10,laddersort_hybrid,main,10,0.01057,16,-1,-1,-1,true,unknown
partial_index,1000000,1,timsort,main,1,0.01654,-1,-1,-1,-1,true,unknown
partial_index,1000000,2,timsort,main,2,0.016812,-1,-1,-1,-1,true,unknown
partial_index,1000000,3,timsort,main,3,0.016622,-1,-1,-1,-1,true,unknown
partial_index,1000000,4,timsort,main,4,0.016401,-1,-1,-1,-1,true,unknown
partial_index,1000000,5,timsort,main,5,0.016674,-1,-1,-1,-1,true,unknown
partial_index,1000000,6,timsort,main,6,0.016668,-1,-1,-1,-1,true,unknown
partial_index,1000000,7,timsort,main,7,0.016727,-1,-1,-1,-1,true,unknown
partial_index,1000000,8,timsort,main,8,0.016486,-1,-1,-1,-1,true,unknown
partial_index,1000000,9,timsort,main,9,0.016535,-1,-1,-1,-1,true,unknown
partial_index,1000000,10,timsort,main,10,0.016523,-1,-1,-1,-1,true,unknown
partial_index,1000000,1,std_sort,main,1,0.025851,-1,-1,-1,-1,true,unknown
partial_index,1000000,2,std_sort,main,2,0.025969,-1,-1,-1,-1,true,unknown
partial_index,1000000,3,std_sort,main,3,0.025822,-1,-1,-1,-1,true,unknown
partial_index,1000000,4,std_sort,main,4,0.053077,-1,-1,-1,-1,true,unknown
partial_index,1000000,5,std_sort,main,5,0.028034,-1,-1,-1,-1,true,unknown
partial_index,1000000,6,std_sort,main,6,0.025939,-1,-1,-1,-1,true,unknown
partial_index,1000000,7,std_sort,main,7,0.026283,-1,-1,-1,-1,true,unknown
partial_index,1000000,8,std_sort,main,8,0.025914,-1,-1,-1,-1,true,unknown
partial_index,1000000,9,std_sort,main,9,0.025877,-1,-1,-1,-1,true,unknown
partial_index,1000000,10,std_sort,main,10,0.025855,-1,-1,-1,-1,true,unknown
partial_index,1000000,1,std_stable_sort,main,1,0.018106,-1,-1,-1,-1,true,unknown
partial_index,1000000,2,std_stable_sort,main,2,0.018058,-1,-1,-1,-1,true,unknown
partial_index,1000000,3,std_stable_sort,main,3,0.017899,-1,-1,-1,-1,true,unknown
partial_index,1000000,4,std_stable_sort,main,4,0.017906,-1,-1,-1,-1,true,unknown
partial_index,1000000,5,std_stable_sort,main,5,0.018283,-1,-1,-1,-1,true,unknown
partial_index,1000000,6,std_stable_sort,main,6,0.017924,-1,-1,-1,-1,true,unknown
partial_index,1000000,7,std_stable_sort,main,7,0.017802,-1,-1,-1,-1,true,unknown
partial_index,1000000,8,std_stable_sort,main,8,0.017935,-1,-1,-1,-1,true,unknown
partial_index,1000000,9,std_stable_sort,main,9,0.017775,-1,-1,-1,-1,true,unknown
partial_index,1000000,10,std_stable_sort,main,10,0.018027,-1,-1,-1,-1,true,unknown
partial_index,1000000,1,quicksort,main,1,0.029872,-1,-1,-1,-1,true,unknown
partial_index,1000000,2,quicksort,main,2,0.029569,-1,-1,-1,-1,true,unknown
partial_index,1000000,3,quicksort,main,3,0.030819,-1,-1,-1,-1,true,unknown
partial_index,1000000,4,quicksort,main,4,0.030122,-1,-1,-1,-1,true,unknown
partial_index,1000000,5,quicksort,main,5,0.029621,-1,-1,-1,-1,true,unknown
partial_index,1000000,6,quicksort,main,6,0.029635,-1,-1,-1,-1,true,unknown
partial_index,1000000,7,quicksort,main,7,0.029214,-1,-1,-1,-1,true,unknown
partial_index,1000000,8,quicksort,main,8,0.029723,-1,-1,-1,-1,true,unknown
partial_index,1000000,9,quicksort,main,9,0.02977,-1,-1,-1,-1,true,unknown
partial_index,1000000,10,quicksort,main,10,0.029885,-1,-1,-1,-1,true,unknown
partial_index,1000000,1,mergesort,main,1,0.018744,-1,-1,-1,-1,true,unknown
partial_index,1000000,2,mergesort,main,2,0.018815,-1,-1,-1,-1,true,unknown
partial_index,1000000,3,mergesort,main,3,0.018684,-1,-1,-1,-1,true,unknown
partial_index,1000000,4,mergesort,main,4,0.018815,-1,-1,-1,-1,true,unknown
partial_index,1000000,5,mergesort,main,5,0.01915,-1,-1,-1,-1,true,unknown
partial_index,1000000,6,mergesort,main,6,0.018683,-1,-1,-1,-1,true,unknown
partial_index,1000000,7,mergesort,main,7,0.018595,-1,-1,-1,-1,true,unknown
partial_index,1000000,8,mergesort,main,8,0.018608,-1,-1,-1,-1,true,unknown
partial_index,1000000,9,mergesort,main,9,0.018555,-1,-1,-1,-1,true,unknown
partial_index,1000000,10,mergesort,main,10,0.018582,-1,-1,-1,-1,true,unknown
partial_index,10000000,1,laddersort_raw,main,1,0.109937,16,-1,-1,-1,true,unknown
partial_index,10000000,2,laddersort_raw,main,2,0.098774,16,-1,-1,-1,true,unknown
partial_index,10000000,3,laddersort_raw,main,3,0.112072,16,-1,-1,-1,true,unknown
partial_index,10000000,4,laddersort_raw,main,4,0.112804,16,-1,-1,-1,true,unknown
partial_index,10000000,5,laddersort_raw,main,5,0.104526,16,-1,-1,-1,true,unknown
partial_index,10000000,6,laddersort_raw,main,6,0.112016,16,-1,-1,-1,true,unknown
partial_index,10000000,7,laddersort_raw,main,7,0.106194,16,-1,-1,-1,true,unknown
partial_index,10000000,8,laddersort_raw,main,8,0.102915,16,-1,-1,-1,true,unknown
partial_index,10000000,9,laddersort_raw,main,9,0.10306,16,-1,-1,-1,true,unknown
partial_index,10000000,10,laddersort_raw,main,10,0.095716,16,-1,-1,-1,true,unknown
partial_index,10000000,1,laddersort_hybrid,main,1,0.110783,16,-1,-1,-1,true,unknown
partial_index,10000000,2,laddersort_hybrid,main,2,0.098886,16,-1,-1,-1,true,unknown
partial_index,10000000,3,laddersort_hybrid,main,3,0.11225,16,-1,-1,-1,true,unknown
partial_index,10000000,4,laddersort_hybrid,main,4,0.113589,16,-1,-1,-1,true,unknown
partial_index,10000000,5,laddersort_hybrid,main,5,0.103165,16,-1,-1,-1,true,unknown
partial_index,10000000,6,laddersort_hybrid,main,6,0.112898,16,-1,-1,-1,true,unknown
partial_index,10000000,7,laddersort_hybrid,main,7,0.106588,16,-1,-1,-1,true,unknown
partial_index,10000000,8,laddersort_hybrid,main,8,0.103269,16,-1,-1,-1,true,unknown
partial_index,10000000,9,laddersort_hybrid,main,9,0.103025,16,-1,-1,-1,true,unknown
partial_index,10000000,10,laddersort_hybrid,main,10,0.095812,16,-1,-1,-1,true,unknown
partial_index,10000000,1,timsort,main,1,0.145868,-1,-1,-1,-1,true,unknown
partial_index,10000000,2,timsort,main,2,0.146579,-1,-1,-1,-1,true,unknown
partial_index,10000000,3,timsort,main,3,0.145966,-1,-1,-1,-1,true,unknown
partial_index,10000000,4,timsort,main,4,0.146303,-1,-1,-1,-1,true,unknown
partial_index,10000000,5,timsort,main,5,0.170168,-1,-1,-1,-1,true,unknown
partial_index,10000000,6,timsort,main,6,0.147647,-1,-1,-1,-1,true,unknown
partial_index,10000000,7,timsort,main,7,0.145193,-1,-1,-1,-1,true,unknown
partial_index,10000000,8,timsort,main,8,0.146193,-1,-1,-1,-1,true,unknown
partial_index,10000000,9,timsort,main,9,0.147016,-1,-1,-1,-1,true,unknown
partial_index,10000000,10,timsort,main,10,0.146315,-1,-1,-1,-1,true,unknown
partial_index,10000000,1,std_sort,main,1,0.276589,-1,-1,-1,-1,true,unknown
partial_index,10000000,2,std_sort,main,2,0.278836,-1,-1,-1,-1,true,unknown
partial_index,10000000,3,std_sort,main,3,0.276996,-1,-1,-1,-1,true,unknown
partial_index,10000000,4,std_sort,main,4,0.277142,-1,-1,-1,-1,true,unknown
partial_index,10000000,5,std_sort,main,5,0.27678,-1,-1,-1,-1,true,unknown
partial_index,10000000,6,std_sort,main,6,0.274884,-1,-1,-1,-1,true,unknown
partial_index,10000000,7,std_sort,main,7,0.27724,-1,-1,-1,-1,true,unknown
partial_index,10000000,8,std_sort,main,8,0.298417,-1,-1,-1,-1,true,unknown
partial_index,10000000,9,std_sort,main,9,0.276681,-1,-1,-1,-1,true,unknown
partial_index,10000000,10,std_sort,main,10,0.274725,-1,-1,-1,-1,true,unknown
partial_index,10000000,1,std_stable_sort,main,1,0.185589,-1,-1,-1,-1,true,unknown
partial_index,10000000,2,std_stable_sort,main,2,0.186743,-1,-1,-1,-1,true,unknown
partial_index,10000000,3,std_stable_sort,main,3,0.187255,-1,-1,-1,-1,true,unknown
partial_index,10000000,4,std_stable_sort,main,4,0.186027,-1,-1,-1,-1,true,unknown
partial_index,10000000,5,std_stable_sort,main,5,0.187215,-1,-1,-1,-1,true,unknown
partial_index,10000000,6,std_stable_sort,main,6,0.186178,-1,-1,-1,-1,true,unknown
partial_index,10000000,7,std_stable_sort,main,7,0.186651,-1,-1,-1,-1,true,unknown
partial_index,10000000,8,std_stable_sort,main,8,0.1868,-1,-1,-1,-1,true,unknown
partial_index,10000000,9,std_stable_sort,main,9,0.186627,-1,-1,-1,-1,true,unknown
partial_index,10000000,10,std_stable_sort,main,10,0.18744,-1,-1,-1,-1,true,unknown
partial_index,10000000,1,quicksort,main,1,0.326132,-1,-1,-1,-1,true,unknown
partial_index,10000000,2,quicksort,main,2,0.328395,-1,-1,-1,-1,true,unknown
partial_index,10000000,3,quicksort,main,3,0.326135,-1,-1,-1,-1,true,unknown
partial_index,10000000,4,quicksort,main,4,0.326979,-1,-1,-1,-1,true,unknown
partial_index,10000000,5,quicksort,main,5,0.325258,-1,-1,-1,-1,true,unknown
partial_index,10000000,6,quicksort,main,6,0.325317,-1,-1,-1,-1,true,unknown
partial_index,10000000,7,quicksort,main,7,0.324431,-1,-1,-1,-1,true,unknown
partial_index,10000000,8,quicksort,main,8,0.325297,-1,-1,-1,-1,true,unknown
partial_index,10000000,9,quicksort,main,9,0.322769,-1,-1,-1,-1,true,unknown
partial_index,10000000,10,quicksort,main,10,0.322343,-1,-1,-1,-1,true,unknown
partial_index,10000000,1,mergesort,main,1,0.197994,-1,-1,-1,-1,true,unknown
partial_index,10000000,2,mergesort,main,2,0.199448,-1,-1,-1,-1,true,unknown
partial_index,10000000,3,mergesort,main,3,0.199878,-1,-1,-1,-1,true,unknown
partial_index,10000000,4,mergesort,main,4,0.198303,-1,-1,-1,-1,true,unknown
partial_index,10000000,5,mergesort,main,5,0.198783,-1,-1,-1,-1,true,unknown
partial_index,10000000,6,mergesort,main,6,0.198199,-1,-1,-1,-1,true,unknown
partial_index,10000000,7,mergesort,main,7,0.199344,-1,-1,-1,-1,true,unknown
partial_index,10000000,8,mergesort,main,8,0.199339,-1,-1,-1,-1,true,unknown
partial_index,10000000,9,mergesort,main,9,0.199508,-1,-1,-1,-1,true,unknown
partial_index,10000000,10,mergesort,main,10,0.199413,-1,-1,-1,-1,true,unknown
partial_index,100000000,1,laddersort_raw,main,1,1.30201,16,-1,-1,-1,true,unknown
partial_index,100000000,2,laddersort_raw,main,2,1.3977,16,-1,-1,-1,true,unknown
partial_index,100000000,3,laddersort_raw,main,3,1.38524,16,-1,-1,-1,true,unknown
partial_index,100000000,4,laddersort_raw,main,4,1.36036,16,-1,-1,-1,true,unknown
partial_index,100000000,5,laddersort_raw,main,5,1.3234,16,-1,-1,-1,true,unknown
partial_index,100000000,6,laddersort_raw,main,6,1.25827,16,-1,-1,-1,true,unknown
partial_index,100000000,7,laddersort_raw,main,7,1.47139,16,-1,-1,-1,true,unknown
partial_index,100000000,8,laddersort_raw,main,8,1.32199,16,-1,-1,-1,true,unknown
partial_index,100000000,9,laddersort_raw,main,9,1.21734,16,-1,-1,-1,true,unknown
partial_index,100000000,10,laddersort_raw,main,10,1.41177,16,-1,-1,-1,true,unknown
partial_index,100000000,1,laddersort_hybrid,main,1,1.97269,16,-1,-1,-1,true,unknown
partial_index,100000000,2,laddersort_hybrid,main,2,1.86479,16,-1,-1,-1,true,unknown
partial_index,100000000,3,laddersort_hybrid,main,3,1.1766,16,-1,-1,-1,true,unknown
partial_index,100000000,4,laddersort_hybrid,main,4,2.04871,16,-1,-1,-1,true,unknown
partial_index,100000000,5,laddersort_hybrid,main,5,2.0067,16,-1,-1,-1,true,unknown
partial_index,100000000,6,laddersort_hybrid,main,6,1.3868,16,-1,-1,-1,true,unknown
partial_index,100000000,7,laddersort_hybrid,main,7,1.90482,16,-1,-1,-1,true,unknown
partial_index,100000000,8,laddersort_hybrid,main,8,1.97213,16,-1,-1,-1,true,unknown
partial_index,100000000,9,laddersort_hybrid,main,9,1.99269,16,-1,-1,-1,true,unknown
partial_index,100000000,10,laddersort_hybrid,main,10,2.02305,16,-1,-1,-1,true,unknown
partial_index,100000000,1,timsort,main,1,1.50902,-1,-1,-1,-1,true,unknown
partial_index,100000000,2,timsort,main,2,1.51004,-1,-1,-1,-1,true,unknown
partial_index,100000000,3,timsort,main,3,1.52675,-1,-1,-1,-1,true,unknown
partial_index,100000000,4,timsort,main,4,1.51042,-1,-1,-1,-1,true,unknown
partial_index,100000000,5,timsort,main,5,1.50783,-1,-1,-1,-1,true,unknown
partial_index,100000000,6,timsort,main,6,1.51936,-1,-1,-1,-1,true,unknown
partial_index,100000000,7,timsort,main,7,1.5726,-1,-1,-1,-1,true,unknown
partial_index,100000000,8,timsort,main,8,1.51506,-1,-1,-1,-1,true,unknown
partial_index,100000000,9,timsort,main,9,1.56993,-1,-1,-1,-1,true,unknown
partial_index,100000000,10,timsort,main,10,1.53219,-1,-1,-1,-1,true,unknown
partial_index,100000000,1,std_sort,main,1,2.97793,-1,-1,-1,-1,true,unknown
partial_index,100000000,2,std_sort,main,2,2.99769,-1,-1,-1,-1,true,unknown
partial_index,100000000,3,std_sort,main,3,3.02013,-1,-1,-1,-1,true,unknown
partial_index,100000000,4,std_sort,main,4,2.9821,-1,-1,-1,-1,true,unknown
partial_index,100000000,5,std_sort,main,5,2.95312,-1,-1,-1,-1,true,unknown
partial_index,100000000,6,std_sort,main,6,2.98754,-1,-1,-1,-1,true,unknown
partial_index,100000000,7,std_sort,main,7,2.96742,-1,-1,-1,-1,true,unknown
partial_index,100000000,8,std_sort,main,8,2.99956,-1,-1,-1,-1,true,unknown
partial_index,100000000,9,std_sort,main,9,2.9732,-1,-1,-1,-1,true,unknown
partial_index,100000000,10,std_sort,main,10,2.97697,-1,-1,-1,-1,true,unknown
partial_index,100000000,1,std_stable_sort,main,1,1.97507,-1,-1,-1,-1,true,unknown
partial_index,100000000,2,std_stable_sort,main,2,1.97653,-1,-1,-1,-1,true,unknown
partial_index,100000000,3,std_stable_sort,main,3,1.98567,-1,-1,-1,-1,true,unknown
partial_index,100000000,4,std_stable_sort,main,4,1.98793,-1,-1,-1,-1,true,unknown
partial_index,100000000,5,std_stable_sort,main,5,2.00155,-1,-1,-1,-1,true,unknown
partial_index,100000000,6,std_stable_sort,main,6,2.0007,-1,-1,-1,-1,true,unknown
partial_index,100000000,7,std_stable_sort,main,7,1.98318,-1,-1,-1,-1,true,unknown
partial_index,100000000,8,std_stable_sort,main,8,1.98962,-1,-1,-1,-1,true,unknown
partial_index,100000000,9,std_stable_sort,main,9,2.00589,-1,-1,-1,-1,true,unknown
partial_index,100000000,10,std_stable_sort,main,10,2.02391,-1,-1,-1,-1,true,unknown
partial_index,100000000,1,quicksort,main,1,3.58224,-1,-1,-1,-1,true,unknown
partial_index,100000000,2,quicksort,main,2,3.60693,-1,-1,-1,-1,true,unknown
partial_index,100000000,3,quicksort,main,3,3.61961,-1,-1,-1,-1,true,unknown
partial_index,100000000,4,quicksort,main,4,3.56766,-1,-1,-1,-1,true,unknown
partial_index,100000000,5,quicksort,main,5,3.58431,-1,-1,-1,-1,true,unknown
partial_index,100000000,6,quicksort,main,6,3.61235,-1,-1,-1,-1,true,unknown
partial_index,100000000,7,quicksort,main,7,3.58498,-1,-1,-1,-1,true,unknown
partial_index,100000000,8,quicksort,main,8,3.60392,-1,-1,-1,-1,true,unknown
partial_index,100000000,9,quicksort,main,9,3.61708,-1,-1,-1,-1,true,unknown
partial_index,100000000,10,quicksort,main,10,3.61019,-1,-1,-1,-1,true,unknown
partial_index,100000000,1,mergesort,main,1,2.14492,-1,-1,-1,-1,true,unknown
partial_index,100000000,2,mergesort,main,2,2.13061,-1,-1,-1,-1,true,unknown
partial_index,100000000,3,mergesort,main,3,2.14988,-1,-1,-1,-1,true,unknown
partial_index,100000000,4,mergesort,main,4,2.15013,-1,-1,-1,-1,true,unknown
partial_index,100000000,5,mergesort,main,5,2.22537,-1,-1,-1,-1,true,unknown
partial_index,100000000,6,mergesort,main,6,2.1476,-1,-1,-1,-1,true,unknown
partial_index,100000000,7,mergesort,main,7,2.14121,-1,-1,-1,-1,true,unknown
partial_index,100000000,8,mergesort,main,8,2.13869,-1,-1,-1,-1,true,unknown
partial_index,100000000,9,mergesort,main,9,2.14917,-1,-1,-1,-1,true,unknown
partial_index,100000000,10,mergesort,main,10,2.15145,-1,-1,-1,-1,true,unknown
